2026/07/26 09:23:46 [CONFIG] SPAXEL_BIND_ADDR=127.0.0.1:8088
2026/07/26 09:23:46 [CONFIG] SPAXEL_DATA_DIR=/tmp/spaxel-dashconsole-data-1vGInl
2026/07/26 09:23:46 [CONFIG] SPAXEL_STATIC_DIR=/dashboard
2026/07/26 09:23:46 [CONFIG] SPAXEL_SEED_FIRMWARE_DIR=/firmware
2026/07/26 09:23:46 [CONFIG] SPAXEL_MDNS_ENABLED=false
2026/07/26 09:23:46 [CONFIG] SPAXEL_MDNS_NAME=spaxel
2026/07/26 09:23:46 [CONFIG] SPAXEL_LOG_LEVEL=warn
2026/07/26 09:23:46 [CONFIG] SPAXEL_FUSION_RATE_HZ=10
2026/07/26 09:23:46 [CONFIG] SPAXEL_REPLAY_MAX_MB=360
2026/07/26 09:23:46 [CONFIG] SPAXEL_INSTALL_SECRET=(not set, will auto-generate)
2026/07/26 09:23:46 [CONFIG] SPAXEL_NTP_SERVER=pool.ntp.org
2026/07/26 09:23:46 [CONFIG] TZ=UTC
2026/07/26 09:23:46 [INFO] Spaxel mothership vdev starting
2026/07/26 09:23:46 [DEBUG] Config: bind=127.0.0.1:8088 data=/tmp/spaxel-dashconsole-data-1vGInl static=/dashboard mdns=spaxel
2026/07/26 09:23:46 [PHASE 1/7 — Data directory]
2026/07/26 09:23:46 [PHASE 1/7 OK] (0ms)
2026/07/26 09:23:46 [PHASE 2/7 — SQLite]
2026/07/26 09:23:46 [PHASE 2/7 OK] (7ms)
2026/07/26 09:23:46 [PHASE 3/7 — Schema migrations]
2026/07/26 09:23:46 [INFO] Initializing new database
2026/07/26 09:23:46 [INFO] Pre-migration backup created: /tmp/spaxel-dashconsole-data-1vGInl/backups/pre-upgrade-v0-to-v18-20260726-092346.sqlite
2026/07/26 09:23:46 [INFO] Applying migration 1: initial schema
2026/07/26 09:23:46 [INFO] Migration 1 applied successfully
2026/07/26 09:23:46 [INFO] Applying migration 2: add diurnal_baselines table
2026/07/26 09:23:46 [INFO] Migration 2 applied successfully
2026/07/26 09:23:46 [INFO] Applying migration 3: add anomaly_patterns table
2026/07/26 09:23:46 [INFO] Migration 3 applied successfully
2026/07/26 09:23:46 [INFO] Applying migration 4: add prediction_models table
2026/07/26 09:23:46 [INFO] Migration 4 applied successfully
2026/07/26 09:23:46 [INFO] Applying migration 5: add ble_device_aliases table
2026/07/26 09:23:46 [INFO] Migration 5 applied successfully
2026/07/26 09:23:46 [INFO] Applying migration 6: add virtual node columns for passive radar AP
2026/07/26 09:23:46 [INFO] Migration 6 applied successfully
2026/07/26 09:23:46 [INFO] Applying migration 7: add webhook_log, trigger_state tables and trigger error columns
2026/07/26 09:23:46 [INFO] Migration 7 applied successfully
2026/07/26 09:23:46 [INFO] Applying migration 8: add breathing anomaly columns to sleep_records
2026/07/26 09:23:46 [INFO] Migration 8 applied successfully
2026/07/26 09:23:46 [INFO] Applying migration 9: add unique constraint on sleep_records person+date
2026/07/26 09:23:46 [INFO] Migration 9 applied successfully
2026/07/26 09:23:46 [INFO] Applying migration 10: add floorplan table for image upload and calibration
2026/07/26 09:23:46 [INFO] Migration 10 applied successfully
2026/07/26 09:23:46 [INFO] Applying migration 11: add FTS5 table and triggers for events search
2026/07/26 09:23:46 [INFO] Migration 11 applied successfully
2026/07/26 09:23:46 [INFO] Applying migration 12: add crowd flow visualization tables
2026/07/26 09:23:46 [INFO] Migration 12 applied successfully
2026/07/26 09:23:46 [INFO] Applying migration 13: add person and sections_json columns to briefings table
2026/07/26 09:23:46 [INFO] Migration 13 applied successfully
2026/07/26 09:23:46 [INFO] Applying migration 14: add id, delivered, acknowledged columns to briefings table
2026/07/26 09:23:46 [INFO] Migration 14 applied successfully
2026/07/26 09:23:46 [INFO] Applying migration 15: add feature_notifications table for feature discovery
2026/07/26 09:23:46 [INFO] Migration 15 applied successfully
2026/07/26 09:23:46 [INFO] Applying migration 16: add crossing_events table for portal crossing log
2026/07/26 09:23:46 [INFO] Migration 16 applied successfully
2026/07/26 09:23:46 [INFO] Applying migration 17: add predicted_enter to triggers table CHECK constraint
2026/07/26 09:23:46 [INFO] Migration 17 applied successfully
2026/07/26 09:23:46 [INFO] Applying migration 18: add prediction subsystem tables
2026/07/26 09:23:46 [INFO] Migration 18 applied successfully
2026/07/26 09:23:46 [INFO] All migrations applied successfully (version 0 → 18)
2026/07/26 09:23:46 [INFO] Schema migration complete (version 18)
2026/07/26 09:23:46 [PHASE 3/7 OK] (27ms)
2026/07/26 09:23:46 [PHASE 4/7 — Config & secrets]
2026/07/26 09:23:46 [PHASE 4/7 OK] (0ms)
2026/07/26 09:23:46 [INFO] Main database at /tmp/spaxel-dashconsole-data-1vGInl/spaxel.db
2026/07/26 09:23:46 [INFO] Events handler initialized (shared DB)
2026/07/26 09:23:46 [INFO] Events handler initialized (shared DB)
2026/07/26 09:23:46 [INFO] Timeline storage subscriber started
2026/07/26 09:23:46 [DEBUG] Install secret loaded from database
2026/07/26 09:23:46 [INFO] Auth API registered at /api/auth/*
2026/07/26 09:23:46 [INFO] Settings API registered at /api/settings
2026/07/26 09:23:46 [INFO] Integration settings API registered at /api/settings/integration
2026/07/26 09:23:46 [INFO] Notification settings API registered at /api/settings/notifications
2026/07/26 09:23:46 [INFO] Notifications API registered at /api/notifications/*
2026/07/26 09:23:46 [INFO] Feature discovery notifications API registered at /api/help/*
2026/07/26 09:23:46 [INFO] Feature discovery monitor started (check interval: 5m0s)
2026/07/26 09:23:46 [INFO] Feature discovery monitor started
2026/07/26 09:23:46 [INFO] CSI recording buffer at /tmp/spaxel-dashconsole-data-1vGInl/csi_replay.bin (360 MB max, retention=48h0m0s)
2026/07/26 09:23:46 [INFO] Replay REST API registered at /api/replay/*
2026/07/26 09:23:46 [INFO] Per-link CSI recorder at /tmp/spaxel-dashconsole-data-1vGInl/csi (retention=48h, max=1125899906842624MB/link)
2026/07/26 09:23:46 [INFO] Fleet registry at /tmp/spaxel-dashconsole-data-1vGInl/fleet.db
2026/07/26 09:23:46 [PHASE 5/7 — Subsystems]
2026/07/26 09:23:46 [PHASE 5/7] Subsystem BLE registry started (16ms)
2026/07/26 09:23:46 [INFO] BLE registry at /tmp/spaxel-dashconsole-data-1vGInl/ble.db
2026/07/26 09:23:46 [PHASE 5/7] Subsystem Zones manager started (11ms)
2026/07/26 09:23:46 [INFO] Zones manager at /tmp/spaxel-dashconsole-data-1vGInl/zones.db
2026/07/26 09:23:46 [INFO] Flow analytics at /tmp/spaxel-dashconsole-data-1vGInl/analytics.db
2026/07/26 09:23:46 [INFO] Anomaly detector at /tmp/spaxel-dashconsole-data-1vGInl/anomaly.db (learning period: 7 days)
2026/07/26 09:23:46 [INFO] Automation engine at /tmp/spaxel-dashconsole-data-1vGInl/automation.db
2026/07/26 09:23:46 [INFO] Fall detector initialized
2026/07/26 09:23:46 [INFO] Morning briefing handler initialized
2026/07/26 09:23:46 [INFO] Sleep monitor started (window: 22:00-7:00, report at 7:00)
2026/07/26 09:23:46 [INFO] Sleep quality monitor started (window: 22:00-07:00, report at 07:00)
2026/07/26 09:23:46 [INFO] Prediction store using main database
2026/07/26 09:23:46 [INFO] prediction: loaded 0 stored person zone entries
2026/07/26 09:23:46 [INFO] prediction: loaded 0 pending predictions
2026/07/26 09:23:46 [INFO] Prediction accuracy tracker using main database
2026/07/26 09:23:46 [INFO] Horizon predictor initialized (15m horizon, 1000 Monte Carlo runs)
2026/07/26 09:23:46 [INFO] Presence prediction initialized
2026/07/26 09:23:46 [INFO] Notification service at /tmp/spaxel-dashconsole-data-1vGInl/notify.db
2026/07/26 09:23:46 [INFO] Briefing scheduler started (time: 07:00, push: false)
2026/07/26 09:23:46 [INFO] Morning briefing scheduler started (time: 07:00, push: false)
2026/07/26 09:23:46 [INFO] Loaded 0 learned link weights from /tmp/spaxel-dashconsole-data-1vGInl/weights.db
2026/07/26 09:23:46 [INFO] Loaded 0 saved link weights from weight store
2026/07/26 09:23:46 [INFO] 3D fusion engine node-position assertion: no nodes positioned yet
2026/07/26 09:23:46 [INFO] Self-improving localizer started (adjustment interval: 10s)
2026/07/26 09:23:46 [INFO] Self-improving localization started (room: 6.0x5.0m, interval: 10s)
2026/07/26 09:23:46 [INFO] 3D fusion engine ready (room: 6.0x5.0x2.5m, origin 0.0,0.0, 0 nodes positioned)
2026/07/26 09:23:46 [INFO] Ground truth store at /tmp/spaxel-dashconsole-data-1vGInl/groundtruth.db
2026/07/26 09:23:46 [INFO] Loaded spatial weights into cache (0 links)
2026/07/26 09:23:46 [INFO] Spatial weight learner initialized (min samples: 100, improvement threshold: 5%)
2026/07/26 09:23:46 [INFO] Periodic spatial weight save started (interval: 30s)
2026/07/26 09:23:46 [INFO] Ground truth collector initialized (min BLE confidence: 0.7, max distance: 0.5m)
2026/07/26 09:23:46 [INFO] Spatial weight learner connected to fusion engine
2026/07/26 09:23:46 [INFO] Learning feedback store at /tmp/spaxel-dashconsole-data-1vGInl/learning.db
2026/07/26 09:23:46 [INFO] Learning feedback processor started (interval: 6h0m0s)
2026/07/26 09:23:46 [INFO] Briefing providers wired up
2026/07/26 09:23:46 [INFO] Guided troubleshooting manager initialized
2026/07/26 09:23:46 [INFO] TX slot collision detection enabled (threshold: 5% over 60s window)
2026/07/26 09:23:46 [INFO] Zone history snapshot recording started (hourly)
2026/07/26 09:23:46 [INFO] guidedtroubleshoot: manager started (interval: 5m0s)
2026/07/26 09:23:46 [INFO] Volume triggers handler initialized
2026/07/26 09:23:46 [INFO] Phase 5 diagnostic engine started (interval: 15m)
2026/07/26 09:23:46 [INFO] diagnostics: engine started (interval: 15m0s)
2026/07/26 09:23:46 [INFO] Restored 0 EMA baselines and 0 diurnal baselines
2026/07/26 09:23:46 [INFO] Baseline persistence enabled (save interval: 30s)
2026/07/26 09:23:46 [INFO] Health persistence enabled at /tmp/spaxel-dashconsole-data-1vGInl/health.db
2026/07/26 09:23:46 [INFO] Phase 5 health monitoring enabled (health: 5s, weather: 1m0s)
2026/07/26 09:23:46 [INFO] Flow analytics background tasks started (prune: 24h, corridors: 7d)
2026/07/26 09:23:46 [INFO] Self-improving localization fusion started (rate: 10Hz, save interval: 30s)
2026/07/26 09:23:46 [INFO] Horizon predictor providers wired
2026/07/26 09:23:46 [INFO] Prediction update loop started (interval: 60s)
2026/07/26 09:23:46 [INFO] Prediction evaluation loop started (interval: 30s)
2026/07/26 09:23:46 [INFO] Disk-space monitor started (interval: 60s, warning: 100MB, critical: 20MB)
2026/07/26 09:23:46 [INFO] Zones and portals API registered at /api/zones/* and /api/portals/*
2026/07/26 09:23:46 [INFO] BLE REST API registered at /api/ble/* and /api/people/*
2026/07/26 09:23:46 [INFO] Feedback API registered at /api/feedback
2026/07/26 09:23:46 [INFO] Guided troubleshooting API registered at /api/guided/*
2026/07/26 09:23:46 [INFO] Detection explainability API enabled
2026/07/26 09:23:46 [INFO] Self-improving localization API registered at /api/localization/*
2026/07/26 09:23:46 [INFO] Sleep quality API registered at /api/sleep/*
2026/07/26 09:23:46 [INFO] Morning briefing API registered at /api/briefing/*
2026/07/26 09:23:46 [INFO] Tracked blobs API registered at /api/blobs
2026/07/26 09:23:46 [INFO] Tracks API registered at /api/tracks
2026/07/26 09:23:46 [INFO] Status API registered at /api/status and /api/occupancy
2026/07/26 09:23:46 [INFO] Diurnal baseline API registered at /api/diurnal/*
2026/07/26 09:23:46 [INFO] Baseline API registered at /api/baseline/*
2026/07/26 09:23:46 [INFO] Backup API registered at /api/backup
2026/07/26 09:23:46 [INFO] Virtual node store at /tmp/spaxel-dashconsole-data-1vGInl/simulator
2026/07/26 09:23:46 [INFO] Fleet registry bridge started (sync interval: 30s)
2026/07/26 09:23:46 [INFO] Loaded 0 virtual nodes from store
2026/07/26 09:23:46 [INFO] Pre-deployment simulator API registered at /api/simulator/*
2026/07/26 09:23:46 [INFO] Events timeline API registered at /api/events/*
2026/07/26 09:23:46 [events archive] Next run scheduled for Mon, 27 Jul 2026 02:00:00 UTC (in 16h36m13s)
2026/07/26 09:23:46 [INFO] OTA firmware server at /tmp/spaxel-dashconsole-data-1vGInl/firmware
2026/07/26 09:23:46 [INFO] ota: auto-update manager started
2026/07/26 09:23:46 [PHASE 5/7] Subsystem Auto-update manager started (0ms)
2026/07/26 09:23:46 [INFO] Auto-update manager started (canary strategy, quiet window)
2026/07/26 09:23:46 [INFO] Auto-update API registered
2026/07/26 09:23:46 [INFO] provisioning: generated new install secret at /tmp/spaxel-dashconsole-data-1vGInl/install_secret.bin
2026/07/26 09:23:46 [INFO] Migration window open until 2026-07-27T09:23:46Z (24 h)
2026/07/26 09:23:46 [INFO] Serving dashboard from filesystem at ./dashboard
2026/07/26 09:23:46 [PHASE 5/7 OK] (119ms)
2026/07/26 09:23:46 [PHASE 6/7 — HTTP + mDNS]
2026/07/26 09:23:46 [INFO] Doctor diagnostics API registered at /api/doctor
2026/07/26 09:23:46 [PHASE 6/7 OK] (0ms)
2026/07/26 09:23:46 [PHASE 7/7 — Health]
2026/07/26 09:23:46 [INFO] HTTP server listening on 127.0.0.1:8088
2026/07/26 09:23:46 [WARN] Health check failed: Get "http://127.0.0.1:8088/healthz": dial tcp 127.0.0.1:8088: connect: connection refused (continuing anyway)
2026/07/26 09:23:46 [PHASE 7/7 OK] (0ms)
2026/07/26 09:23:46 [READY] All 7 phases completed in 163ms
2026/07/26 09:23:46 "GET http://localhost:8088/healthz HTTP/1.1" from 127.0.0.1:55560 - 200 91B in 82.854µs
2026/07/26 09:23:46 "POST http://localhost:8088/ws/node/api/provision HTTP/1.1" from 127.0.0.1:55574 - 405 0B in 16.855µs
2026/07/26 09:23:46 [WARN] Node AA:BB:CC:00:00:00 connected without valid token (migration window open until 2026-07-27T09:23:46Z)
2026/07/26 09:23:46 [INFO] Node connected: MAC=AA:BB:CC:00:00:00 firmware=sim-1.0.0 chip=ESP32-S3
2026/07/26 09:23:46 "GET http://localhost:8088/api/blobs HTTP/1.1" from 127.0.0.1:55594 - 200 5B in 46.501µs
2026/07/26 09:23:46 [INFO] Sent role=tx_rx to node AA:BB:CC:00:00:00
2026/07/26 09:23:46 [INFO] fleet: node AA:BB:CC:00:00:00 joined as tx_rx
2026/07/26 09:23:46 [WARN] Node AA:BB:CC:00:00:01 connected without valid token (migration window open until 2026-07-27T09:23:46Z)
2026/07/26 09:23:46 [INFO] Node connected: MAC=AA:BB:CC:00:00:01 firmware=sim-1.0.0 chip=ESP32-S3
2026/07/26 09:23:46 [INFO] Sent role=tx to node AA:BB:CC:00:00:01
2026/07/26 09:23:46 [INFO] Sent role=tx_rx to node AA:BB:CC:00:00:00
2026/07/26 09:23:46 [WARN] Node AA:BB:CC:00:00:02 connected without valid token (migration window open until 2026-07-27T09:23:46Z)
2026/07/26 09:23:46 [INFO] Node connected: MAC=AA:BB:CC:00:00:02 firmware=sim-1.0.0 chip=ESP32-S3
2026/07/26 09:23:46 [INFO] fleet: optimised roles (trigger: node_connected, coverage: 0.0% -> 0.0%)
2026/07/26 09:23:46 [DEBUG] guidedtroubleshoot: node connected AA:BB:CC:00:00:00
2026/07/26 09:23:46 [INFO] fleet: node AA:BB:CC:00:00:01 joined as tx
2026/07/26 09:23:46 [INFO] Sent role=rx to node AA:BB:CC:00:00:02
2026/07/26 09:23:46 [INFO] fleet: node AA:BB:CC:00:00:02 joined as rx
2026/07/26 09:23:46 [WARN] Node AA:BB:CC:00:00:03 connected without valid token (migration window open until 2026-07-27T09:23:46Z)
2026/07/26 09:23:46 [INFO] Node connected: MAC=AA:BB:CC:00:00:03 firmware=sim-1.0.0 chip=ESP32-S3
2026/07/26 09:23:46 [INFO] Sent role=tx to node AA:BB:CC:00:00:00
2026/07/26 09:23:46 [INFO] Sent role=tx to node AA:BB:CC:00:00:03
2026/07/26 09:23:46 [INFO] Sent role=rx to node AA:BB:CC:00:00:01
2026/07/26 09:23:46 [INFO] fleet: optimised roles (trigger: node_connected, coverage: 0.0% -> 0.0%)
2026/07/26 09:23:46 [DEBUG] guidedtroubleshoot: node connected AA:BB:CC:00:00:01
2026/07/26 09:23:46 [INFO] fleet: node AA:BB:CC:00:00:03 joined as tx
2026/07/26 09:23:46 [INFO] Sent role=tx to node AA:BB:CC:00:00:00
2026/07/26 09:23:46 [INFO] Sent role=rx to node AA:BB:CC:00:00:01
2026/07/26 09:23:46 [INFO] Sent role=rx to node AA:BB:CC:00:00:02
2026/07/26 09:23:46 [INFO] fleet: optimised roles (trigger: node_connected, coverage: 0.0% -> 0.0%)
2026/07/26 09:23:46 [DEBUG] guidedtroubleshoot: node connected AA:BB:CC:00:00:02
2026/07/26 09:23:46 [INFO] Sent role=tx to node AA:BB:CC:00:00:00
2026/07/26 09:23:46 [INFO] Sent role=tx to node AA:BB:CC:00:00:01
2026/07/26 09:23:46 [INFO] Sent role=rx to node AA:BB:CC:00:00:02
2026/07/26 09:23:46 [INFO] Sent role=rx to node AA:BB:CC:00:00:03
2026/07/26 09:23:46 [INFO] fleet: optimised roles (trigger: node_connected, coverage: 0.0% -> 23.1%)
2026/07/26 09:23:46 [DEBUG] guidedtroubleshoot: node connected AA:BB:CC:00:00:03
2026/07/26 09:23:46 [INFO] collision: TX slot collision detected between AA:BB:CC:00:00:00 and AA:BB:CC:00:00:01 (time delta: 0.00 ms)
2026/07/26 09:23:46 [INFO] collision: TX slot collision detected between AA:BB:CC:00:00:00 and AA:BB:CC:00:00:01 (time delta: 0.00 ms)
2026/07/26 09:23:46 [INFO] collision: TX slot collision detected between AA:BB:CC:00:00:00 and AA:BB:CC:00:00:01 (time delta: 0.00 ms)
2026/07/26 09:23:46 [INFO] collision: TX slot collision detected between AA:BB:CC:00:00:03 and AA:BB:CC:00:00:01 (time delta: 0.00 ms)
2026/07/26 09:23:46 [INFO] collision: TX slot collision detected between AA:BB:CC:00:00:03 and AA:BB:CC:00:00:00 (time delta: 0.00 ms)
2026/07/26 09:23:46 [INFO] collision: TX slot collision detected between AA:BB:CC:00:00:01 and AA:BB:CC:00:00:00 (time delta: 0.00 ms)
2026/07/26 09:23:46 [INFO] collision: TX slot collision detected between AA:BB:CC:00:00:01 and AA:BB:CC:00:00:03 (time delta: 0.00 ms)
2026/07/26 09:23:46 [INFO] collision: TX slot collision detected between AA:BB:CC:00:00:01 and AA:BB:CC:00:00:00 (time delta: 0.00 ms)
2026/07/26 09:23:46 [INFO] collision: TX slot collision detected between AA:BB:CC:00:00:01 and AA:BB:CC:00:00:03 (time delta: 0.00 ms)
2026/07/26 09:23:46 [INFO] collision: TX slot collision detected between AA:BB:CC:00:00:03 and AA:BB:CC:00:00:01 (time delta: 0.00 ms)
2026/07/26 09:23:46 [INFO] collision: TX slot collision detected between AA:BB:CC:00:00:03 and AA:BB:CC:00:00:00 (time delta: 0.00 ms)
2026/07/26 09:23:46 [INFO] collision: TX slot collision detected between AA:BB:CC:00:00:03 and AA:BB:CC:00:00:01 (time delta: 0.00 ms)
2026/07/26 09:23:46 [INFO] collision: TX slot collision detected between AA:BB:CC:00:00:03 and AA:BB:CC:00:00:00 (time delta: 1.00 ms)
2026/07/26 09:23:46 [INFO] collision: TX slot collision detected between AA:BB:CC:00:00:00 and AA:BB:CC:00:00:01 (time delta: 0.00 ms)
2026/07/26 09:23:46 [INFO] collision: TX slot collision detected between AA:BB:CC:00:00:01 and AA:BB:CC:00:00:00 (time delta: 0.00 ms)
2026/07/26 09:23:46 [INFO] collision: TX slot collision detected between AA:BB:CC:00:00:00 and AA:BB:CC:00:00:01 (time delta: 0.00 ms)
2026/07/26 09:23:46 [INFO] collision: TX slot collision detected between AA:BB:CC:00:00:00 and AA:BB:CC:00:00:01 (time delta: 0.00 ms)
2026/07/26 09:23:46 [INFO] collision: TX slot collision detected between AA:BB:CC:00:00:03 and AA:BB:CC:00:00:01 (time delta: 0.00 ms)
2026/07/26 09:23:46 [INFO] collision: TX slot collision detected between AA:BB:CC:00:00:03 and AA:BB:CC:00:00:00 (time delta: 0.00 ms)
2026/07/26 09:23:46 [INFO] collision: TX slot collision detected between AA:BB:CC:00:00:03 and AA:BB:CC:00:00:01 (time delta: 0.00 ms)
2026/07/26 09:23:46 [INFO] collision: TX slot collision detected between AA:BB:CC:00:00:03 and AA:BB:CC:00:00:00 (time delta: 0.00 ms)
2026/07/26 09:23:46 [INFO] collision: TX slot collision detected between AA:BB:CC:00:00:01 and AA:BB:CC:00:00:00 (time delta: 0.00 ms)
2026/07/26 09:23:46 [INFO] collision: TX slot collision detected between AA:BB:CC:00:00:01 and AA:BB:CC:00:00:03 (time delta: 0.00 ms)
2026/07/26 09:23:46 [INFO] collision: TX slot collision detected between AA:BB:CC:00:00:03 and AA:BB:CC:00:00:01 (time delta: 0.00 ms)
2026/07/26 09:23:46 [INFO] collision: TX slot collision detected between AA:BB:CC:00:00:03 and AA:BB:CC:00:00:00 (time delta: 0.00 ms)
2026/07/26 09:23:46 [INFO] collision: TX slot collision detected between AA:BB:CC:00:00:00 and AA:BB:CC:00:00:01 (time delta: 0.00 ms)
2026/07/26 09:23:46 [INFO] collision: TX slot collision detected between AA:BB:CC:00:00:00 and AA:BB:CC:00:00:01 (time delta: 0.00 ms)
2026/07/26 09:23:46 [INFO] collision: TX slot collision detected between AA:BB:CC:00:00:00 and AA:BB:CC:00:00:01 (time delta: 0.00 ms)
2026/07/26 09:23:46 [INFO] collision: TX slot collision detected between AA:BB:CC:00:00:01 and AA:BB:CC:00:00:00 (time delta: 0.00 ms)
2026/07/26 09:23:46 [INFO] collision: TX slot collision detected between AA:BB:CC:00:00:03 and AA:BB:CC:00:00:01 (time delta: 0.00 ms)
2026/07/26 09:23:46 [INFO] collision: TX slot collision detected between AA:BB:CC:00:00:03 and AA:BB:CC:00:00:00 (time delta: 0.00 ms)
2026/07/26 09:23:46 [INFO] collision: TX slot collision detected between AA:BB:CC:00:00:01 and AA:BB:CC:00:00:03 (time delta: 0.00 ms)
2026/07/26 09:23:46 [INFO] collision: TX slot collision detected between AA:BB:CC:00:00:01 and AA:BB:CC:00:00:00 (time delta: 0.00 ms)
2026/07/26 09:23:46 [INFO] collision: TX slot collision detected between AA:BB:CC:00:00:03 and AA:BB:CC:00:00:01 (time delta: 0.00 ms)
2026/07/26 09:23:46 [INFO] collision: TX slot collision detected between AA:BB:CC:00:00:03 and AA:BB:CC:00:00:00 (time delta: 0.00 ms)
2026/07/26 09:23:46 [INFO] collision: TX slot collision detected between AA:BB:CC:00:00:03 and AA:BB:CC:00:00:00 (time delta: 0.00 ms)
2026/07/26 09:23:46 [INFO] collision: TX slot collision detected between AA:BB:CC:00:00:03 and AA:BB:CC:00:00:01 (time delta: 0.00 ms)
2026/07/26 09:23:47 [INFO] collision: TX slot collision detected between AA:BB:CC:00:00:00 and AA:BB:CC:00:00:01 (time delta: 0.00 ms)
2026/07/26 09:23:47 [INFO] collision: TX slot collision detected between AA:BB:CC:00:00:00 and AA:BB:CC:00:00:01 (time delta: 0.00 ms)
2026/07/26 09:23:47 [INFO] collision: TX slot collision detected between AA:BB:CC:00:00:03 and AA:BB:CC:00:00:01 (time delta: 0.00 ms)
2026/07/26 09:23:47 [INFO] collision: TX slot collision detected between AA:BB:CC:00:00:03 and AA:BB:CC:00:00:00 (time delta: 0.00 ms)
2026/07/26 09:23:47 [INFO] collision: TX slot collision detected between AA:BB:CC:00:00:00 and AA:BB:CC:00:00:03 (time delta: 0.00 ms)
2026/07/26 09:23:47 [INFO] collision: TX slot collision detected between AA:BB:CC:00:00:00 and AA:BB:CC:00:00:01 (time delta: 0.00 ms)
2026/07/26 09:23:47 [INFO] collision: TX slot collision detected between AA:BB:CC:00:00:03 and AA:BB:CC:00:00:00 (time delta: 0.00 ms)
2026/07/26 09:23:47 [INFO] collision: TX slot collision detected between AA:BB:CC:00:00:03 and AA:BB:CC:00:00:01 (time delta: 0.00 ms)
2026/07/26 09:23:47 [INFO] collision: TX slot collision detected between AA:BB:CC:00:00:01 and AA:BB:CC:00:00:00 (time delta: 0.00 ms)
2026/07/26 09:23:47 [INFO] collision: TX slot collision detected between AA:BB:CC:00:00:01 and AA:BB:CC:00:00:03 (time delta: 0.00 ms)
2026/07/26 09:23:47 [INFO] collision: TX slot collision detected between AA:BB:CC:00:00:03 and AA:BB:CC:00:00:01 (time delta: 0.00 ms)
2026/07/26 09:23:47 [INFO] collision: TX slot collision detected between AA:BB:CC:00:00:03 and AA:BB:CC:00:00:00 (time delta: 0.00 ms)
2026/07/26 09:23:47 [INFO] collision: TX slot collision detected between AA:BB:CC:00:00:01 and AA:BB:CC:00:00:00 (time delta: 0.00 ms)
2026/07/26 09:23:47 [INFO] collision: TX slot collision detected between AA:BB:CC:00:00:01 and AA:BB:CC:00:00:03 (time delta: 0.00 ms)
2026/07/26 09:23:47 [INFO] collision: TX slot collision detected between AA:BB:CC:00:00:00 and AA:BB:CC:00:00:01 (time delta: 0.00 ms)
2026/07/26 09:23:47 [INFO] collision: TX slot collision detected between AA:BB:CC:00:00:03 and AA:BB:CC:00:00:00 (time delta: 0.00 ms)
2026/07/26 09:23:47 [INFO] collision: TX slot collision detected between AA:BB:CC:00:00:03 and AA:BB:CC:00:00:01 (time delta: 0.00 ms)
2026/07/26 09:23:47 [INFO] collision: TX slot collision detected between AA:BB:CC:00:00:00 and AA:BB:CC:00:00:01 (time delta: 0.00 ms)
2026/07/26 09:23:47 [INFO] collision: TX slot collision detected between AA:BB:CC:00:00:00 and AA:BB:CC:00:00:03 (time delta: 0.00 ms)
2026/07/26 09:23:47 [INFO] collision: TX slot collision detected between AA:BB:CC:00:00:00 and AA:BB:CC:00:00:01 (time delta: 0.00 ms)
2026/07/26 09:23:47 [INFO] collision: TX slot collision detected between AA:BB:CC:00:00:00 and AA:BB:CC:00:00:03 (time delta: 0.00 ms)
2026/07/26 09:23:47 [INFO] collision: TX slot collision detected between AA:BB:CC:00:00:01 and AA:BB:CC:00:00:00 (time delta: 0.00 ms)
2026/07/26 09:23:47 [INFO] collision: TX slot collision detected between AA:BB:CC:00:00:01 and AA:BB:CC:00:00:03 (time delta: 0.00 ms)
2026/07/26 09:23:47 [INFO] collision: TX slot collision detected between AA:BB:CC:00:00:01 and AA:BB:CC:00:00:00 (time delta: 0.00 ms)
2026/07/26 09:23:47 [INFO] collision: TX slot collision detected between AA:BB:CC:00:00:01 and AA:BB:CC:00:00:03 (time delta: 0.00 ms)
2026/07/26 09:23:47 [INFO] collision: TX slot collision detected between AA:BB:CC:00:00:03 and AA:BB:CC:00:00:00 (time delta: 0.00 ms)
2026/07/26 09:23:47 [INFO] collision: TX slot collision detected between AA:BB:CC:00:00:03 and AA:BB:CC:00:00:01 (time delta: 0.00 ms)
2026/07/26 09:23:47 [INFO] collision: TX slot collision detected between AA:BB:CC:00:00:03 and AA:BB:CC:00:00:01 (time delta: 0.00 ms)
2026/07/26 09:23:47 [INFO] collision: TX slot collision detected between AA:BB:CC:00:00:03 and AA:BB:CC:00:00:00 (time delta: 0.00 ms)
2026/07/26 09:23:47 [INFO] collision: TX slot collision detected between AA:BB:CC:00:00:03 and AA:BB:CC:00:00:01 (time delta: 0.00 ms)
2026/07/26 09:23:47 [INFO] collision: TX slot collision detected between AA:BB:CC:00:00:00 and AA:BB:CC:00:00:01 (time delta: 0.00 ms)
2026/07/26 09:23:47 [INFO] collision: TX slot collision detected between AA:BB:CC:00:00:00 and AA:BB:CC:00:00:03 (time delta: 0.00 ms)
2026/07/26 09:23:47 [INFO] collision: TX slot collision detected between AA:BB:CC:00:00:00 and AA:BB:CC:00:00:01 (time delta: 0.00 ms)
2026/07/26 09:23:47 [INFO] collision: TX slot collision detected between AA:BB:CC:00:00:00 and AA:BB:CC:00:00:03 (time delta: 0.00 ms)
2026/07/26 09:23:47 [INFO] collision: TX slot collision detected between AA:BB:CC:00:00:01 and AA:BB:CC:00:00:00 (time delta: 0.00 ms)
2026/07/26 09:23:47 [INFO] collision: TX slot collision detected between AA:BB:CC:00:00:01 and AA:BB:CC:00:00:03 (time delta: 0.00 ms)
2026/07/26 09:23:47 [INFO] collision: TX slot collision detected between AA:BB:CC:00:00:00 and AA:BB:CC:00:00:01 (time delta: 0.00 ms)
2026/07/26 09:23:47 [INFO] collision: TX slot collision detected between AA:BB:CC:00:00:00 and AA:BB:CC:00:00:03 (time delta: 0.00 ms)
2026/07/26 09:23:47 [INFO] collision: TX slot collision detected between AA:BB:CC:00:00:03 and AA:BB:CC:00:00:01 (time delta: 0.00 ms)
2026/07/26 09:23:47 [INFO] collision: TX slot collision detected between AA:BB:CC:00:00:03 and AA:BB:CC:00:00:00 (time delta: 0.00 ms)
2026/07/26 09:23:47 [INFO] collision: TX slot collision detected between AA:BB:CC:00:00:03 and AA:BB:CC:00:00:01 (time delta: 0.00 ms)
2026/07/26 09:23:47 [INFO] collision: TX slot collision detected between AA:BB:CC:00:00:03 and AA:BB:CC:00:00:00 (time delta: 0.00 ms)
2026/07/26 09:23:47 [INFO] collision: TX slot collision detected between AA:BB:CC:00:00:01 and AA:BB:CC:00:00:00 (time delta: 0.00 ms)
2026/07/26 09:23:47 [INFO] collision: TX slot collision detected between AA:BB:CC:00:00:01 and AA:BB:CC:00:00:03 (time delta: 0.00 ms)
2026/07/26 09:23:47 [INFO] collision: TX slot collision detected between AA:BB:CC:00:00:03 and AA:BB:CC:00:00:01 (time delta: 0.00 ms)
2026/07/26 09:23:47 [INFO] collision: TX slot collision detected between AA:BB:CC:00:00:00 and AA:BB:CC:00:00:01 (time delta: 0.00 ms)
2026/07/26 09:23:47 [INFO] collision: TX slot collision detected between AA:BB:CC:00:00:00 and AA:BB:CC:00:00:03 (time delta: 0.00 ms)
2026/07/26 09:23:47 [INFO] collision: TX slot collision detected between AA:BB:CC:00:00:00 and AA:BB:CC:00:00:03 (time delta: 0.00 ms)
2026/07/26 09:23:47 [INFO] collision: TX slot collision detected between AA:BB:CC:00:00:00 and AA:BB:CC:00:00:01 (time delta: 0.00 ms)
2026/07/26 09:23:47 [INFO] collision: TX slot collision detected between AA:BB:CC:00:00:03 and AA:BB:CC:00:00:01 (time delta: 0.00 ms)
2026/07/26 09:23:47 [INFO] collision: TX slot collision detected between AA:BB:CC:00:00:03 and AA:BB:CC:00:00:00 (time delta: 0.00 ms)
2026/07/26 09:23:47 [INFO] collision: TX slot collision detected between AA:BB:CC:00:00:00 and AA:BB:CC:00:00:01 (time delta: 0.00 ms)
2026/07/26 09:23:47 [INFO] collision: TX slot collision detected between AA:BB:CC:00:00:00 and AA:BB:CC:00:00:03 (time delta: 0.00 ms)
2026/07/26 09:23:47 [INFO] collision: TX slot collision detected between AA:BB:CC:00:00:01 and AA:BB:CC:00:00:00 (time delta: 0.00 ms)
2026/07/26 09:23:47 [INFO] collision: TX slot collision detected between AA:BB:CC:00:00:01 and AA:BB:CC:00:00:03 (time delta: 0.00 ms)
2026/07/26 09:23:47 [INFO] collision: TX slot collision detected between AA:BB:CC:00:00:01 and AA:BB:CC:00:00:00 (time delta: 0.00 ms)
2026/07/26 09:23:47 [INFO] collision: TX slot collision detected between AA:BB:CC:00:00:01 and AA:BB:CC:00:00:03 (time delta: 0.00 ms)
2026/07/26 09:23:47 [INFO] collision: TX slot collision detected between AA:BB:CC:00:00:03 and AA:BB:CC:00:00:01 (time delta: 0.00 ms)
2026/07/26 09:23:47 [INFO] collision: TX slot collision detected between AA:BB:CC:00:00:03 and AA:BB:CC:00:00:00 (time delta: 0.00 ms)
2026/07/26 09:23:47 [INFO] collision: TX slot collision detected between AA:BB:CC:00:00:00 and AA:BB:CC:00:00:01 (time delta: 0.00 ms)
2026/07/26 09:23:47 [INFO] collision: TX slot collision detected between AA:BB:CC:00:00:00 and AA:BB:CC:00:00:01 (time delta: 0.00 ms)
2026/07/26 09:23:47 [INFO] collision: TX slot collision detected between AA:BB:CC:00:00:03 and AA:BB:CC:00:00:00 (time delta: 0.00 ms)
2026/07/26 09:23:47 [INFO] collision: TX slot collision detected between AA:BB:CC:00:00:03 and AA:BB:CC:00:00:01 (time delta: 0.00 ms)
2026/07/26 09:23:47 [INFO] collision: TX slot collision detected between AA:BB:CC:00:00:00 and AA:BB:CC:00:00:01 (time delta: 0.00 ms)
2026/07/26 09:23:47 [INFO] collision: TX slot collision detected between AA:BB:CC:00:00:00 and AA:BB:CC:00:00:03 (time delta: 0.00 ms)
2026/07/26 09:23:47 [INFO] collision: TX slot collision detected between AA:BB:CC:00:00:01 and AA:BB:CC:00:00:00 (time delta: 0.00 ms)
2026/07/26 09:23:47 [INFO] collision: TX slot collision detected between AA:BB:CC:00:00:01 and AA:BB:CC:00:00:03 (time delta: 0.00 ms)
2026/07/26 09:23:47 [INFO] collision: TX slot collision detected between AA:BB:CC:00:00:01 and AA:BB:CC:00:00:00 (time delta: 0.00 ms)
2026/07/26 09:23:47 [INFO] collision: TX slot collision detected between AA:BB:CC:00:00:01 and AA:BB:CC:00:00:03 (time delta: 0.00 ms)
2026/07/26 09:23:47 [INFO] collision: TX slot collision detected between AA:BB:CC:00:00:03 and AA:BB:CC:00:00:01 (time delta: 0.00 ms)
2026/07/26 09:23:47 [INFO] collision: TX slot collision detected between AA:BB:CC:00:00:03 and AA:BB:CC:00:00:00 (time delta: 0.00 ms)
2026/07/26 09:23:47 [INFO] collision: TX slot collision detected between AA:BB:CC:00:00:03 and AA:BB:CC:00:00:00 (time delta: 0.00 ms)
2026/07/26 09:23:47 [INFO] collision: TX slot collision detected between AA:BB:CC:00:00:03 and AA:BB:CC:00:00:01 (time delta: 0.00 ms)
2026/07/26 09:23:47 [INFO] collision: TX slot collision detected between AA:BB:CC:00:00:00 and AA:BB:CC:00:00:01 (time delta: 0.00 ms)
2026/07/26 09:23:47 [INFO] collision: TX slot collision detected between AA:BB:CC:00:00:00 and AA:BB:CC:00:00:01 (time delta: 0.00 ms)
2026/07/26 09:23:47 [INFO] collision: TX slot collision detected between AA:BB:CC:00:00:03 and AA:BB:CC:00:00:01 (time delta: 0.00 ms)
2026/07/26 09:23:47 [INFO] collision: TX slot collision detected between AA:BB:CC:00:00:03 and AA:BB:CC:00:00:00 (time delta: 0.00 ms)
2026/07/26 09:23:47 [INFO] collision: TX slot collision detected between AA:BB:CC:00:00:03 and AA:BB:CC:00:00:01 (time delta: 0.00 ms)
2026/07/26 09:23:47 [INFO] collision: TX slot collision detected between AA:BB:CC:00:00:03 and AA:BB:CC:00:00:00 (time delta: 0.00 ms)
2026/07/26 09:23:47 [INFO] collision: TX slot collision detected between AA:BB:CC:00:00:01 and AA:BB:CC:00:00:00 (time delta: 0.00 ms)
2026/07/26 09:23:47 [INFO] collision: TX slot collision detected between AA:BB:CC:00:00:01 and AA:BB:CC:00:00:03 (time delta: 0.00 ms)
2026/07/26 09:23:47 [INFO] collision: TX slot collision detected between AA:BB:CC:00:00:00 and AA:BB:CC:00:00:03 (time delta: 0.00 ms)
2026/07/26 09:23:47 [INFO] collision: TX slot collision detected between AA:BB:CC:00:00:00 and AA:BB:CC:00:00:01 (time delta: 0.00 ms)
2026/07/26 09:23:47 [INFO] collision: TX slot collision detected between AA:BB:CC:00:00:03 and AA:BB:CC:00:00:01 (time delta: 0.00 ms)
2026/07/26 09:23:47 [INFO] collision: TX slot collision detected between AA:BB:CC:00:00:03 and AA:BB:CC:00:00:00 (time delta: 0.00 ms)
2026/07/26 09:23:47 [INFO] collision: TX slot collision detected between AA:BB:CC:00:00:01 and AA:BB:CC:00:00:00 (time delta: 0.00 ms)
2026/07/26 09:23:47 [INFO] collision: TX slot collision detected between AA:BB:CC:00:00:01 and AA:BB:CC:00:00:03 (time delta: 0.00 ms)
2026/07/26 09:23:47 [INFO] collision: TX slot collision detected between AA:BB:CC:00:00:00 and AA:BB:CC:00:00:01 (time delta: 0.00 ms)
2026/07/26 09:23:47 [INFO] collision: TX slot collision detected between AA:BB:CC:00:00:00 and AA:BB:CC:00:00:01 (time delta: 0.00 ms)
2026/07/26 09:23:47 [INFO] collision: TX slot collision detected between AA:BB:CC:00:00:03 and AA:BB:CC:00:00:01 (time delta: 0.00 ms)
2026/07/26 09:23:47 [INFO] collision: TX slot collision detected between AA:BB:CC:00:00:03 and AA:BB:CC:00:00:00 (time delta: 0.00 ms)
2026/07/26 09:23:47 [INFO] collision: TX slot collision detected between AA:BB:CC:00:00:03 and AA:BB:CC:00:00:00 (time delta: 0.00 ms)
2026/07/26 09:23:47 [INFO] collision: TX slot collision detected between AA:BB:CC:00:00:03 and AA:BB:CC:00:00:01 (time delta: 0.00 ms)
2026/07/26 09:23:47 [INFO] collision: TX slot collision detected between AA:BB:CC:00:00:00 and AA:BB:CC:00:00:01 (time delta: 0.00 ms)
2026/07/26 09:23:47 [INFO] collision: TX slot collision detected between AA:BB:CC:00:00:00 and AA:BB:CC:00:00:03 (time delta: 0.00 ms)
2026/07/26 09:23:47 [INFO] collision: TX slot collision detected between AA:BB:CC:00:00:01 and AA:BB:CC:00:00:00 (time delta: 0.00 ms)
2026/07/26 09:23:47 [INFO] collision: TX slot collision detected between AA:BB:CC:00:00:01 and AA:BB:CC:00:00:03 (time delta: 0.00 ms)
2026/07/26 09:23:47 [INFO] collision: TX slot collision detected between AA:BB:CC:00:00:01 and AA:BB:CC:00:00:00 (time delta: 0.00 ms)
2026/07/26 09:23:47 [INFO] collision: TX slot collision detected between AA:BB:CC:00:00:01 and AA:BB:CC:00:00:03 (time delta: 0.00 ms)
2026/07/26 09:23:47 [INFO] collision: TX slot collision detected between AA:BB:CC:00:00:03 and AA:BB:CC:00:00:01 (time delta: 0.00 ms)
2026/07/26 09:23:47 [INFO] collision: TX slot collision detected between AA:BB:CC:00:00:03 and AA:BB:CC:00:00:00 (time delta: 0.00 ms)
2026/07/26 09:23:47 [INFO] collision: TX slot collision detected between AA:BB:CC:00:00:03 and AA:BB:CC:00:00:01 (time delta: 0.00 ms)
2026/07/26 09:23:47 [INFO] collision: TX slot collision detected between AA:BB:CC:00:00:00 and AA:BB:CC:00:00:01 (time delta: 0.00 ms)
2026/07/26 09:23:47 [INFO] collision: TX slot collision detected between AA:BB:CC:00:00:00 and AA:BB:CC:00:00:03 (time delta: 0.00 ms)
2026/07/26 09:23:47 [INFO] collision: TX slot collision detected between AA:BB:CC:00:00:00 and AA:BB:CC:00:00:01 (time delta: 0.00 ms)
2026/07/26 09:23:47 [INFO] collision: TX slot collision detected between AA:BB:CC:00:00:00 and AA:BB:CC:00:00:03 (time delta: 0.00 ms)
2026/07/26 09:23:47 [INFO] collision: TX slot collision detected between AA:BB:CC:00:00:00 and AA:BB:CC:00:00:01 (time delta: 0.00 ms)
2026/07/26 09:23:47 [INFO] collision: TX slot collision detected between AA:BB:CC:00:00:00 and AA:BB:CC:00:00:03 (time delta: 0.00 ms)
2026/07/26 09:23:47 [INFO] collision: TX slot collision detected between AA:BB:CC:00:00:01 and AA:BB:CC:00:00:00 (time delta: 0.00 ms)
2026/07/26 09:23:47 [INFO] collision: TX slot collision detected between AA:BB:CC:00:00:01 and AA:BB:CC:00:00:03 (time delta: 0.00 ms)
2026/07/26 09:23:47 [INFO] collision: TX slot collision detected between AA:BB:CC:00:00:01 and AA:BB:CC:00:00:00 (time delta: 0.00 ms)
2026/07/26 09:23:47 [INFO] collision: TX slot collision detected between AA:BB:CC:00:00:01 and AA:BB:CC:00:00:03 (time delta: 0.00 ms)
2026/07/26 09:23:47 [INFO] collision: TX slot collision detected between AA:BB:CC:00:00:03 and AA:BB:CC:00:00:01 (time delta: 0.00 ms)
2026/07/26 09:23:47 [INFO] collision: TX slot collision detected between AA:BB:CC:00:00:03 and AA:BB:CC:00:00:00 (time delta: 0.00 ms)
2026/07/26 09:23:47 [INFO] collision: TX slot collision detected between AA:BB:CC:00:00:03 and AA:BB:CC:00:00:01 (time delta: 0.00 ms)
2026/07/26 09:23:47 [INFO] collision: TX slot collision detected between AA:BB:CC:00:00:03 and AA:BB:CC:00:00:00 (time delta: 0.00 ms)
2026/07/26 09:23:47 [INFO] collision: TX slot collision detected between AA:BB:CC:00:00:00 and AA:BB:CC:00:00:01 (time delta: 0.00 ms)
2026/07/26 09:23:47 [INFO] collision: TX slot collision detected between AA:BB:CC:00:00:00 and AA:BB:CC:00:00:01 (time delta: 0.00 ms)
2026/07/26 09:23:47 [INFO] collision: TX slot collision detected between AA:BB:CC:00:00:03 and AA:BB:CC:00:00:01 (time delta: 0.00 ms)
2026/07/26 09:23:47 [INFO] collision: TX slot collision detected between AA:BB:CC:00:00:03 and AA:BB:CC:00:00:00 (time delta: 0.00 ms)
2026/07/26 09:23:47 [INFO] collision: TX slot collision detected between AA:BB:CC:00:00:00 and AA:BB:CC:00:00:03 (time delta: 0.00 ms)
2026/07/26 09:23:47 [INFO] collision: TX slot collision detected between AA:BB:CC:00:00:00 and AA:BB:CC:00:00:01 (time delta: 0.00 ms)
2026/07/26 09:23:47 [INFO] collision: TX slot collision detected between AA:BB:CC:00:00:01 and AA:BB:CC:00:00:00 (time delta: 0.00 ms)
2026/07/26 09:23:47 [INFO] collision: TX slot collision detected between AA:BB:CC:00:00:01 and AA:BB:CC:00:00:03 (time delta: 0.00 ms)
2026/07/26 09:23:47 [INFO] collision: TX slot collision detected between AA:BB:CC:00:00:03 and AA:BB:CC:00:00:01 (time delta: 0.00 ms)
2026/07/26 09:23:47 [INFO] collision: TX slot collision detected between AA:BB:CC:00:00:03 and AA:BB:CC:00:00:00 (time delta: 0.00 ms)
2026/07/26 09:23:47 [INFO] collision: TX slot collision detected between AA:BB:CC:00:00:01 and AA:BB:CC:00:00:00 (time delta: 0.00 ms)
2026/07/26 09:23:47 [INFO] collision: TX slot collision detected between AA:BB:CC:00:00:01 and AA:BB:CC:00:00:03 (time delta: 0.00 ms)
2026/07/26 09:23:47 [INFO] collision: TX slot collision detected between AA:BB:CC:00:00:03 and AA:BB:CC:00:00:01 (time delta: 0.00 ms)
2026/07/26 09:23:47 [INFO] collision: TX slot collision detected between AA:BB:CC:00:00:03 and AA:BB:CC:00:00:00 (time delta: 0.00 ms)
2026/07/26 09:23:47 [INFO] collision: TX slot collision detected between AA:BB:CC:00:00:00 and AA:BB:CC:00:00:01 (time delta: 0.00 ms)
2026/07/26 09:23:47 [INFO] collision: TX slot collision detected between AA:BB:CC:00:00:00 and AA:BB:CC:00:00:01 (time delta: 0.00 ms)
2026/07/26 09:23:47 [INFO] collision: TX slot collision detected between AA:BB:CC:00:00:03 and AA:BB:CC:00:00:00 (time delta: 0.00 ms)
2026/07/26 09:23:47 [INFO] collision: TX slot collision detected between AA:BB:CC:00:00:03 and AA:BB:CC:00:00:01 (time delta: 0.00 ms)
2026/07/26 09:23:47 [INFO] collision: TX slot collision detected between AA:BB:CC:00:00:01 and AA:BB:CC:00:00:00 (time delta: 0.00 ms)
2026/07/26 09:23:47 [INFO] collision: TX slot collision detected between AA:BB:CC:00:00:01 and AA:BB:CC:00:00:03 (time delta: 0.00 ms)
2026/07/26 09:23:47 [INFO] collision: TX slot collision detected between AA:BB:CC:00:00:03 and AA:BB:CC:00:00:01 (time delta: 0.00 ms)
2026/07/26 09:23:47 [INFO] collision: TX slot collision detected between AA:BB:CC:00:00:03 and AA:BB:CC:00:00:00 (time delta: 0.00 ms)
2026/07/26 09:23:47 [INFO] collision: TX slot collision detected between AA:BB:CC:00:00:00 and AA:BB:CC:00:00:01 (time delta: 0.00 ms)
2026/07/26 09:23:47 [INFO] collision: TX slot collision detected between AA:BB:CC:00:00:00 and AA:BB:CC:00:00:03 (time delta: 0.00 ms)
2026/07/26 09:23:47 [INFO] collision: TX slot collision detected between AA:BB:CC:00:00:03 and AA:BB:CC:00:00:01 (time delta: 0.00 ms)
2026/07/26 09:23:47 [INFO] collision: TX slot collision detected between AA:BB:CC:00:00:03 and AA:BB:CC:00:00:00 (time delta: 0.00 ms)
2026/07/26 09:23:47 [INFO] collision: TX slot collision detected between AA:BB:CC:00:00:01 and AA:BB:CC:00:00:00 (time delta: 0.00 ms)
2026/07/26 09:23:47 [INFO] collision: TX slot collision detected between AA:BB:CC:00:00:01 and AA:BB:CC:00:00:03 (time delta: 0.00 ms)
2026/07/26 09:23:47 [INFO] collision: TX slot collision detected between AA:BB:CC:00:00:00 and AA:BB:CC:00:00:01 (time delta: 0.00 ms)
2026/07/26 09:23:47 [INFO] collision: TX slot collision detected between AA:BB:CC:00:00:00 and AA:BB:CC:00:00:01 (time delta: 0.00 ms)
2026/07/26 09:23:47 [INFO] collision: TX slot collision detected between AA:BB:CC:00:00:00 and AA:BB:CC:00:00:01 (time delta: 0.00 ms)
2026/07/26 09:23:47 [INFO] collision: TX slot collision detected between AA:BB:CC:00:00:03 and AA:BB:CC:00:00:01 (time delta: 0.00 ms)
2026/07/26 09:23:47 [INFO] collision: TX slot collision detected between AA:BB:CC:00:00:03 and AA:BB:CC:00:00:00 (time delta: 0.00 ms)
2026/07/26 09:23:47 [INFO] collision: TX slot collision detected between AA:BB:CC:00:00:01 and AA:BB:CC:00:00:03 (time delta: 0.00 ms)
2026/07/26 09:23:47 [INFO] collision: TX slot collision detected between AA:BB:CC:00:00:01 and AA:BB:CC:00:00:00 (time delta: 0.00 ms)
2026/07/26 09:23:47 [INFO] collision: TX slot collision detected between AA:BB:CC:00:00:01 and AA:BB:CC:00:00:00 (time delta: 0.00 ms)
2026/07/26 09:23:47 [INFO] collision: TX slot collision detected between AA:BB:CC:00:00:01 and AA:BB:CC:00:00:03 (time delta: 0.00 ms)
2026/07/26 09:23:47 [INFO] collision: TX slot collision detected between AA:BB:CC:00:00:03 and AA:BB:CC:00:00:01 (time delta: 0.00 ms)
2026/07/26 09:23:47 [INFO] collision: TX slot collision detected between AA:BB:CC:00:00:03 and AA:BB:CC:00:00:00 (time delta: 0.00 ms)
2026/07/26 09:23:47 [INFO] collision: TX slot collision detected between AA:BB:CC:00:00:03 and AA:BB:CC:00:00:01 (time delta: 0.00 ms)
2026/07/26 09:23:47 [INFO] collision: TX slot collision detected between AA:BB:CC:00:00:03 and AA:BB:CC:00:00:00 (time delta: 0.00 ms)
2026/07/26 09:23:47 "GET http://localhost:8088/api/blobs HTTP/1.1" from 127.0.0.1:55630 - 200 5B in 19.56µs
2026/07/26 09:23:47 [INFO] collision: TX slot collision detected between AA:BB:CC:00:00:03 and AA:BB:CC:00:00:01 (time delta: 0.00 ms)
2026/07/26 09:23:47 [INFO] collision: TX slot collision detected between AA:BB:CC:00:00:00 and AA:BB:CC:00:00:01 (time delta: 0.00 ms)
2026/07/26 09:23:47 [INFO] collision: TX slot collision detected between AA:BB:CC:00:00:00 and AA:BB:CC:00:00:03 (time delta: 0.00 ms)
2026/07/26 09:23:47 [INFO] collision: TX slot collision detected between AA:BB:CC:00:00:00 and AA:BB:CC:00:00:03 (time delta: 0.00 ms)
2026/07/26 09:23:47 [INFO] collision: TX slot collision detected between AA:BB:CC:00:00:00 and AA:BB:CC:00:00:01 (time delta: 0.00 ms)
2026/07/26 09:23:47 [INFO] collision: TX slot collision detected between AA:BB:CC:00:00:00 and AA:BB:CC:00:00:03 (time delta: 0.00 ms)
2026/07/26 09:23:47 [INFO] collision: TX slot collision detected between AA:BB:CC:00:00:00 and AA:BB:CC:00:00:01 (time delta: 0.00 ms)
2026/07/26 09:23:47 [INFO] collision: TX slot collision detected between AA:BB:CC:00:00:01 and AA:BB:CC:00:00:00 (time delta: 0.00 ms)
2026/07/26 09:23:47 [INFO] collision: TX slot collision detected between AA:BB:CC:00:00:01 and AA:BB:CC:00:00:03 (time delta: 0.00 ms)
2026/07/26 09:23:47 [INFO] collision: TX slot collision detected between AA:BB:CC:00:00:01 and AA:BB:CC:00:00:00 (time delta: 0.00 ms)
2026/07/26 09:23:47 [INFO] collision: TX slot collision detected between AA:BB:CC:00:00:01 and AA:BB:CC:00:00:03 (time delta: 0.00 ms)
2026/07/26 09:23:47 [INFO] collision: TX slot collision detected between AA:BB:CC:00:00:03 and AA:BB:CC:00:00:01 (time delta: 0.00 ms)
2026/07/26 09:23:47 [INFO] collision: TX slot collision detected between AA:BB:CC:00:00:03 and AA:BB:CC:00:00:00 (time delta: 0.00 ms)
2026/07/26 09:23:47 [INFO] collision: TX slot collision detected between AA:BB:CC:00:00:03 and AA:BB:CC:00:00:01 (time delta: 0.00 ms)
2026/07/26 09:23:47 [INFO] collision: TX slot collision detected between AA:BB:CC:00:00:03 and AA:BB:CC:00:00:00 (time delta: 0.00 ms)
2026/07/26 09:23:47 [INFO] collision: TX slot collision detected between AA:BB:CC:00:00:00 and AA:BB:CC:00:00:01 (time delta: 0.00 ms)
2026/07/26 09:23:47 [INFO] collision: TX slot collision detected between AA:BB:CC:00:00:03 and AA:BB:CC:00:00:01 (time delta: 0.00 ms)
2026/07/26 09:23:47 [INFO] collision: TX slot collision detected between AA:BB:CC:00:00:03 and AA:BB:CC:00:00:00 (time delta: 0.00 ms)
2026/07/26 09:23:47 [INFO] collision: TX slot collision detected between AA:BB:CC:00:00:00 and AA:BB:CC:00:00:01 (time delta: 0.00 ms)
2026/07/26 09:23:47 [INFO] collision: TX slot collision detected between AA:BB:CC:00:00:00 and AA:BB:CC:00:00:03 (time delta: 0.00 ms)
2026/07/26 09:23:47 [INFO] collision: TX slot collision detected between AA:BB:CC:00:00:03 and AA:BB:CC:00:00:01 (time delta: 0.00 ms)
2026/07/26 09:23:47 [INFO] collision: TX slot collision detected between AA:BB:CC:00:00:03 and AA:BB:CC:00:00:00 (time delta: 0.00 ms)
2026/07/26 09:23:47 [INFO] collision: TX slot collision detected between AA:BB:CC:00:00:00 and AA:BB:CC:00:00:01 (time delta: 0.00 ms)
2026/07/26 09:23:47 [INFO] collision: TX slot collision detected between AA:BB:CC:00:00:00 and AA:BB:CC:00:00:03 (time delta: 0.00 ms)
2026/07/26 09:23:47 [INFO] collision: TX slot collision detected between AA:BB:CC:00:00:01 and AA:BB:CC:00:00:00 (time delta: 0.00 ms)
2026/07/26 09:23:47 [INFO] collision: TX slot collision detected between AA:BB:CC:00:00:01 and AA:BB:CC:00:00:03 (time delta: 0.00 ms)
2026/07/26 09:23:47 [INFO] collision: TX slot collision detected between AA:BB:CC:00:00:01 and AA:BB:CC:00:00:00 (time delta: 0.00 ms)
2026/07/26 09:23:47 [INFO] collision: TX slot collision detected between AA:BB:CC:00:00:01 and AA:BB:CC:00:00:03 (time delta: 0.00 ms)
2026/07/26 09:23:47 [INFO] collision: TX slot collision detected between AA:BB:CC:00:00:03 and AA:BB:CC:00:00:01 (time delta: 0.00 ms)
2026/07/26 09:23:47 [INFO] collision: TX slot collision detected between AA:BB:CC:00:00:03 and AA:BB:CC:00:00:00 (time delta: 0.00 ms)
2026/07/26 09:23:47 [INFO] collision: TX slot collision detected between AA:BB:CC:00:00:00 and AA:BB:CC:00:00:01 (time delta: 0.00 ms)
2026/07/26 09:23:47 [INFO] collision: TX slot collision detected between AA:BB:CC:00:00:03 and AA:BB:CC:00:00:01 (time delta: 0.00 ms)
2026/07/26 09:23:47 [INFO] collision: TX slot collision detected between AA:BB:CC:00:00:03 and AA:BB:CC:00:00:00 (time delta: 0.00 ms)
2026/07/26 09:23:47 [INFO] collision: TX slot collision detected between AA:BB:CC:00:00:00 and AA:BB:CC:00:00:03 (time delta: 0.00 ms)
2026/07/26 09:23:47 [INFO] collision: TX slot collision detected between AA:BB:CC:00:00:00 and AA:BB:CC:00:00:01 (time delta: 0.00 ms)
2026/07/26 09:23:47 [INFO] collision: TX slot collision detected between AA:BB:CC:00:00:00 and AA:BB:CC:00:00:03 (time delta: 0.00 ms)
2026/07/26 09:23:47 [INFO] collision: TX slot collision detected between AA:BB:CC:00:00:00 and AA:BB:CC:00:00:01 (time delta: 0.00 ms)
2026/07/26 09:23:47 [INFO] collision: TX slot collision detected between AA:BB:CC:00:00:01 and AA:BB:CC:00:00:00 (time delta: 0.00 ms)
2026/07/26 09:23:47 [INFO] collision: TX slot collision detected between AA:BB:CC:00:00:01 and AA:BB:CC:00:00:03 (time delta: 0.00 ms)
2026/07/26 09:23:47 [INFO] collision: TX slot collision detected between AA:BB:CC:00:00:01 and AA:BB:CC:00:00:00 (time delta: 0.00 ms)
2026/07/26 09:23:47 [INFO] collision: TX slot collision detected between AA:BB:CC:00:00:01 and AA:BB:CC:00:00:03 (time delta: 0.00 ms)
2026/07/26 09:23:47 [INFO] collision: TX slot collision detected between AA:BB:CC:00:00:03 and AA:BB:CC:00:00:00 (time delta: 0.00 ms)
2026/07/26 09:23:47 [INFO] collision: TX slot collision detected between AA:BB:CC:00:00:03 and AA:BB:CC:00:00:01 (time delta: 0.00 ms)
2026/07/26 09:23:47 [INFO] collision: TX slot collision detected between AA:BB:CC:00:00:03 and AA:BB:CC:00:00:01 (time delta: 0.00 ms)
2026/07/26 09:23:47 [INFO] collision: TX slot collision detected between AA:BB:CC:00:00:03 and AA:BB:CC:00:00:00 (time delta: 0.00 ms)
2026/07/26 09:23:47 [INFO] collision: TX slot collision detected between AA:BB:CC:00:00:00 and AA:BB:CC:00:00:01 (time delta: 0.00 ms)
2026/07/26 09:23:47 [INFO] collision: TX slot collision detected between AA:BB:CC:00:00:03 and AA:BB:CC:00:00:01 (time delta: 0.00 ms)
2026/07/26 09:23:47 [INFO] collision: TX slot collision detected between AA:BB:CC:00:00:03 and AA:BB:CC:00:00:00 (time delta: 0.00 ms)
2026/07/26 09:23:47 [INFO] collision: TX slot collision detected between AA:BB:CC:00:00:00 and AA:BB:CC:00:00:01 (time delta: 0.00 ms)
2026/07/26 09:23:47 [INFO] collision: TX slot collision detected between AA:BB:CC:00:00:00 and AA:BB:CC:00:00:03 (time delta: 0.00 ms)
2026/07/26 09:23:47 [INFO] collision: TX slot collision detected between AA:BB:CC:00:00:00 and AA:BB:CC:00:00:01 (time delta: 0.00 ms)
2026/07/26 09:23:47 [INFO] collision: TX slot collision detected between AA:BB:CC:00:00:00 and AA:BB:CC:00:00:03 (time delta: 0.00 ms)
2026/07/26 09:23:47 [INFO] collision: TX slot collision detected between AA:BB:CC:00:00:01 and AA:BB:CC:00:00:00 (time delta: 0.00 ms)
2026/07/26 09:23:47 [INFO] collision: TX slot collision detected between AA:BB:CC:00:00:01 and AA:BB:CC:00:00:03 (time delta: 0.00 ms)
2026/07/26 09:23:47 [INFO] collision: TX slot collision detected between AA:BB:CC:00:00:01 and AA:BB:CC:00:00:00 (time delta: 0.00 ms)
2026/07/26 09:23:47 [INFO] collision: TX slot collision detected between AA:BB:CC:00:00:01 and AA:BB:CC:00:00:03 (time delta: 0.00 ms)
2026/07/26 09:23:47 [INFO] collision: TX slot collision detected between AA:BB:CC:00:00:03 and AA:BB:CC:00:00:01 (time delta: 0.00 ms)
2026/07/26 09:23:47 [INFO] collision: TX slot collision detected between AA:BB:CC:00:00:03 and AA:BB:CC:00:00:00 (time delta: 0.00 ms)
2026/07/26 09:23:47 [INFO] collision: TX slot collision detected between AA:BB:CC:00:00:03 and AA:BB:CC:00:00:01 (time delta: 0.00 ms)
2026/07/26 09:23:47 [INFO] collision: TX slot collision detected between AA:BB:CC:00:00:03 and AA:BB:CC:00:00:00 (time delta: 0.00 ms)
2026/07/26 09:23:47 [INFO] collision: TX slot collision detected between AA:BB:CC:00:00:03 and AA:BB:CC:00:00:01 (time delta: 0.00 ms)
2026/07/26 09:23:47 [INFO] collision: TX slot collision detected between AA:BB:CC:00:00:00 and AA:BB:CC:00:00:01 (time delta: 0.00 ms)
2026/07/26 09:23:47 [INFO] collision: TX slot collision detected between AA:BB:CC:00:00:00 and AA:BB:CC:00:00:03 (time delta: 0.00 ms)
2026/07/26 09:23:47 [INFO] collision: TX slot collision detected between AA:BB:CC:00:00:00 and AA:BB:CC:00:00:03 (time delta: 0.00 ms)
2026/07/26 09:23:47 [INFO] collision: TX slot collision detected between AA:BB:CC:00:00:00 and AA:BB:CC:00:00:01 (time delta: 0.00 ms)
2026/07/26 09:23:47 [INFO] collision: TX slot collision detected between AA:BB:CC:00:00:01 and AA:BB:CC:00:00:00 (time delta: 0.00 ms)
2026/07/26 09:23:47 [INFO] collision: TX slot collision detected between AA:BB:CC:00:00:01 and AA:BB:CC:00:00:03 (time delta: 0.00 ms)
2026/07/26 09:23:47 [INFO] collision: TX slot collision detected between AA:BB:CC:00:00:00 and AA:BB:CC:00:00:03 (time delta: 0.00 ms)
2026/07/26 09:23:47 [INFO] collision: TX slot collision detected between AA:BB:CC:00:00:00 and AA:BB:CC:00:00:01 (time delta: 0.00 ms)
2026/07/26 09:23:47 [INFO] collision: TX slot collision detected between AA:BB:CC:00:00:03 and AA:BB:CC:00:00:01 (time delta: 0.00 ms)
2026/07/26 09:23:47 [INFO] collision: TX slot collision detected between AA:BB:CC:00:00:03 and AA:BB:CC:00:00:00 (time delta: 0.00 ms)
2026/07/26 09:23:47 [INFO] collision: TX slot collision detected between AA:BB:CC:00:00:03 and AA:BB:CC:00:00:01 (time delta: 0.00 ms)
2026/07/26 09:23:47 [INFO] collision: TX slot collision detected between AA:BB:CC:00:00:03 and AA:BB:CC:00:00:00 (time delta: 0.00 ms)
2026/07/26 09:23:47 [INFO] collision: TX slot collision detected between AA:BB:CC:00:00:01 and AA:BB:CC:00:00:00 (time delta: 0.00 ms)
2026/07/26 09:23:47 [INFO] collision: TX slot collision detected between AA:BB:CC:00:00:01 and AA:BB:CC:00:00:03 (time delta: 0.00 ms)
2026/07/26 09:23:47 [INFO] collision: TX slot collision detected between AA:BB:CC:00:00:00 and AA:BB:CC:00:00:01 (time delta: 0.00 ms)
2026/07/26 09:23:47 [INFO] collision: TX slot collision detected between AA:BB:CC:00:00:00 and AA:BB:CC:00:00:01 (time delta: 0.00 ms)
2026/07/26 09:23:47 [INFO] collision: TX slot collision detected between AA:BB:CC:00:00:00 and AA:BB:CC:00:00:01 (time delta: 0.00 ms)
2026/07/26 09:23:47 [INFO] collision: TX slot collision detected between AA:BB:CC:00:00:01 and AA:BB:CC:00:00:00 (time delta: 0.00 ms)
2026/07/26 09:23:47 [INFO] collision: TX slot collision detected between AA:BB:CC:00:00:01 and AA:BB:CC:00:00:00 (time delta: 0.00 ms)
2026/07/26 09:23:47 [INFO] collision: TX slot collision detected between AA:BB:CC:00:00:03 and AA:BB:CC:00:00:01 (time delta: 0.00 ms)
2026/07/26 09:23:47 [INFO] collision: TX slot collision detected between AA:BB:CC:00:00:03 and AA:BB:CC:00:00:00 (time delta: 0.00 ms)
2026/07/26 09:23:47 [INFO] collision: TX slot collision detected between AA:BB:CC:00:00:03 and AA:BB:CC:00:00:00 (time delta: 0.00 ms)
2026/07/26 09:23:47 [INFO] collision: TX slot collision detected between AA:BB:CC:00:00:03 and AA:BB:CC:00:00:01 (time delta: 0.00 ms)
2026/07/26 09:23:47 [INFO] collision: TX slot collision detected between AA:BB:CC:00:00:03 and AA:BB:CC:00:00:01 (time delta: 0.00 ms)
2026/07/26 09:23:47 [INFO] collision: TX slot collision detected between AA:BB:CC:00:00:03 and AA:BB:CC:00:00:00 (time delta: 0.00 ms)
2026/07/26 09:23:47 [INFO] collision: TX slot collision detected between AA:BB:CC:00:00:00 and AA:BB:CC:00:00:01 (time delta: 0.00 ms)
2026/07/26 09:23:47 [INFO] collision: TX slot collision detected between AA:BB:CC:00:00:00 and AA:BB:CC:00:00:01 (time delta: 0.00 ms)
2026/07/26 09:23:47 [INFO] collision: TX slot collision detected between AA:BB:CC:00:00:03 and AA:BB:CC:00:00:01 (time delta: 0.00 ms)
2026/07/26 09:23:47 [INFO] collision: TX slot collision detected between AA:BB:CC:00:00:03 and AA:BB:CC:00:00:00 (time delta: 0.00 ms)
2026/07/26 09:23:47 [INFO] collision: TX slot collision detected between AA:BB:CC:00:00:00 and AA:BB:CC:00:00:01 (time delta: 0.00 ms)
2026/07/26 09:23:47 [INFO] collision: TX slot collision detected between AA:BB:CC:00:00:00 and AA:BB:CC:00:00:03 (time delta: 0.00 ms)
2026/07/26 09:23:47 [INFO] collision: TX slot collision detected between AA:BB:CC:00:00:01 and AA:BB:CC:00:00:00 (time delta: 0.00 ms)
2026/07/26 09:23:47 [INFO] collision: TX slot collision detected between AA:BB:CC:00:00:01 and AA:BB:CC:00:00:03 (time delta: 0.00 ms)
2026/07/26 09:23:47 [INFO] collision: TX slot collision detected between AA:BB:CC:00:00:03 and AA:BB:CC:00:00:01 (time delta: 0.00 ms)
2026/07/26 09:23:47 [INFO] collision: TX slot collision detected between AA:BB:CC:00:00:03 and AA:BB:CC:00:00:00 (time delta: 0.00 ms)
2026/07/26 09:23:47 [INFO] collision: TX slot collision detected between AA:BB:CC:00:00:01 and AA:BB:CC:00:00:00 (time delta: 0.00 ms)
2026/07/26 09:23:47 [INFO] collision: TX slot collision detected between AA:BB:CC:00:00:01 and AA:BB:CC:00:00:03 (time delta: 0.00 ms)
2026/07/26 09:23:47 [INFO] collision: TX slot collision detected between AA:BB:CC:00:00:03 and AA:BB:CC:00:00:00 (time delta: 0.00 ms)
2026/07/26 09:23:47 [INFO] collision: TX slot collision detected between AA:BB:CC:00:00:03 and AA:BB:CC:00:00:01 (time delta: 0.00 ms)
2026/07/26 09:23:47 [INFO] collision: TX slot collision detected between AA:BB:CC:00:00:01 and AA:BB:CC:00:00:00 (time delta: 0.00 ms)
2026/07/26 09:23:47 [INFO] collision: TX slot collision detected between AA:BB:CC:00:00:00 and AA:BB:CC:00:00:01 (time delta: 0.00 ms)
2026/07/26 09:23:47 [INFO] collision: TX slot collision detected between AA:BB:CC:00:00:01 and AA:BB:CC:00:00:00 (time delta: 0.00 ms)
2026/07/26 09:23:47 [INFO] collision: TX slot collision detected between AA:BB:CC:00:00:00 and AA:BB:CC:00:00:01 (time delta: 0.00 ms)
2026/07/26 09:23:47 [INFO] collision: TX slot collision detected between AA:BB:CC:00:00:03 and AA:BB:CC:00:00:01 (time delta: 0.00 ms)
2026/07/26 09:23:47 [INFO] collision: TX slot collision detected between AA:BB:CC:00:00:03 and AA:BB:CC:00:00:00 (time delta: 0.00 ms)
2026/07/26 09:23:47 [INFO] collision: TX slot collision detected between AA:BB:CC:00:00:03 and AA:BB:CC:00:00:01 (time delta: 0.00 ms)
2026/07/26 09:23:47 [INFO] collision: TX slot collision detected between AA:BB:CC:00:00:03 and AA:BB:CC:00:00:00 (time delta: 0.00 ms)
2026/07/26 09:23:47 [INFO] collision: TX slot collision detected between AA:BB:CC:00:00:01 and AA:BB:CC:00:00:00 (time delta: 0.00 ms)
2026/07/26 09:23:47 [INFO] collision: TX slot collision detected between AA:BB:CC:00:00:01 and AA:BB:CC:00:00:03 (time delta: 0.00 ms)
2026/07/26 09:23:47 [INFO] collision: TX slot collision detected between AA:BB:CC:00:00:03 and AA:BB:CC:00:00:01 (time delta: 0.00 ms)
2026/07/26 09:23:47 [INFO] collision: TX slot collision detected between AA:BB:CC:00:00:03 and AA:BB:CC:00:00:00 (time delta: 0.00 ms)
2026/07/26 09:23:47 [INFO] collision: TX slot collision detected between AA:BB:CC:00:00:03 and AA:BB:CC:00:00:01 (time delta: 0.00 ms)
2026/07/26 09:23:47 [INFO] collision: TX slot collision detected between AA:BB:CC:00:00:00 and AA:BB:CC:00:00:03 (time delta: 0.00 ms)
2026/07/26 09:23:47 [INFO] collision: TX slot collision detected between AA:BB:CC:00:00:00 and AA:BB:CC:00:00:01 (time delta: 0.00 ms)
2026/07/26 09:23:47 [INFO] collision: TX slot collision detected between AA:BB:CC:00:00:00 and AA:BB:CC:00:00:01 (time delta: 0.00 ms)
2026/07/26 09:23:47 [INFO] collision: TX slot collision detected between AA:BB:CC:00:00:00 and AA:BB:CC:00:00:03 (time delta: 0.00 ms)
2026/07/26 09:23:47 [INFO] collision: TX slot collision detected between AA:BB:CC:00:00:00 and AA:BB:CC:00:00:01 (time delta: 0.00 ms)
2026/07/26 09:23:47 [INFO] collision: TX slot collision detected between AA:BB:CC:00:00:00 and AA:BB:CC:00:00:03 (time delta: 0.00 ms)
2026/07/26 09:23:47 [INFO] collision: TX slot collision detected between AA:BB:CC:00:00:01 and AA:BB:CC:00:00:00 (time delta: 0.00 ms)
2026/07/26 09:23:47 [INFO] collision: TX slot collision detected between AA:BB:CC:00:00:01 and AA:BB:CC:00:00:03 (time delta: 0.00 ms)
2026/07/26 09:23:47 [INFO] collision: TX slot collision detected between AA:BB:CC:00:00:03 and AA:BB:CC:00:00:00 (time delta: 0.00 ms)
2026/07/26 09:23:47 [INFO] collision: TX slot collision detected between AA:BB:CC:00:00:03 and AA:BB:CC:00:00:01 (time delta: 0.00 ms)
2026/07/26 09:23:47 [INFO] collision: TX slot collision detected between AA:BB:CC:00:00:01 and AA:BB:CC:00:00:03 (time delta: 0.00 ms)
2026/07/26 09:23:47 [INFO] collision: TX slot collision detected between AA:BB:CC:00:00:01 and AA:BB:CC:00:00:00 (time delta: 0.00 ms)
2026/07/26 09:23:47 [INFO] collision: TX slot collision detected between AA:BB:CC:00:00:03 and AA:BB:CC:00:00:01 (time delta: 0.00 ms)
2026/07/26 09:23:47 [INFO] collision: TX slot collision detected between AA:BB:CC:00:00:03 and AA:BB:CC:00:00:00 (time delta: 0.00 ms)
2026/07/26 09:23:47 [INFO] collision: TX slot collision detected between AA:BB:CC:00:00:00 and AA:BB:CC:00:00:01 (time delta: 0.00 ms)
2026/07/26 09:23:47 [INFO] collision: TX slot collision detected between AA:BB:CC:00:00:00 and AA:BB:CC:00:00:01 (time delta: 0.00 ms)
2026/07/26 09:23:47 [INFO] collision: TX slot collision detected between AA:BB:CC:00:00:03 and AA:BB:CC:00:00:01 (time delta: 0.00 ms)
2026/07/26 09:23:47 [INFO] collision: TX slot collision detected between AA:BB:CC:00:00:03 and AA:BB:CC:00:00:00 (time delta: 0.00 ms)
2026/07/26 09:23:47 [INFO] collision: TX slot collision detected between AA:BB:CC:00:00:03 and AA:BB:CC:00:00:00 (time delta: 0.00 ms)
2026/07/26 09:23:47 [INFO] collision: TX slot collision detected between AA:BB:CC:00:00:03 and AA:BB:CC:00:00:01 (time delta: 0.00 ms)
2026/07/26 09:23:47 [INFO] collision: TX slot collision detected between AA:BB:CC:00:00:00 and AA:BB:CC:00:00:01 (time delta: 0.00 ms)
2026/07/26 09:23:47 [INFO] collision: TX slot collision detected between AA:BB:CC:00:00:00 and AA:BB:CC:00:00:03 (time delta: 0.00 ms)
2026/07/26 09:23:47 [INFO] collision: TX slot collision detected between AA:BB:CC:00:00:01 and AA:BB:CC:00:00:00 (time delta: 0.00 ms)
2026/07/26 09:23:47 [INFO] collision: TX slot collision detected between AA:BB:CC:00:00:01 and AA:BB:CC:00:00:03 (time delta: 0.00 ms)
2026/07/26 09:23:47 [INFO] collision: TX slot collision detected between AA:BB:CC:00:00:01 and AA:BB:CC:00:00:00 (time delta: 0.00 ms)
2026/07/26 09:23:47 [INFO] collision: TX slot collision detected between AA:BB:CC:00:00:01 and AA:BB:CC:00:00:03 (time delta: 0.00 ms)
2026/07/26 09:23:47 [INFO] collision: TX slot collision detected between AA:BB:CC:00:00:03 and AA:BB:CC:00:00:01 (time delta: 0.00 ms)
2026/07/26 09:23:47 [INFO] collision: TX slot collision detected between AA:BB:CC:00:00:03 and AA:BB:CC:00:00:00 (time delta: 0.00 ms)
2026/07/26 09:23:47 [INFO] collision: TX slot collision detected between AA:BB:CC:00:00:00 and AA:BB:CC:00:00:01 (time delta: 0.00 ms)
2026/07/26 09:23:47 [INFO] collision: TX slot collision detected between AA:BB:CC:00:00:00 and AA:BB:CC:00:00:01 (time delta: 0.00 ms)
2026/07/26 09:23:47 [INFO] collision: TX slot collision detected between AA:BB:CC:00:00:03 and AA:BB:CC:00:00:01 (time delta: 0.00 ms)
2026/07/26 09:23:47 [INFO] collision: TX slot collision detected between AA:BB:CC:00:00:03 and AA:BB:CC:00:00:00 (time delta: 0.00 ms)
2026/07/26 09:23:47 [INFO] collision: TX slot collision detected between AA:BB:CC:00:00:00 and AA:BB:CC:00:00:01 (time delta: 0.00 ms)
2026/07/26 09:23:47 [INFO] collision: TX slot collision detected between AA:BB:CC:00:00:00 and AA:BB:CC:00:00:03 (time delta: 0.00 ms)
2026/07/26 09:23:47 [INFO] collision: TX slot collision detected between AA:BB:CC:00:00:03 and AA:BB:CC:00:00:00 (time delta: 0.00 ms)
2026/07/26 09:23:47 [INFO] collision: TX slot collision detected between AA:BB:CC:00:00:03 and AA:BB:CC:00:00:01 (time delta: 0.00 ms)
2026/07/26 09:23:47 [INFO] collision: TX slot collision detected between AA:BB:CC:00:00:01 and AA:BB:CC:00:00:00 (time delta: 0.00 ms)
2026/07/26 09:23:47 [INFO] collision: TX slot collision detected between AA:BB:CC:00:00:01 and AA:BB:CC:00:00:03 (time delta: 0.00 ms)
2026/07/26 09:23:47 [INFO] collision: TX slot collision detected between AA:BB:CC:00:00:01 and AA:BB:CC:00:00:00 (time delta: 0.00 ms)
2026/07/26 09:23:47 [INFO] collision: TX slot collision detected between AA:BB:CC:00:00:01 and AA:BB:CC:00:00:03 (time delta: 0.00 ms)
2026/07/26 09:23:47 [INFO] collision: TX slot collision detected between AA:BB:CC:00:00:03 and AA:BB:CC:00:00:01 (time delta: 0.00 ms)
2026/07/26 09:23:47 [INFO] collision: TX slot collision detected between AA:BB:CC:00:00:03 and AA:BB:CC:00:00:00 (time delta: 0.00 ms)
2026/07/26 09:23:47 [INFO] collision: TX slot collision detected between AA:BB:CC:00:00:03 and AA:BB:CC:00:00:01 (time delta: 0.00 ms)
2026/07/26 09:23:47 [INFO] collision: TX slot collision detected between AA:BB:CC:00:00:00 and AA:BB:CC:00:00:01 (time delta: 0.00 ms)
2026/07/26 09:23:47 [INFO] collision: TX slot collision detected between AA:BB:CC:00:00:00 and AA:BB:CC:00:00:03 (time delta: 0.00 ms)
2026/07/26 09:23:47 [INFO] collision: TX slot collision detected between AA:BB:CC:00:00:00 and AA:BB:CC:00:00:01 (time delta: 0.00 ms)
2026/07/26 09:23:47 [INFO] collision: TX slot collision detected between AA:BB:CC:00:00:00 and AA:BB:CC:00:00:03 (time delta: 0.00 ms)
2026/07/26 09:23:47 [INFO] collision: TX slot collision detected between AA:BB:CC:00:00:00 and AA:BB:CC:00:00:01 (time delta: 0.00 ms)
2026/07/26 09:23:47 [INFO] collision: TX slot collision detected between AA:BB:CC:00:00:00 and AA:BB:CC:00:00:03 (time delta: 0.00 ms)
2026/07/26 09:23:47 [INFO] collision: TX slot collision detected between AA:BB:CC:00:00:01 and AA:BB:CC:00:00:00 (time delta: 0.00 ms)
2026/07/26 09:23:47 [INFO] collision: TX slot collision detected between AA:BB:CC:00:00:01 and AA:BB:CC:00:00:03 (time delta: 0.00 ms)
2026/07/26 09:23:47 [INFO] collision: TX slot collision detected between AA:BB:CC:00:00:01 and AA:BB:CC:00:00:00 (time delta: 0.00 ms)
2026/07/26 09:23:47 [INFO] collision: TX slot collision detected between AA:BB:CC:00:00:01 and AA:BB:CC:00:00:03 (time delta: 0.00 ms)
2026/07/26 09:23:47 [INFO] collision: TX slot collision detected between AA:BB:CC:00:00:03 and AA:BB:CC:00:00:01 (time delta: 0.00 ms)
2026/07/26 09:23:47 [INFO] collision: TX slot collision detected between AA:BB:CC:00:00:03 and AA:BB:CC:00:00:00 (time delta: 0.00 ms)
2026/07/26 09:23:47 [INFO] collision: TX slot collision detected between AA:BB:CC:00:00:03 and AA:BB:CC:00:00:01 (time delta: 0.00 ms)
2026/07/26 09:23:47 [INFO] collision: TX slot collision detected between AA:BB:CC:00:00:03 and AA:BB:CC:00:00:00 (time delta: 0.00 ms)
2026/07/26 09:23:47 [INFO] collision: TX slot collision detected between AA:BB:CC:00:00:03 and AA:BB:CC:00:00:01 (time delta: 0.00 ms)
2026/07/26 09:23:47 [INFO] collision: TX slot collision detected between AA:BB:CC:00:00:00 and AA:BB:CC:00:00:01 (time delta: 0.00 ms)
2026/07/26 09:23:47 [INFO] collision: TX slot collision detected between AA:BB:CC:00:00:00 and AA:BB:CC:00:00:03 (time delta: 0.00 ms)
2026/07/26 09:23:47 [INFO] collision: TX slot collision detected between AA:BB:CC:00:00:00 and AA:BB:CC:00:00:03 (time delta: 0.00 ms)
2026/07/26 09:23:47 [INFO] collision: TX slot collision detected between AA:BB:CC:00:00:00 and AA:BB:CC:00:00:01 (time delta: 0.00 ms)
2026/07/26 09:23:47 [INFO] collision: TX slot collision detected between AA:BB:CC:00:00:00 and AA:BB:CC:00:00:03 (time delta: 0.00 ms)
2026/07/26 09:23:47 [INFO] collision: TX slot collision detected between AA:BB:CC:00:00:00 and AA:BB:CC:00:00:01 (time delta: 0.00 ms)
2026/07/26 09:23:47 [INFO] collision: TX slot collision detected between AA:BB:CC:00:00:01 and AA:BB:CC:00:00:00 (time delta: 0.00 ms)
2026/07/26 09:23:47 [INFO] collision: TX slot collision detected between AA:BB:CC:00:00:01 and AA:BB:CC:00:00:03 (time delta: 0.00 ms)
2026/07/26 09:23:47 [INFO] collision: TX slot collision detected between AA:BB:CC:00:00:01 and AA:BB:CC:00:00:00 (time delta: 0.00 ms)
2026/07/26 09:23:47 [INFO] collision: TX slot collision detected between AA:BB:CC:00:00:01 and AA:BB:CC:00:00:03 (time delta: 0.00 ms)
2026/07/26 09:23:47 [INFO] collision: TX slot collision detected between AA:BB:CC:00:00:03 and AA:BB:CC:00:00:01 (time delta: 0.00 ms)
2026/07/26 09:23:47 [INFO] collision: TX slot collision detected between AA:BB:CC:00:00:03 and AA:BB:CC:00:00:00 (time delta: 0.00 ms)
2026/07/26 09:23:47 [INFO] collision: TX slot collision detected between AA:BB:CC:00:00:03 and AA:BB:CC:00:00:01 (time delta: 0.00 ms)
2026/07/26 09:23:47 [INFO] collision: TX slot collision detected between AA:BB:CC:00:00:03 and AA:BB:CC:00:00:00 (time delta: 0.00 ms)
2026/07/26 09:23:47 [INFO] collision: TX slot collision detected between AA:BB:CC:00:00:00 and AA:BB:CC:00:00:01 (time delta: 0.00 ms)
2026/07/26 09:23:47 [INFO] collision: TX slot collision detected between AA:BB:CC:00:00:00 and AA:BB:CC:00:00:01 (time delta: 0.00 ms)
2026/07/26 09:23:47 [INFO] collision: TX slot collision detected between AA:BB:CC:00:00:00 and AA:BB:CC:00:00:01 (time delta: 0.00 ms)
2026/07/26 09:23:47 [INFO] collision: TX slot collision detected between AA:BB:CC:00:00:03 and AA:BB:CC:00:00:01 (time delta: 0.00 ms)
2026/07/26 09:23:47 [INFO] collision: TX slot collision detected between AA:BB:CC:00:00:03 and AA:BB:CC:00:00:00 (time delta: 0.00 ms)
2026/07/26 09:23:47 [INFO] collision: TX slot collision detected between AA:BB:CC:00:00:01 and AA:BB:CC:00:00:00 (time delta: 0.00 ms)
2026/07/26 09:23:47 [INFO] collision: TX slot collision detected between AA:BB:CC:00:00:01 and AA:BB:CC:00:00:03 (time delta: 0.00 ms)
2026/07/26 09:23:47 [INFO] collision: TX slot collision detected between AA:BB:CC:00:00:03 and AA:BB:CC:00:00:01 (time delta: 0.00 ms)
2026/07/26 09:23:47 [INFO] collision: TX slot collision detected between AA:BB:CC:00:00:03 and AA:BB:CC:00:00:00 (time delta: 0.00 ms)
2026/07/26 09:23:47 [INFO] collision: TX slot collision detected between AA:BB:CC:00:00:01 and AA:BB:CC:00:00:00 (time delta: 0.00 ms)
2026/07/26 09:23:47 [INFO] collision: TX slot collision detected between AA:BB:CC:00:00:01 and AA:BB:CC:00:00:03 (time delta: 0.00 ms)
2026/07/26 09:23:47 [INFO] collision: TX slot collision detected between AA:BB:CC:00:00:03 and AA:BB:CC:00:00:01 (time delta: 0.00 ms)
2026/07/26 09:23:47 [INFO] collision: TX slot collision detected between AA:BB:CC:00:00:03 and AA:BB:CC:00:00:00 (time delta: 0.00 ms)
2026/07/26 09:23:47 [INFO] collision: TX slot collision detected between AA:BB:CC:00:00:03 and AA:BB:CC:00:00:01 (time delta: 0.00 ms)
2026/07/26 09:23:47 [INFO] collision: TX slot collision detected between AA:BB:CC:00:00:00 and AA:BB:CC:00:00:01 (time delta: 0.00 ms)
2026/07/26 09:23:47 [INFO] collision: TX slot collision detected between AA:BB:CC:00:00:00 and AA:BB:CC:00:00:03 (time delta: 0.00 ms)
2026/07/26 09:23:47 [INFO] collision: TX slot collision detected between AA:BB:CC:00:00:00 and AA:BB:CC:00:00:01 (time delta: 0.00 ms)
2026/07/26 09:23:47 [INFO] collision: TX slot collision detected between AA:BB:CC:00:00:00 and AA:BB:CC:00:00:03 (time delta: 0.00 ms)
2026/07/26 09:23:47 [INFO] collision: TX slot collision detected between AA:BB:CC:00:00:01 and AA:BB:CC:00:00:00 (time delta: 0.00 ms)
2026/07/26 09:23:47 [INFO] collision: TX slot collision detected between AA:BB:CC:00:00:01 and AA:BB:CC:00:00:03 (time delta: 0.00 ms)
2026/07/26 09:23:47 [INFO] collision: TX slot collision detected between AA:BB:CC:00:00:00 and AA:BB:CC:00:00:03 (time delta: 0.00 ms)
2026/07/26 09:23:47 [INFO] collision: TX slot collision detected between AA:BB:CC:00:00:00 and AA:BB:CC:00:00:01 (time delta: 0.00 ms)
2026/07/26 09:23:47 [INFO] collision: TX slot collision detected between AA:BB:CC:00:00:01 and AA:BB:CC:00:00:00 (time delta: 0.00 ms)
2026/07/26 09:23:47 [INFO] collision: TX slot collision detected between AA:BB:CC:00:00:01 and AA:BB:CC:00:00:03 (time delta: 0.00 ms)
2026/07/26 09:23:47 [INFO] collision: TX slot collision detected between AA:BB:CC:00:00:03 and AA:BB:CC:00:00:01 (time delta: 0.00 ms)
2026/07/26 09:23:47 [INFO] collision: TX slot collision detected between AA:BB:CC:00:00:03 and AA:BB:CC:00:00:00 (time delta: 0.00 ms)
2026/07/26 09:23:47 [INFO] collision: TX slot collision detected between AA:BB:CC:00:00:03 and AA:BB:CC:00:00:01 (time delta: 0.00 ms)
2026/07/26 09:23:47 [INFO] collision: TX slot collision detected between AA:BB:CC:00:00:03 and AA:BB:CC:00:00:00 (time delta: 0.00 ms)
2026/07/26 09:23:47 "GET http://localhost:8088/api/blobs HTTP/1.1" from 127.0.0.1:55640 - 200 5B in 17.616µs
2026/07/26 09:23:47 [INFO] collision: TX slot collision detected between AA:BB:CC:00:00:00 and AA:BB:CC:00:00:01 (time delta: 0.00 ms)
2026/07/26 09:23:47 [INFO] collision: TX slot collision detected between AA:BB:CC:00:00:00 and AA:BB:CC:00:00:01 (time delta: 0.00 ms)
2026/07/26 09:23:47 [INFO] collision: TX slot collision detected between AA:BB:CC:00:00:00 and AA:BB:CC:00:00:01 (time delta: 0.00 ms)
2026/07/26 09:23:47 [INFO] collision: TX slot collision detected between AA:BB:CC:00:00:03 and AA:BB:CC:00:00:00 (time delta: 0.00 ms)
2026/07/26 09:23:47 [INFO] collision: TX slot collision detected between AA:BB:CC:00:00:03 and AA:BB:CC:00:00:01 (time delta: 0.00 ms)
2026/07/26 09:23:47 [INFO] collision: TX slot collision detected between AA:BB:CC:00:00:01 and AA:BB:CC:00:00:00 (time delta: 0.00 ms)
2026/07/26 09:23:47 [INFO] collision: TX slot collision detected between AA:BB:CC:00:00:01 and AA:BB:CC:00:00:03 (time delta: 0.00 ms)
2026/07/26 09:23:47 [INFO] collision: TX slot collision detected between AA:BB:CC:00:00:03 and AA:BB:CC:00:00:01 (time delta: 0.00 ms)
2026/07/26 09:23:47 [INFO] collision: TX slot collision detected between AA:BB:CC:00:00:03 and AA:BB:CC:00:00:00 (time delta: 0.00 ms)
2026/07/26 09:23:47 [INFO] collision: TX slot collision detected between AA:BB:CC:00:00:03 and AA:BB:CC:00:00:01 (time delta: 0.00 ms)
2026/07/26 09:23:47 [INFO] collision: TX slot collision detected between AA:BB:CC:00:00:03 and AA:BB:CC:00:00:00 (time delta: 0.00 ms)
2026/07/26 09:23:47 [INFO] collision: TX slot collision detected between AA:BB:CC:00:00:01 and AA:BB:CC:00:00:00 (time delta: 0.00 ms)
2026/07/26 09:23:47 [INFO] collision: TX slot collision detected between AA:BB:CC:00:00:01 and AA:BB:CC:00:00:03 (time delta: 0.00 ms)
2026/07/26 09:23:47 [INFO] collision: TX slot collision detected between AA:BB:CC:00:00:03 and AA:BB:CC:00:00:01 (time delta: 0.00 ms)
2026/07/26 09:23:47 [INFO] collision: TX slot collision detected between AA:BB:CC:00:00:00 and AA:BB:CC:00:00:01 (time delta: 0.00 ms)
2026/07/26 09:23:47 [INFO] collision: TX slot collision detected between AA:BB:CC:00:00:00 and AA:BB:CC:00:00:03 (time delta: 0.00 ms)
2026/07/26 09:23:47 [INFO] collision: TX slot collision detected between AA:BB:CC:00:00:00 and AA:BB:CC:00:00:01 (time delta: 0.00 ms)
2026/07/26 09:23:47 [INFO] collision: TX slot collision detected between AA:BB:CC:00:00:00 and AA:BB:CC:00:00:03 (time delta: 0.00 ms)
2026/07/26 09:23:47 [INFO] collision: TX slot collision detected between AA:BB:CC:00:00:00 and AA:BB:CC:00:00:01 (time delta: 0.00 ms)
2026/07/26 09:23:47 [INFO] collision: TX slot collision detected between AA:BB:CC:00:00:00 and AA:BB:CC:00:00:03 (time delta: 0.00 ms)
2026/07/26 09:23:47 [INFO] collision: TX slot collision detected between AA:BB:CC:00:00:01 and AA:BB:CC:00:00:00 (time delta: 0.00 ms)
2026/07/26 09:23:47 [INFO] collision: TX slot collision detected between AA:BB:CC:00:00:01 and AA:BB:CC:00:00:03 (time delta: 0.00 ms)
2026/07/26 09:23:47 [INFO] collision: TX slot collision detected between AA:BB:CC:00:00:01 and AA:BB:CC:00:00:03 (time delta: 0.00 ms)
2026/07/26 09:23:47 [INFO] collision: TX slot collision detected between AA:BB:CC:00:00:01 and AA:BB:CC:00:00:00 (time delta: 0.00 ms)
2026/07/26 09:23:47 [INFO] collision: TX slot collision detected between AA:BB:CC:00:00:03 and AA:BB:CC:00:00:01 (time delta: 0.00 ms)
2026/07/26 09:23:47 [INFO] collision: TX slot collision detected between AA:BB:CC:00:00:03 and AA:BB:CC:00:00:00 (time delta: 0.00 ms)
2026/07/26 09:23:47 [INFO] collision: TX slot collision detected between AA:BB:CC:00:00:03 and AA:BB:CC:00:00:01 (time delta: 0.00 ms)
2026/07/26 09:23:47 [INFO] collision: TX slot collision detected between AA:BB:CC:00:00:03 and AA:BB:CC:00:00:00 (time delta: 0.00 ms)
2026/07/26 09:23:47 [INFO] collision: TX slot collision detected between AA:BB:CC:00:00:00 and AA:BB:CC:00:00:01 (time delta: 0.00 ms)
2026/07/26 09:23:47 [INFO] collision: TX slot collision detected between AA:BB:CC:00:00:00 and AA:BB:CC:00:00:01 (time delta: 0.00 ms)
2026/07/26 09:23:47 [INFO] collision: TX slot collision detected between AA:BB:CC:00:00:03 and AA:BB:CC:00:00:01 (time delta: 0.00 ms)
2026/07/26 09:23:47 [INFO] collision: TX slot collision detected between AA:BB:CC:00:00:03 and AA:BB:CC:00:00:00 (time delta: 0.00 ms)
2026/07/26 09:23:47 [INFO] collision: TX slot collision detected between AA:BB:CC:00:00:01 and AA:BB:CC:00:00:00 (time delta: 0.00 ms)
2026/07/26 09:23:47 [INFO] collision: TX slot collision detected between AA:BB:CC:00:00:01 and AA:BB:CC:00:00:03 (time delta: 0.00 ms)
2026/07/26 09:23:47 [INFO] collision: TX slot collision detected between AA:BB:CC:00:00:00 and AA:BB:CC:00:00:01 (time delta: 0.00 ms)
2026/07/26 09:23:47 [INFO] collision: TX slot collision detected between AA:BB:CC:00:00:00 and AA:BB:CC:00:00:03 (time delta: 0.00 ms)
2026/07/26 09:23:47 [INFO] collision: TX slot collision detected between AA:BB:CC:00:00:03 and AA:BB:CC:00:00:01 (time delta: 0.00 ms)
2026/07/26 09:23:47 [INFO] collision: TX slot collision detected between AA:BB:CC:00:00:03 and AA:BB:CC:00:00:00 (time delta: 0.00 ms)
2026/07/26 09:23:47 [INFO] collision: TX slot collision detected between AA:BB:CC:00:00:03 and AA:BB:CC:00:00:01 (time delta: 0.00 ms)
2026/07/26 09:23:47 [INFO] collision: TX slot collision detected between AA:BB:CC:00:00:03 and AA:BB:CC:00:00:00 (time delta: 0.00 ms)
2026/07/26 09:23:47 [INFO] collision: TX slot collision detected between AA:BB:CC:00:00:01 and AA:BB:CC:00:00:00 (time delta: 0.00 ms)
2026/07/26 09:23:47 [INFO] collision: TX slot collision detected between AA:BB:CC:00:00:01 and AA:BB:CC:00:00:03 (time delta: 0.00 ms)
2026/07/26 09:23:47 [INFO] collision: TX slot collision detected between AA:BB:CC:00:00:00 and AA:BB:CC:00:00:01 (time delta: 0.00 ms)
2026/07/26 09:23:47 [INFO] collision: TX slot collision detected between AA:BB:CC:00:00:00 and AA:BB:CC:00:00:01 (time delta: 0.00 ms)
2026/07/26 09:23:47 [INFO] collision: TX slot collision detected between AA:BB:CC:00:00:03 and AA:BB:CC:00:00:01 (time delta: 0.00 ms)
2026/07/26 09:23:47 [INFO] collision: TX slot collision detected between AA:BB:CC:00:00:03 and AA:BB:CC:00:00:00 (time delta: 0.00 ms)
2026/07/26 09:23:47 [INFO] collision: TX slot collision detected between AA:BB:CC:00:00:00 and AA:BB:CC:00:00:01 (time delta: 0.00 ms)
2026/07/26 09:23:47 [INFO] collision: TX slot collision detected between AA:BB:CC:00:00:00 and AA:BB:CC:00:00:03 (time delta: 0.00 ms)
2026/07/26 09:23:47 [INFO] collision: TX slot collision detected between AA:BB:CC:00:00:01 and AA:BB:CC:00:00:00 (time delta: 0.00 ms)
2026/07/26 09:23:47 [INFO] collision: TX slot collision detected between AA:BB:CC:00:00:01 and AA:BB:CC:00:00:03 (time delta: 0.00 ms)
2026/07/26 09:23:47 [INFO] collision: TX slot collision detected between AA:BB:CC:00:00:03 and AA:BB:CC:00:00:01 (time delta: 0.00 ms)
2026/07/26 09:23:47 [INFO] collision: TX slot collision detected between AA:BB:CC:00:00:03 and AA:BB:CC:00:00:00 (time delta: 0.00 ms)
2026/07/26 09:23:47 [INFO] collision: TX slot collision detected between AA:BB:CC:00:00:01 and AA:BB:CC:00:00:00 (time delta: 0.00 ms)
2026/07/26 09:23:47 [INFO] collision: TX slot collision detected between AA:BB:CC:00:00:01 and AA:BB:CC:00:00:03 (time delta: 0.00 ms)
2026/07/26 09:23:47 [INFO] collision: TX slot collision detected between AA:BB:CC:00:00:03 and AA:BB:CC:00:00:01 (time delta: 0.00 ms)
2026/07/26 09:23:47 [INFO] collision: TX slot collision detected between AA:BB:CC:00:00:03 and AA:BB:CC:00:00:00 (time delta: 0.00 ms)
2026/07/26 09:23:48 [INFO] collision: TX slot collision detected between AA:BB:CC:00:00:00 and AA:BB:CC:00:00:01 (time delta: 0.00 ms)
2026/07/26 09:23:48 [INFO] collision: TX slot collision detected between AA:BB:CC:00:00:00 and AA:BB:CC:00:00:01 (time delta: 0.00 ms)
2026/07/26 09:23:48 [INFO] collision: TX slot collision detected between AA:BB:CC:00:00:00 and AA:BB:CC:00:00:01 (time delta: 0.00 ms)
2026/07/26 09:23:48 [INFO] collision: TX slot collision detected between AA:BB:CC:00:00:03 and AA:BB:CC:00:00:01 (time delta: 0.00 ms)
2026/07/26 09:23:48 [INFO] collision: TX slot collision detected between AA:BB:CC:00:00:03 and AA:BB:CC:00:00:00 (time delta: 0.00 ms)
2026/07/26 09:23:48 [INFO] collision: TX slot collision detected between AA:BB:CC:00:00:01 and AA:BB:CC:00:00:00 (time delta: 0.00 ms)
2026/07/26 09:23:48 [INFO] collision: TX slot collision detected between AA:BB:CC:00:00:01 and AA:BB:CC:00:00:03 (time delta: 0.00 ms)
2026/07/26 09:23:48 [INFO] collision: TX slot collision detected between AA:BB:CC:00:00:01 and AA:BB:CC:00:00:00 (time delta: 0.00 ms)
2026/07/26 09:23:48 [INFO] collision: TX slot collision detected between AA:BB:CC:00:00:01 and AA:BB:CC:00:00:03 (time delta: 0.00 ms)
2026/07/26 09:23:48 [INFO] collision: TX slot collision detected between AA:BB:CC:00:00:03 and AA:BB:CC:00:00:01 (time delta: 0.00 ms)
2026/07/26 09:23:48 [INFO] collision: TX slot collision detected between AA:BB:CC:00:00:03 and AA:BB:CC:00:00:00 (time delta: 0.00 ms)
2026/07/26 09:23:48 [INFO] collision: TX slot collision detected between AA:BB:CC:00:00:03 and AA:BB:CC:00:00:01 (time delta: 0.00 ms)
2026/07/26 09:23:48 [INFO] collision: TX slot collision detected between AA:BB:CC:00:00:03 and AA:BB:CC:00:00:00 (time delta: 0.00 ms)
2026/07/26 09:23:48 [INFO] collision: TX slot collision detected between AA:BB:CC:00:00:01 and AA:BB:CC:00:00:00 (time delta: 0.00 ms)
2026/07/26 09:23:48 [INFO] collision: TX slot collision detected between AA:BB:CC:00:00:00 and AA:BB:CC:00:00:01 (time delta: 0.00 ms)
2026/07/26 09:23:48 [INFO] collision: TX slot collision detected between AA:BB:CC:00:00:00 and AA:BB:CC:00:00:01 (time delta: 0.00 ms)
2026/07/26 09:23:48 [INFO] collision: TX slot collision detected between AA:BB:CC:00:00:01 and AA:BB:CC:00:00:00 (time delta: 0.00 ms)
2026/07/26 09:23:48 [INFO] collision: TX slot collision detected between AA:BB:CC:00:00:03 and AA:BB:CC:00:00:01 (time delta: 0.00 ms)
2026/07/26 09:23:48 [INFO] collision: TX slot collision detected between AA:BB:CC:00:00:03 and AA:BB:CC:00:00:00 (time delta: 0.00 ms)
2026/07/26 09:23:48 [INFO] collision: TX slot collision detected between AA:BB:CC:00:00:03 and AA:BB:CC:00:00:01 (time delta: 0.00 ms)
2026/07/26 09:23:48 [INFO] collision: TX slot collision detected between AA:BB:CC:00:00:03 and AA:BB:CC:00:00:00 (time delta: 0.00 ms)
2026/07/26 09:23:48 [INFO] collision: TX slot collision detected between AA:BB:CC:00:00:03 and AA:BB:CC:00:00:01 (time delta: 0.00 ms)
2026/07/26 09:23:48 [INFO] collision: TX slot collision detected between AA:BB:CC:00:00:03 and AA:BB:CC:00:00:00 (time delta: 0.00 ms)
2026/07/26 09:23:48 [INFO] collision: TX slot collision detected between AA:BB:CC:00:00:01 and AA:BB:CC:00:00:00 (time delta: 0.00 ms)
2026/07/26 09:23:48 [INFO] collision: TX slot collision detected between AA:BB:CC:00:00:01 and AA:BB:CC:00:00:03 (time delta: 0.00 ms)
2026/07/26 09:23:48 [INFO] collision: TX slot collision detected between AA:BB:CC:00:00:01 and AA:BB:CC:00:00:00 (time delta: 0.00 ms)
2026/07/26 09:23:48 [INFO] collision: TX slot collision detected between AA:BB:CC:00:00:00 and AA:BB:CC:00:00:01 (time delta: 0.00 ms)
2026/07/26 09:23:48 [INFO] collision: TX slot collision detected between AA:BB:CC:00:00:01 and AA:BB:CC:00:00:00 (time delta: 0.00 ms)
2026/07/26 09:23:48 [INFO] collision: TX slot collision detected between AA:BB:CC:00:00:00 and AA:BB:CC:00:00:01 (time delta: 0.00 ms)
2026/07/26 09:23:48 [INFO] collision: TX slot collision detected between AA:BB:CC:00:00:03 and AA:BB:CC:00:00:01 (time delta: 0.00 ms)
2026/07/26 09:23:48 [INFO] collision: TX slot collision detected between AA:BB:CC:00:00:03 and AA:BB:CC:00:00:00 (time delta: 0.00 ms)
2026/07/26 09:23:48 [INFO] collision: TX slot collision detected between AA:BB:CC:00:00:01 and AA:BB:CC:00:00:00 (time delta: 0.00 ms)
2026/07/26 09:23:48 [INFO] collision: TX slot collision detected between AA:BB:CC:00:00:01 and AA:BB:CC:00:00:03 (time delta: 0.00 ms)
2026/07/26 09:23:48 [INFO] collision: TX slot collision detected between AA:BB:CC:00:00:03 and AA:BB:CC:00:00:01 (time delta: 0.00 ms)
2026/07/26 09:23:48 [INFO] collision: TX slot collision detected between AA:BB:CC:00:00:03 and AA:BB:CC:00:00:00 (time delta: 0.00 ms)
2026/07/26 09:23:48 [INFO] collision: TX slot collision detected between AA:BB:CC:00:00:03 and AA:BB:CC:00:00:00 (time delta: 0.00 ms)
2026/07/26 09:23:48 [INFO] collision: TX slot collision detected between AA:BB:CC:00:00:03 and AA:BB:CC:00:00:01 (time delta: 0.00 ms)
2026/07/26 09:23:48 [INFO] collision: TX slot collision detected between AA:BB:CC:00:00:03 and AA:BB:CC:00:00:01 (time delta: 0.00 ms)
2026/07/26 09:23:48 [INFO] collision: TX slot collision detected between AA:BB:CC:00:00:00 and AA:BB:CC:00:00:01 (time delta: 0.00 ms)
2026/07/26 09:23:48 [INFO] collision: TX slot collision detected between AA:BB:CC:00:00:00 and AA:BB:CC:00:00:03 (time delta: 0.00 ms)
2026/07/26 09:23:48 [INFO] collision: TX slot collision detected between AA:BB:CC:00:00:00 and AA:BB:CC:00:00:01 (time delta: 0.00 ms)
2026/07/26 09:23:48 [INFO] collision: TX slot collision detected between AA:BB:CC:00:00:00 and AA:BB:CC:00:00:03 (time delta: 0.00 ms)
2026/07/26 09:23:48 [INFO] collision: TX slot collision detected between AA:BB:CC:00:00:00 and AA:BB:CC:00:00:03 (time delta: 0.00 ms)
2026/07/26 09:23:48 [INFO] collision: TX slot collision detected between AA:BB:CC:00:00:00 and AA:BB:CC:00:00:01 (time delta: 0.00 ms)
2026/07/26 09:23:48 [INFO] collision: TX slot collision detected between AA:BB:CC:00:00:01 and AA:BB:CC:00:00:00 (time delta: 0.00 ms)
2026/07/26 09:23:48 [INFO] collision: TX slot collision detected between AA:BB:CC:00:00:01 and AA:BB:CC:00:00:03 (time delta: 0.00 ms)
2026/07/26 09:23:48 [INFO] collision: TX slot collision detected between AA:BB:CC:00:00:01 and AA:BB:CC:00:00:00 (time delta: 0.00 ms)
2026/07/26 09:23:48 [INFO] collision: TX slot collision detected between AA:BB:CC:00:00:01 and AA:BB:CC:00:00:03 (time delta: 0.00 ms)
2026/07/26 09:23:48 [INFO] collision: TX slot collision detected between AA:BB:CC:00:00:03 and AA:BB:CC:00:00:01 (time delta: 0.00 ms)
2026/07/26 09:23:48 [INFO] collision: TX slot collision detected between AA:BB:CC:00:00:03 and AA:BB:CC:00:00:00 (time delta: 0.00 ms)
2026/07/26 09:23:48 [INFO] collision: TX slot collision detected between AA:BB:CC:00:00:03 and AA:BB:CC:00:00:01 (time delta: 0.00 ms)
2026/07/26 09:23:48 [INFO] collision: TX slot collision detected between AA:BB:CC:00:00:03 and AA:BB:CC:00:00:00 (time delta: 0.00 ms)
2026/07/26 09:23:48 [INFO] collision: TX slot collision detected between AA:BB:CC:00:00:00 and AA:BB:CC:00:00:01 (time delta: 0.00 ms)
2026/07/26 09:23:48 [INFO] collision: TX slot collision detected between AA:BB:CC:00:00:00 and AA:BB:CC:00:00:01 (time delta: 0.00 ms)
2026/07/26 09:23:48 [INFO] collision: TX slot collision detected between AA:BB:CC:00:00:03 and AA:BB:CC:00:00:01 (time delta: 0.00 ms)
2026/07/26 09:23:48 [INFO] collision: TX slot collision detected between AA:BB:CC:00:00:03 and AA:BB:CC:00:00:00 (time delta: 0.00 ms)
2026/07/26 09:23:48 [INFO] collision: TX slot collision detected between AA:BB:CC:00:00:00 and AA:BB:CC:00:00:03 (time delta: 0.00 ms)
2026/07/26 09:23:48 [INFO] collision: TX slot collision detected between AA:BB:CC:00:00:00 and AA:BB:CC:00:00:01 (time delta: 0.00 ms)
2026/07/26 09:23:48 [INFO] collision: TX slot collision detected between AA:BB:CC:00:00:03 and AA:BB:CC:00:00:01 (time delta: 0.00 ms)
2026/07/26 09:23:48 [INFO] collision: TX slot collision detected between AA:BB:CC:00:00:03 and AA:BB:CC:00:00:00 (time delta: 0.00 ms)
2026/07/26 09:23:48 [INFO] collision: TX slot collision detected between AA:BB:CC:00:00:01 and AA:BB:CC:00:00:00 (time delta: 0.00 ms)
2026/07/26 09:23:48 [INFO] collision: TX slot collision detected between AA:BB:CC:00:00:01 and AA:BB:CC:00:00:03 (time delta: 0.00 ms)
2026/07/26 09:23:48 [INFO] collision: TX slot collision detected between AA:BB:CC:00:00:01 and AA:BB:CC:00:00:00 (time delta: 0.00 ms)
2026/07/26 09:23:48 [INFO] collision: TX slot collision detected between AA:BB:CC:00:00:01 and AA:BB:CC:00:00:03 (time delta: 0.00 ms)
2026/07/26 09:23:48 [INFO] collision: TX slot collision detected between AA:BB:CC:00:00:03 and AA:BB:CC:00:00:00 (time delta: 0.00 ms)
2026/07/26 09:23:48 [INFO] collision: TX slot collision detected between AA:BB:CC:00:00:03 and AA:BB:CC:00:00:01 (time delta: 0.00 ms)
2026/07/26 09:23:48 [INFO] collision: TX slot collision detected between AA:BB:CC:00:00:01 and AA:BB:CC:00:00:00 (time delta: 0.00 ms)
2026/07/26 09:23:48 [INFO] collision: TX slot collision detected between AA:BB:CC:00:00:01 and AA:BB:CC:00:00:00 (time delta: 0.00 ms)
2026/07/26 09:23:48 [INFO] collision: TX slot collision detected between AA:BB:CC:00:00:03 and AA:BB:CC:00:00:01 (time delta: 0.00 ms)
2026/07/26 09:23:48 [INFO] collision: TX slot collision detected between AA:BB:CC:00:00:03 and AA:BB:CC:00:00:00 (time delta: 0.00 ms)
2026/07/26 09:23:48 [INFO] collision: TX slot collision detected between AA:BB:CC:00:00:00 and AA:BB:CC:00:00:01 (time delta: 0.00 ms)
2026/07/26 09:23:48 [INFO] collision: TX slot collision detected between AA:BB:CC:00:00:00 and AA:BB:CC:00:00:03 (time delta: 0.00 ms)
2026/07/26 09:23:48 [INFO] collision: TX slot collision detected between AA:BB:CC:00:00:01 and AA:BB:CC:00:00:00 (time delta: 0.00 ms)
2026/07/26 09:23:48 [INFO] collision: TX slot collision detected between AA:BB:CC:00:00:01 and AA:BB:CC:00:00:03 (time delta: 0.00 ms)
2026/07/26 09:23:48 [INFO] collision: TX slot collision detected between AA:BB:CC:00:00:03 and AA:BB:CC:00:00:01 (time delta: 0.00 ms)
2026/07/26 09:23:48 [INFO] collision: TX slot collision detected between AA:BB:CC:00:00:03 and AA:BB:CC:00:00:00 (time delta: 0.00 ms)
2026/07/26 09:23:48 [INFO] collision: TX slot collision detected between AA:BB:CC:00:00:03 and AA:BB:CC:00:00:00 (time delta: 0.00 ms)
2026/07/26 09:23:48 [INFO] collision: TX slot collision detected between AA:BB:CC:00:00:03 and AA:BB:CC:00:00:01 (time delta: 0.00 ms)
2026/07/26 09:23:48 [INFO] collision: TX slot collision detected between AA:BB:CC:00:00:00 and AA:BB:CC:00:00:01 (time delta: 0.00 ms)
2026/07/26 09:23:48 [INFO] collision: TX slot collision detected between AA:BB:CC:00:00:00 and AA:BB:CC:00:00:01 (time delta: 0.00 ms)
2026/07/26 09:23:48 [INFO] collision: TX slot collision detected between AA:BB:CC:00:00:00 and AA:BB:CC:00:00:01 (time delta: 0.00 ms)
2026/07/26 09:23:48 [INFO] collision: TX slot collision detected between AA:BB:CC:00:00:01 and AA:BB:CC:00:00:00 (time delta: 0.00 ms)
2026/07/26 09:23:48 [INFO] collision: TX slot collision detected between AA:BB:CC:00:00:03 and AA:BB:CC:00:00:01 (time delta: 0.00 ms)
2026/07/26 09:23:48 [INFO] collision: TX slot collision detected between AA:BB:CC:00:00:03 and AA:BB:CC:00:00:00 (time delta: 0.00 ms)
2026/07/26 09:23:48 [INFO] collision: TX slot collision detected between AA:BB:CC:00:00:03 and AA:BB:CC:00:00:00 (time delta: 0.00 ms)
2026/07/26 09:23:48 [INFO] collision: TX slot collision detected between AA:BB:CC:00:00:03 and AA:BB:CC:00:00:01 (time delta: 0.00 ms)
2026/07/26 09:23:48 [INFO] collision: TX slot collision detected between AA:BB:CC:00:00:03 and AA:BB:CC:00:00:00 (time delta: 0.00 ms)
2026/07/26 09:23:48 [INFO] collision: TX slot collision detected between AA:BB:CC:00:00:03 and AA:BB:CC:00:00:01 (time delta: 0.00 ms)
2026/07/26 09:23:48 [INFO] collision: TX slot collision detected between AA:BB:CC:00:00:01 and AA:BB:CC:00:00:00 (time delta: 0.00 ms)
2026/07/26 09:23:48 [INFO] collision: TX slot collision detected between AA:BB:CC:00:00:01 and AA:BB:CC:00:00:03 (time delta: 0.00 ms)
2026/07/26 09:23:48 [INFO] collision: TX slot collision detected between AA:BB:CC:00:00:00 and AA:BB:CC:00:00:01 (time delta: 0.00 ms)
2026/07/26 09:23:48 [INFO] collision: TX slot collision detected between AA:BB:CC:00:00:00 and AA:BB:CC:00:00:01 (time delta: 0.00 ms)
2026/07/26 09:23:48 [INFO] collision: TX slot collision detected between AA:BB:CC:00:00:03 and AA:BB:CC:00:00:00 (time delta: 0.00 ms)
2026/07/26 09:23:48 [INFO] collision: TX slot collision detected between AA:BB:CC:00:00:03 and AA:BB:CC:00:00:01 (time delta: 0.00 ms)
2026/07/26 09:23:48 [INFO] collision: TX slot collision detected between AA:BB:CC:00:00:00 and AA:BB:CC:00:00:03 (time delta: 0.00 ms)
2026/07/26 09:23:48 [INFO] collision: TX slot collision detected between AA:BB:CC:00:00:00 and AA:BB:CC:00:00:01 (time delta: 0.00 ms)
2026/07/26 09:23:48 [INFO] collision: TX slot collision detected between AA:BB:CC:00:00:03 and AA:BB:CC:00:00:01 (time delta: 0.00 ms)
2026/07/26 09:23:48 [INFO] collision: TX slot collision detected between AA:BB:CC:00:00:03 and AA:BB:CC:00:00:00 (time delta: 0.00 ms)
2026/07/26 09:23:48 [INFO] collision: TX slot collision detected between AA:BB:CC:00:00:01 and AA:BB:CC:00:00:00 (time delta: 0.00 ms)
2026/07/26 09:23:48 [INFO] collision: TX slot collision detected between AA:BB:CC:00:00:01 and AA:BB:CC:00:00:03 (time delta: 0.00 ms)
2026/07/26 09:23:48 [INFO] collision: TX slot collision detected between AA:BB:CC:00:00:01 and AA:BB:CC:00:00:00 (time delta: 0.00 ms)
2026/07/26 09:23:48 [INFO] collision: TX slot collision detected between AA:BB:CC:00:00:01 and AA:BB:CC:00:00:03 (time delta: 0.00 ms)
2026/07/26 09:23:48 [INFO] collision: TX slot collision detected between AA:BB:CC:00:00:03 and AA:BB:CC:00:00:00 (time delta: 0.00 ms)
2026/07/26 09:23:48 [INFO] collision: TX slot collision detected between AA:BB:CC:00:00:03 and AA:BB:CC:00:00:01 (time delta: 0.00 ms)
2026/07/26 09:23:48 [INFO] collision: TX slot collision detected between AA:BB:CC:00:00:03 and AA:BB:CC:00:00:01 (time delta: 0.00 ms)
2026/07/26 09:23:48 [INFO] collision: TX slot collision detected between AA:BB:CC:00:00:00 and AA:BB:CC:00:00:01 (time delta: 0.00 ms)
2026/07/26 09:23:48 [INFO] collision: TX slot collision detected between AA:BB:CC:00:00:00 and AA:BB:CC:00:00:03 (time delta: 0.00 ms)
2026/07/26 09:23:48 [INFO] collision: TX slot collision detected between AA:BB:CC:00:00:00 and AA:BB:CC:00:00:03 (time delta: 0.00 ms)
2026/07/26 09:23:48 [INFO] collision: TX slot collision detected between AA:BB:CC:00:00:00 and AA:BB:CC:00:00:01 (time delta: 0.00 ms)
2026/07/26 09:23:48 [INFO] collision: TX slot collision detected between AA:BB:CC:00:00:00 and AA:BB:CC:00:00:01 (time delta: 0.00 ms)
2026/07/26 09:23:48 [INFO] collision: TX slot collision detected between AA:BB:CC:00:00:00 and AA:BB:CC:00:00:03 (time delta: 0.00 ms)
2026/07/26 09:23:48 [INFO] collision: TX slot collision detected between AA:BB:CC:00:00:01 and AA:BB:CC:00:00:00 (time delta: 0.00 ms)
2026/07/26 09:23:48 [INFO] collision: TX slot collision detected between AA:BB:CC:00:00:01 and AA:BB:CC:00:00:03 (time delta: 0.00 ms)
2026/07/26 09:23:48 [INFO] collision: TX slot collision detected between AA:BB:CC:00:00:01 and AA:BB:CC:00:00:00 (time delta: 0.00 ms)
2026/07/26 09:23:48 [INFO] collision: TX slot collision detected between AA:BB:CC:00:00:01 and AA:BB:CC:00:00:03 (time delta: 0.00 ms)
2026/07/26 09:23:48 [INFO] collision: TX slot collision detected between AA:BB:CC:00:00:03 and AA:BB:CC:00:00:01 (time delta: 0.00 ms)
2026/07/26 09:23:48 [INFO] collision: TX slot collision detected between AA:BB:CC:00:00:03 and AA:BB:CC:00:00:00 (time delta: 0.00 ms)
2026/07/26 09:23:48 [INFO] collision: TX slot collision detected between AA:BB:CC:00:00:03 and AA:BB:CC:00:00:01 (time delta: 0.00 ms)
2026/07/26 09:23:48 [INFO] collision: TX slot collision detected between AA:BB:CC:00:00:03 and AA:BB:CC:00:00:00 (time delta: 0.00 ms)
2026/07/26 09:23:48 [INFO] collision: TX slot collision detected between AA:BB:CC:00:00:03 and AA:BB:CC:00:00:01 (time delta: 0.00 ms)
2026/07/26 09:23:48 [INFO] collision: TX slot collision detected between AA:BB:CC:00:00:00 and AA:BB:CC:00:00:01 (time delta: 0.00 ms)
2026/07/26 09:23:48 [INFO] collision: TX slot collision detected between AA:BB:CC:00:00:00 and AA:BB:CC:00:00:03 (time delta: 0.00 ms)
2026/07/26 09:23:48 [INFO] collision: TX slot collision detected between AA:BB:CC:00:00:00 and AA:BB:CC:00:00:01 (time delta: 0.00 ms)
2026/07/26 09:23:48 [INFO] collision: TX slot collision detected between AA:BB:CC:00:00:00 and AA:BB:CC:00:00:03 (time delta: 0.00 ms)
2026/07/26 09:23:48 [INFO] collision: TX slot collision detected between AA:BB:CC:00:00:00 and AA:BB:CC:00:00:01 (time delta: 0.00 ms)
2026/07/26 09:23:48 [INFO] collision: TX slot collision detected between AA:BB:CC:00:00:00 and AA:BB:CC:00:00:03 (time delta: 0.00 ms)
2026/07/26 09:23:48 [INFO] collision: TX slot collision detected between AA:BB:CC:00:00:01 and AA:BB:CC:00:00:00 (time delta: 0.00 ms)
2026/07/26 09:23:48 [INFO] collision: TX slot collision detected between AA:BB:CC:00:00:01 and AA:BB:CC:00:00:03 (time delta: 0.00 ms)
2026/07/26 09:23:48 [INFO] collision: TX slot collision detected between AA:BB:CC:00:00:01 and AA:BB:CC:00:00:00 (time delta: 0.00 ms)
2026/07/26 09:23:48 [INFO] collision: TX slot collision detected between AA:BB:CC:00:00:01 and AA:BB:CC:00:00:03 (time delta: 0.00 ms)
2026/07/26 09:23:48 [INFO] collision: TX slot collision detected between AA:BB:CC:00:00:03 and AA:BB:CC:00:00:01 (time delta: 0.00 ms)
2026/07/26 09:23:48 [INFO] collision: TX slot collision detected between AA:BB:CC:00:00:03 and AA:BB:CC:00:00:00 (time delta: 0.00 ms)
2026/07/26 09:23:48 [INFO] collision: TX slot collision detected between AA:BB:CC:00:00:03 and AA:BB:CC:00:00:01 (time delta: 0.00 ms)
2026/07/26 09:23:48 [INFO] collision: TX slot collision detected between AA:BB:CC:00:00:03 and AA:BB:CC:00:00:00 (time delta: 0.00 ms)
2026/07/26 09:23:48 [INFO] collision: TX slot collision detected between AA:BB:CC:00:00:03 and AA:BB:CC:00:00:01 (time delta: 0.00 ms)
2026/07/26 09:23:48 [INFO] collision: TX slot collision detected between AA:BB:CC:00:00:00 and AA:BB:CC:00:00:01 (time delta: 0.00 ms)
2026/07/26 09:23:48 [INFO] collision: TX slot collision detected between AA:BB:CC:00:00:00 and AA:BB:CC:00:00:03 (time delta: 0.00 ms)
2026/07/26 09:23:48 [INFO] collision: TX slot collision detected between AA:BB:CC:00:00:00 and AA:BB:CC:00:00:01 (time delta: 0.00 ms)
2026/07/26 09:23:48 [INFO] collision: TX slot collision detected between AA:BB:CC:00:00:00 and AA:BB:CC:00:00:03 (time delta: 0.00 ms)
2026/07/26 09:23:48 [INFO] collision: TX slot collision detected between AA:BB:CC:00:00:00 and AA:BB:CC:00:00:01 (time delta: 0.00 ms)
2026/07/26 09:23:48 [INFO] collision: TX slot collision detected between AA:BB:CC:00:00:00 and AA:BB:CC:00:00:03 (time delta: 0.00 ms)
2026/07/26 09:23:48 [INFO] collision: TX slot collision detected between AA:BB:CC:00:00:01 and AA:BB:CC:00:00:03 (time delta: 0.00 ms)
2026/07/26 09:23:48 [INFO] collision: TX slot collision detected between AA:BB:CC:00:00:01 and AA:BB:CC:00:00:00 (time delta: 0.00 ms)
2026/07/26 09:23:48 [INFO] collision: TX slot collision detected between AA:BB:CC:00:00:01 and AA:BB:CC:00:00:00 (time delta: 0.00 ms)
2026/07/26 09:23:48 [INFO] collision: TX slot collision detected between AA:BB:CC:00:00:01 and AA:BB:CC:00:00:03 (time delta: 0.00 ms)
2026/07/26 09:23:48 [INFO] collision: TX slot collision detected between AA:BB:CC:00:00:03 and AA:BB:CC:00:00:01 (time delta: 0.00 ms)
2026/07/26 09:23:48 [INFO] collision: TX slot collision detected between AA:BB:CC:00:00:03 and AA:BB:CC:00:00:00 (time delta: 0.00 ms)
2026/07/26 09:23:48 [INFO] collision: TX slot collision detected between AA:BB:CC:00:00:03 and AA:BB:CC:00:00:01 (time delta: 0.00 ms)
2026/07/26 09:23:48 [INFO] collision: TX slot collision detected between AA:BB:CC:00:00:03 and AA:BB:CC:00:00:00 (time delta: 0.00 ms)
2026/07/26 09:23:48 [INFO] collision: TX slot collision detected between AA:BB:CC:00:00:00 and AA:BB:CC:00:00:01 (time delta: 0.00 ms)
2026/07/26 09:23:48 [INFO] collision: TX slot collision detected between AA:BB:CC:00:00:00 and AA:BB:CC:00:00:01 (time delta: 0.00 ms)
2026/07/26 09:23:48 [INFO] collision: TX slot collision detected between AA:BB:CC:00:00:00 and AA:BB:CC:00:00:01 (time delta: 0.00 ms)
2026/07/26 09:23:48 [INFO] collision: TX slot collision detected between AA:BB:CC:00:00:03 and AA:BB:CC:00:00:01 (time delta: 0.00 ms)
2026/07/26 09:23:48 [INFO] collision: TX slot collision detected between AA:BB:CC:00:00:03 and AA:BB:CC:00:00:00 (time delta: 0.00 ms)
2026/07/26 09:23:48 [INFO] collision: TX slot collision detected between AA:BB:CC:00:00:01 and AA:BB:CC:00:00:00 (time delta: 0.00 ms)
2026/07/26 09:23:48 [INFO] collision: TX slot collision detected between AA:BB:CC:00:00:01 and AA:BB:CC:00:00:03 (time delta: 0.00 ms)
2026/07/26 09:23:48 [INFO] collision: TX slot collision detected between AA:BB:CC:00:00:01 and AA:BB:CC:00:00:00 (time delta: 0.00 ms)
2026/07/26 09:23:48 [INFO] collision: TX slot collision detected between AA:BB:CC:00:00:01 and AA:BB:CC:00:00:03 (time delta: 0.00 ms)
2026/07/26 09:23:48 [INFO] collision: TX slot collision detected between AA:BB:CC:00:00:03 and AA:BB:CC:00:00:01 (time delta: 0.00 ms)
2026/07/26 09:23:48 [INFO] collision: TX slot collision detected between AA:BB:CC:00:00:03 and AA:BB:CC:00:00:00 (time delta: 0.00 ms)
2026/07/26 09:23:48 [INFO] collision: TX slot collision detected between AA:BB:CC:00:00:03 and AA:BB:CC:00:00:00 (time delta: 0.00 ms)
2026/07/26 09:23:48 [INFO] collision: TX slot collision detected between AA:BB:CC:00:00:03 and AA:BB:CC:00:00:01 (time delta: 0.00 ms)
2026/07/26 09:23:48 "GET http://localhost:8088/api/blobs HTTP/1.1" from 127.0.0.1:55650 - 200 263B in 21.194µs
2026/07/26 09:23:48 "GET http://localhost:8088/api/blobs HTTP/1.1" from 127.0.0.1:55656 - 200 263B in 17.759µs
2026/07/26 09:23:48 "GET http://localhost:8088/api/blobs HTTP/1.1" from 127.0.0.1:55662 - 200 263B in 24.935µs
2026/07/26 09:23:48 [INFO] collision: TX slot collision detected between AA:BB:CC:00:00:00 and AA:BB:CC:00:00:01 (time delta: 0.00 ms)
2026/07/26 09:23:48 [INFO] collision: TX slot collision detected between AA:BB:CC:00:00:00 and AA:BB:CC:00:00:01 (time delta: 0.00 ms)
2026/07/26 09:23:48 [INFO] collision: TX slot collision detected between AA:BB:CC:00:00:00 and AA:BB:CC:00:00:01 (time delta: 0.00 ms)
2026/07/26 09:23:48 [INFO] collision: TX slot collision detected between AA:BB:CC:00:00:03 and AA:BB:CC:00:00:01 (time delta: 0.00 ms)
2026/07/26 09:23:48 [INFO] collision: TX slot collision detected between AA:BB:CC:00:00:03 and AA:BB:CC:00:00:00 (time delta: 0.00 ms)
2026/07/26 09:23:48 [INFO] collision: TX slot collision detected between AA:BB:CC:00:00:01 and AA:BB:CC:00:00:03 (time delta: 0.00 ms)
2026/07/26 09:23:48 [INFO] collision: TX slot collision detected between AA:BB:CC:00:00:01 and AA:BB:CC:00:00:00 (time delta: 0.00 ms)
2026/07/26 09:23:48 [INFO] collision: TX slot collision detected between AA:BB:CC:00:00:03 and AA:BB:CC:00:00:01 (time delta: 0.00 ms)
2026/07/26 09:23:48 [INFO] collision: TX slot collision detected between AA:BB:CC:00:00:03 and AA:BB:CC:00:00:00 (time delta: 0.00 ms)
2026/07/26 09:23:48 [INFO] collision: TX slot collision detected between AA:BB:CC:00:00:03 and AA:BB:CC:00:00:01 (time delta: 0.00 ms)
2026/07/26 09:23:48 [INFO] collision: TX slot collision detected between AA:BB:CC:00:00:03 and AA:BB:CC:00:00:00 (time delta: 0.00 ms)
2026/07/26 09:23:48 [INFO] collision: TX slot collision detected between AA:BB:CC:00:00:01 and AA:BB:CC:00:00:00 (time delta: 0.00 ms)
2026/07/26 09:23:48 [INFO] collision: TX slot collision detected between AA:BB:CC:00:00:01 and AA:BB:CC:00:00:03 (time delta: 0.00 ms)
2026/07/26 09:23:48 [INFO] collision: TX slot collision detected between AA:BB:CC:00:00:00 and AA:BB:CC:00:00:01 (time delta: 0.00 ms)
2026/07/26 09:23:48 [INFO] collision: TX slot collision detected between AA:BB:CC:00:00:00 and AA:BB:CC:00:00:01 (time delta: 0.00 ms)
2026/07/26 09:23:48 [INFO] collision: TX slot collision detected between AA:BB:CC:00:00:03 and AA:BB:CC:00:00:01 (time delta: 0.00 ms)
2026/07/26 09:23:48 [INFO] collision: TX slot collision detected between AA:BB:CC:00:00:03 and AA:BB:CC:00:00:00 (time delta: 0.00 ms)
2026/07/26 09:23:48 [INFO] collision: TX slot collision detected between AA:BB:CC:00:00:01 and AA:BB:CC:00:00:00 (time delta: 0.00 ms)
2026/07/26 09:23:48 [INFO] collision: TX slot collision detected between AA:BB:CC:00:00:01 and AA:BB:CC:00:00:03 (time delta: 0.00 ms)
2026/07/26 09:23:48 [INFO] collision: TX slot collision detected between AA:BB:CC:00:00:00 and AA:BB:CC:00:00:01 (time delta: 0.00 ms)
2026/07/26 09:23:48 [INFO] collision: TX slot collision detected between AA:BB:CC:00:00:00 and AA:BB:CC:00:00:03 (time delta: 0.00 ms)
2026/07/26 09:23:48 [INFO] collision: TX slot collision detected between AA:BB:CC:00:00:03 and AA:BB:CC:00:00:01 (time delta: 0.00 ms)
2026/07/26 09:23:48 [INFO] collision: TX slot collision detected between AA:BB:CC:00:00:03 and AA:BB:CC:00:00:00 (time delta: 0.00 ms)
2026/07/26 09:23:48 [INFO] collision: TX slot collision detected between AA:BB:CC:00:00:01 and AA:BB:CC:00:00:00 (time delta: 0.00 ms)
2026/07/26 09:23:48 [INFO] collision: TX slot collision detected between AA:BB:CC:00:00:01 and AA:BB:CC:00:00:03 (time delta: 0.00 ms)
2026/07/26 09:23:48 [INFO] collision: TX slot collision detected between AA:BB:CC:00:00:03 and AA:BB:CC:00:00:01 (time delta: 0.00 ms)
2026/07/26 09:23:48 [INFO] collision: TX slot collision detected between AA:BB:CC:00:00:03 and AA:BB:CC:00:00:00 (time delta: 0.00 ms)
2026/07/26 09:23:48 [INFO] collision: TX slot collision detected between AA:BB:CC:00:00:00 and AA:BB:CC:00:00:01 (time delta: 0.00 ms)
2026/07/26 09:23:48 [INFO] collision: TX slot collision detected between AA:BB:CC:00:00:03 and AA:BB:CC:00:00:01 (time delta: 0.00 ms)
2026/07/26 09:23:48 [INFO] collision: TX slot collision detected between AA:BB:CC:00:00:03 and AA:BB:CC:00:00:00 (time delta: 0.00 ms)
2026/07/26 09:23:48 [INFO] collision: TX slot collision detected between AA:BB:CC:00:00:00 and AA:BB:CC:00:00:01 (time delta: 0.00 ms)
2026/07/26 09:23:48 [INFO] collision: TX slot collision detected between AA:BB:CC:00:00:00 and AA:BB:CC:00:00:03 (time delta: 0.00 ms)
2026/07/26 09:23:48 [INFO] collision: TX slot collision detected between AA:BB:CC:00:00:00 and AA:BB:CC:00:00:01 (time delta: 0.00 ms)
2026/07/26 09:23:48 [INFO] collision: TX slot collision detected between AA:BB:CC:00:00:00 and AA:BB:CC:00:00:03 (time delta: 0.00 ms)
2026/07/26 09:23:48 [INFO] collision: TX slot collision detected between AA:BB:CC:00:00:01 and AA:BB:CC:00:00:00 (time delta: 0.00 ms)
2026/07/26 09:23:48 [INFO] collision: TX slot collision detected between AA:BB:CC:00:00:01 and AA:BB:CC:00:00:03 (time delta: 0.00 ms)
2026/07/26 09:23:48 [INFO] collision: TX slot collision detected between AA:BB:CC:00:00:01 and AA:BB:CC:00:00:03 (time delta: 0.00 ms)
2026/07/26 09:23:48 [INFO] collision: TX slot collision detected between AA:BB:CC:00:00:01 and AA:BB:CC:00:00:00 (time delta: 0.00 ms)
2026/07/26 09:23:48 [INFO] collision: TX slot collision detected between AA:BB:CC:00:00:03 and AA:BB:CC:00:00:01 (time delta: 0.00 ms)
2026/07/26 09:23:48 [INFO] collision: TX slot collision detected between AA:BB:CC:00:00:03 and AA:BB:CC:00:00:00 (time delta: 0.00 ms)
2026/07/26 09:23:48 [INFO] collision: TX slot collision detected between AA:BB:CC:00:00:03 and AA:BB:CC:00:00:01 (time delta: 0.00 ms)
2026/07/26 09:23:48 [INFO] collision: TX slot collision detected between AA:BB:CC:00:00:03 and AA:BB:CC:00:00:00 (time delta: 0.00 ms)
2026/07/26 09:23:48 [INFO] collision: TX slot collision detected between AA:BB:CC:00:00:03 and AA:BB:CC:00:00:01 (time delta: 0.00 ms)
2026/07/26 09:23:48 [INFO] collision: TX slot collision detected between AA:BB:CC:00:00:00 and AA:BB:CC:00:00:01 (time delta: 0.00 ms)
2026/07/26 09:23:48 [INFO] collision: TX slot collision detected between AA:BB:CC:00:00:00 and AA:BB:CC:00:00:03 (time delta: 0.00 ms)
2026/07/26 09:23:48 [INFO] collision: TX slot collision detected between AA:BB:CC:00:00:00 and AA:BB:CC:00:00:01 (time delta: 0.00 ms)
2026/07/26 09:23:48 [INFO] collision: TX slot collision detected between AA:BB:CC:00:00:00 and AA:BB:CC:00:00:03 (time delta: 0.00 ms)
2026/07/26 09:23:48 [INFO] collision: TX slot collision detected between AA:BB:CC:00:00:00 and AA:BB:CC:00:00:01 (time delta: 0.00 ms)
2026/07/26 09:23:48 [INFO] collision: TX slot collision detected between AA:BB:CC:00:00:00 and AA:BB:CC:00:00:03 (time delta: 0.00 ms)
2026/07/26 09:23:48 [INFO] collision: TX slot collision detected between AA:BB:CC:00:00:01 and AA:BB:CC:00:00:00 (time delta: 0.00 ms)
2026/07/26 09:23:48 [INFO] collision: TX slot collision detected between AA:BB:CC:00:00:01 and AA:BB:CC:00:00:03 (time delta: 0.00 ms)
2026/07/26 09:23:48 [INFO] collision: TX slot collision detected between AA:BB:CC:00:00:01 and AA:BB:CC:00:00:00 (time delta: 0.00 ms)
2026/07/26 09:23:48 [INFO] collision: TX slot collision detected between AA:BB:CC:00:00:01 and AA:BB:CC:00:00:03 (time delta: 0.00 ms)
2026/07/26 09:23:48 [INFO] collision: TX slot collision detected between AA:BB:CC:00:00:03 and AA:BB:CC:00:00:01 (time delta: 0.00 ms)
2026/07/26 09:23:48 [INFO] collision: TX slot collision detected between AA:BB:CC:00:00:03 and AA:BB:CC:00:00:00 (time delta: 0.00 ms)
2026/07/26 09:23:48 [INFO] collision: TX slot collision detected between AA:BB:CC:00:00:03 and AA:BB:CC:00:00:01 (time delta: 0.00 ms)
2026/07/26 09:23:48 [INFO] collision: TX slot collision detected between AA:BB:CC:00:00:03 and AA:BB:CC:00:00:00 (time delta: 0.00 ms)
2026/07/26 09:23:48 [INFO] collision: TX slot collision detected between AA:BB:CC:00:00:00 and AA:BB:CC:00:00:01 (time delta: 0.00 ms)
2026/07/26 09:23:48 [INFO] collision: TX slot collision detected between AA:BB:CC:00:00:00 and AA:BB:CC:00:00:01 (time delta: 0.00 ms)
2026/07/26 09:23:48 [INFO] collision: TX slot collision detected between AA:BB:CC:00:00:00 and AA:BB:CC:00:00:01 (time delta: 0.00 ms)
2026/07/26 09:23:48 [INFO] collision: TX slot collision detected between AA:BB:CC:00:00:01 and AA:BB:CC:00:00:00 (time delta: 0.00 ms)
2026/07/26 09:23:48 [INFO] collision: TX slot collision detected between AA:BB:CC:00:00:03 and AA:BB:CC:00:00:01 (time delta: 0.00 ms)
2026/07/26 09:23:48 [INFO] collision: TX slot collision detected between AA:BB:CC:00:00:03 and AA:BB:CC:00:00:00 (time delta: 0.00 ms)
2026/07/26 09:23:48 [INFO] collision: TX slot collision detected between AA:BB:CC:00:00:03 and AA:BB:CC:00:00:01 (time delta: 0.00 ms)
2026/07/26 09:23:48 [INFO] collision: TX slot collision detected between AA:BB:CC:00:00:03 and AA:BB:CC:00:00:00 (time delta: 0.00 ms)
2026/07/26 09:23:48 [INFO] collision: TX slot collision detected between AA:BB:CC:00:00:01 and AA:BB:CC:00:00:03 (time delta: 0.00 ms)
2026/07/26 09:23:48 [INFO] collision: TX slot collision detected between AA:BB:CC:00:00:01 and AA:BB:CC:00:00:00 (time delta: 0.00 ms)
2026/07/26 09:23:48 [INFO] collision: TX slot collision detected between AA:BB:CC:00:00:03 and AA:BB:CC:00:00:01 (time delta: 0.00 ms)
2026/07/26 09:23:48 [INFO] collision: TX slot collision detected between AA:BB:CC:00:00:03 and AA:BB:CC:00:00:00 (time delta: 0.00 ms)
2026/07/26 09:23:48 [INFO] collision: TX slot collision detected between AA:BB:CC:00:00:03 and AA:BB:CC:00:00:01 (time delta: 0.00 ms)
2026/07/26 09:23:48 [INFO] collision: TX slot collision detected between AA:BB:CC:00:00:00 and AA:BB:CC:00:00:01 (time delta: 0.00 ms)
2026/07/26 09:23:48 [INFO] collision: TX slot collision detected between AA:BB:CC:00:00:00 and AA:BB:CC:00:00:03 (time delta: 0.00 ms)
2026/07/26 09:23:48 [INFO] collision: TX slot collision detected between AA:BB:CC:00:00:00 and AA:BB:CC:00:00:01 (time delta: 0.00 ms)
2026/07/26 09:23:48 [INFO] collision: TX slot collision detected between AA:BB:CC:00:00:00 and AA:BB:CC:00:00:03 (time delta: 0.00 ms)
2026/07/26 09:23:48 [INFO] collision: TX slot collision detected between AA:BB:CC:00:00:00 and AA:BB:CC:00:00:01 (time delta: 0.00 ms)
2026/07/26 09:23:48 [INFO] collision: TX slot collision detected between AA:BB:CC:00:00:00 and AA:BB:CC:00:00:03 (time delta: 0.00 ms)
2026/07/26 09:23:48 [INFO] collision: TX slot collision detected between AA:BB:CC:00:00:01 and AA:BB:CC:00:00:03 (time delta: 0.00 ms)
2026/07/26 09:23:48 [INFO] collision: TX slot collision detected between AA:BB:CC:00:00:01 and AA:BB:CC:00:00:00 (time delta: 0.00 ms)
2026/07/26 09:23:48 [INFO] collision: TX slot collision detected between AA:BB:CC:00:00:01 and AA:BB:CC:00:00:00 (time delta: 0.00 ms)
2026/07/26 09:23:48 [INFO] collision: TX slot collision detected between AA:BB:CC:00:00:01 and AA:BB:CC:00:00:03 (time delta: 0.00 ms)
2026/07/26 09:23:48 [INFO] collision: TX slot collision detected between AA:BB:CC:00:00:03 and AA:BB:CC:00:00:01 (time delta: 0.00 ms)
2026/07/26 09:23:48 [INFO] collision: TX slot collision detected between AA:BB:CC:00:00:03 and AA:BB:CC:00:00:00 (time delta: 0.00 ms)
2026/07/26 09:23:48 [INFO] collision: TX slot collision detected between AA:BB:CC:00:00:03 and AA:BB:CC:00:00:01 (time delta: 0.00 ms)
2026/07/26 09:23:48 [INFO] collision: TX slot collision detected between AA:BB:CC:00:00:03 and AA:BB:CC:00:00:00 (time delta: 0.00 ms)
2026/07/26 09:23:48 [INFO] collision: TX slot collision detected between AA:BB:CC:00:00:00 and AA:BB:CC:00:00:01 (time delta: 0.00 ms)
2026/07/26 09:23:48 [INFO] collision: TX slot collision detected between AA:BB:CC:00:00:03 and AA:BB:CC:00:00:01 (time delta: 0.00 ms)
2026/07/26 09:23:48 [INFO] collision: TX slot collision detected between AA:BB:CC:00:00:03 and AA:BB:CC:00:00:00 (time delta: 0.00 ms)
2026/07/26 09:23:48 [INFO] collision: TX slot collision detected between AA:BB:CC:00:00:00 and AA:BB:CC:00:00:01 (time delta: 0.00 ms)
2026/07/26 09:23:48 [INFO] collision: TX slot collision detected between AA:BB:CC:00:00:00 and AA:BB:CC:00:00:03 (time delta: 0.00 ms)
2026/07/26 09:23:48 [INFO] collision: TX slot collision detected between AA:BB:CC:00:00:00 and AA:BB:CC:00:00:03 (time delta: 0.00 ms)
2026/07/26 09:23:48 [INFO] collision: TX slot collision detected between AA:BB:CC:00:00:00 and AA:BB:CC:00:00:01 (time delta: 0.00 ms)
2026/07/26 09:23:48 [INFO] collision: TX slot collision detected between AA:BB:CC:00:00:01 and AA:BB:CC:00:00:00 (time delta: 0.00 ms)
2026/07/26 09:23:48 [INFO] collision: TX slot collision detected between AA:BB:CC:00:00:01 and AA:BB:CC:00:00:03 (time delta: 0.00 ms)
2026/07/26 09:23:48 [INFO] collision: TX slot collision detected between AA:BB:CC:00:00:01 and AA:BB:CC:00:00:00 (time delta: 0.00 ms)
2026/07/26 09:23:48 [INFO] collision: TX slot collision detected between AA:BB:CC:00:00:01 and AA:BB:CC:00:00:03 (time delta: 0.00 ms)
2026/07/26 09:23:48 [INFO] collision: TX slot collision detected between AA:BB:CC:00:00:03 and AA:BB:CC:00:00:01 (time delta: 0.00 ms)
2026/07/26 09:23:48 [INFO] collision: TX slot collision detected between AA:BB:CC:00:00:03 and AA:BB:CC:00:00:00 (time delta: 0.00 ms)
2026/07/26 09:23:48 [INFO] collision: TX slot collision detected between AA:BB:CC:00:00:03 and AA:BB:CC:00:00:01 (time delta: 0.00 ms)
2026/07/26 09:23:48 [INFO] collision: TX slot collision detected between AA:BB:CC:00:00:03 and AA:BB:CC:00:00:00 (time delta: 0.00 ms)
2026/07/26 09:23:48 [INFO] collision: TX slot collision detected between AA:BB:CC:00:00:00 and AA:BB:CC:00:00:01 (time delta: 0.00 ms)
2026/07/26 09:23:48 [INFO] collision: TX slot collision detected between AA:BB:CC:00:00:00 and AA:BB:CC:00:00:01 (time delta: 0.00 ms)
2026/07/26 09:23:48 [INFO] collision: TX slot collision detected between AA:BB:CC:00:00:01 and AA:BB:CC:00:00:00 (time delta: 0.00 ms)
2026/07/26 09:23:48 [INFO] collision: TX slot collision detected between AA:BB:CC:00:00:03 and AA:BB:CC:00:00:01 (time delta: 0.00 ms)
2026/07/26 09:23:48 [INFO] collision: TX slot collision detected between AA:BB:CC:00:00:03 and AA:BB:CC:00:00:00 (time delta: 0.00 ms)
2026/07/26 09:23:48 [INFO] collision: TX slot collision detected between AA:BB:CC:00:00:00 and AA:BB:CC:00:00:01 (time delta: 0.00 ms)
2026/07/26 09:23:48 [INFO] collision: TX slot collision detected between AA:BB:CC:00:00:00 and AA:BB:CC:00:00:03 (time delta: 0.00 ms)
2026/07/26 09:23:48 [INFO] collision: TX slot collision detected between AA:BB:CC:00:00:03 and AA:BB:CC:00:00:01 (time delta: 0.00 ms)
2026/07/26 09:23:48 [INFO] collision: TX slot collision detected between AA:BB:CC:00:00:03 and AA:BB:CC:00:00:00 (time delta: 0.00 ms)
2026/07/26 09:23:48 [INFO] collision: TX slot collision detected between AA:BB:CC:00:00:01 and AA:BB:CC:00:00:00 (time delta: 0.00 ms)
2026/07/26 09:23:48 [INFO] collision: TX slot collision detected between AA:BB:CC:00:00:01 and AA:BB:CC:00:00:03 (time delta: 0.00 ms)
2026/07/26 09:23:48 [INFO] collision: TX slot collision detected between AA:BB:CC:00:00:03 and AA:BB:CC:00:00:01 (time delta: 0.00 ms)
2026/07/26 09:23:48 [INFO] collision: TX slot collision detected between AA:BB:CC:00:00:03 and AA:BB:CC:00:00:00 (time delta: 0.00 ms)
2026/07/26 09:23:48 [INFO] collision: TX slot collision detected between AA:BB:CC:00:00:00 and AA:BB:CC:00:00:01 (time delta: 0.00 ms)
2026/07/26 09:23:48 [INFO] collision: TX slot collision detected between AA:BB:CC:00:00:00 and AA:BB:CC:00:00:01 (time delta: 0.00 ms)
2026/07/26 09:23:48 [INFO] collision: TX slot collision detected between AA:BB:CC:00:00:00 and AA:BB:CC:00:00:01 (time delta: 0.00 ms)
2026/07/26 09:23:48 [INFO] collision: TX slot collision detected between AA:BB:CC:00:00:01 and AA:BB:CC:00:00:00 (time delta: 0.00 ms)
2026/07/26 09:23:48 [INFO] collision: TX slot collision detected between AA:BB:CC:00:00:01 and AA:BB:CC:00:00:00 (time delta: 0.00 ms)
2026/07/26 09:23:48 [INFO] collision: TX slot collision detected between AA:BB:CC:00:00:03 and AA:BB:CC:00:00:01 (time delta: 0.00 ms)
2026/07/26 09:23:48 [INFO] collision: TX slot collision detected between AA:BB:CC:00:00:03 and AA:BB:CC:00:00:00 (time delta: 0.00 ms)
2026/07/26 09:23:48 [INFO] collision: TX slot collision detected between AA:BB:CC:00:00:03 and AA:BB:CC:00:00:01 (time delta: 0.00 ms)
2026/07/26 09:23:48 [INFO] collision: TX slot collision detected between AA:BB:CC:00:00:03 and AA:BB:CC:00:00:00 (time delta: 0.00 ms)
2026/07/26 09:23:48 [INFO] collision: TX slot collision detected between AA:BB:CC:00:00:03 and AA:BB:CC:00:00:01 (time delta: 0.00 ms)
2026/07/26 09:23:48 [INFO] collision: TX slot collision detected between AA:BB:CC:00:00:03 and AA:BB:CC:00:00:00 (time delta: 0.00 ms)
2026/07/26 09:23:48 [INFO] collision: TX slot collision detected between AA:BB:CC:00:00:00 and AA:BB:CC:00:00:01 (time delta: 0.00 ms)
2026/07/26 09:23:48 [INFO] collision: TX slot collision detected between AA:BB:CC:00:00:00 and AA:BB:CC:00:00:01 (time delta: 0.00 ms)
2026/07/26 09:23:48 [INFO] collision: TX slot collision detected between AA:BB:CC:00:00:00 and AA:BB:CC:00:00:01 (time delta: 0.00 ms)
2026/07/26 09:23:48 [INFO] collision: TX slot collision detected between AA:BB:CC:00:00:01 and AA:BB:CC:00:00:00 (time delta: 0.00 ms)
2026/07/26 09:23:48 [INFO] collision: TX slot collision detected between AA:BB:CC:00:00:01 and AA:BB:CC:00:00:00 (time delta: 0.00 ms)
2026/07/26 09:23:48 [INFO] collision: TX slot collision detected between AA:BB:CC:00:00:03 and AA:BB:CC:00:00:01 (time delta: 0.00 ms)
2026/07/26 09:23:48 [INFO] collision: TX slot collision detected between AA:BB:CC:00:00:03 and AA:BB:CC:00:00:00 (time delta: 0.00 ms)
2026/07/26 09:23:48 [INFO] collision: TX slot collision detected between AA:BB:CC:00:00:03 and AA:BB:CC:00:00:01 (time delta: 0.00 ms)
2026/07/26 09:23:48 [INFO] collision: TX slot collision detected between AA:BB:CC:00:00:03 and AA:BB:CC:00:00:00 (time delta: 0.00 ms)
2026/07/26 09:23:48 [INFO] collision: TX slot collision detected between AA:BB:CC:00:00:03 and AA:BB:CC:00:00:01 (time delta: 0.00 ms)
2026/07/26 09:23:48 [INFO] collision: TX slot collision detected between AA:BB:CC:00:00:03 and AA:BB:CC:00:00:00 (time delta: 0.00 ms)
2026/07/26 09:23:48 "GET http://localhost:8088/ambient HTTP/1.1" from 127.0.0.1:55674 - 200 4413B in 378.615µs
2026/07/26 09:23:48 "GET http://localhost:8088/css/tokens.css HTTP/1.1" from 127.0.0.1:55674 - 200 6863B in 106.815µs
2026/07/26 09:23:48 "GET http://localhost:8088/css/layout.css HTTP/1.1" from 127.0.0.1:55678 - 200 15088B in 363.535µs
2026/07/26 09:23:48 "GET http://localhost:8088/js/ambient_briefing.js HTTP/1.1" from 127.0.0.1:55718 - 200 12292B in 142.627µs
2026/07/26 09:23:48 "GET http://localhost:8088/css/ambient.css HTTP/1.1" from 127.0.0.1:55686 - 200 13018B in 123.414µs
2026/07/26 09:23:48 "GET http://localhost:8088/js/ambient.js HTTP/1.1" from 127.0.0.1:55674 - 200 22525B in 69.425µs
2026/07/26 09:23:48 "GET http://localhost:8088/js/auth.js HTTP/1.1" from 127.0.0.1:55690 - 200 19373B in 342.189µs
2026/07/26 09:23:48 "GET http://localhost:8088/js/ambient_renderer.js HTTP/1.1" from 127.0.0.1:55702 - 200 28645B in 126.816µs
2026/07/26 09:23:48 [INFO] collision: TX slot collision detected between AA:BB:CC:00:00:00 and AA:BB:CC:00:00:01 (time delta: 0.00 ms)
2026/07/26 09:23:48 [INFO] collision: TX slot collision detected between AA:BB:CC:00:00:00 and AA:BB:CC:00:00:01 (time delta: 0.00 ms)
2026/07/26 09:23:48 [INFO] collision: TX slot collision detected between AA:BB:CC:00:00:01 and AA:BB:CC:00:00:00 (time delta: 0.00 ms)
2026/07/26 09:23:48 [INFO] collision: TX slot collision detected between AA:BB:CC:00:00:03 and AA:BB:CC:00:00:01 (time delta: 0.00 ms)
2026/07/26 09:23:48 [INFO] collision: TX slot collision detected between AA:BB:CC:00:00:03 and AA:BB:CC:00:00:00 (time delta: 0.00 ms)
2026/07/26 09:23:48 [INFO] collision: TX slot collision detected between AA:BB:CC:00:00:03 and AA:BB:CC:00:00:01 (time delta: 0.00 ms)
2026/07/26 09:23:48 [INFO] collision: TX slot collision detected between AA:BB:CC:00:00:03 and AA:BB:CC:00:00:00 (time delta: 0.00 ms)
2026/07/26 09:23:48 [INFO] collision: TX slot collision detected between AA:BB:CC:00:00:00 and AA:BB:CC:00:00:03 (time delta: 0.00 ms)
2026/07/26 09:23:48 [INFO] collision: TX slot collision detected between AA:BB:CC:00:00:00 and AA:BB:CC:00:00:01 (time delta: 0.00 ms)
2026/07/26 09:23:48 [INFO] collision: TX slot collision detected between AA:BB:CC:00:00:03 and AA:BB:CC:00:00:01 (time delta: 0.00 ms)
2026/07/26 09:23:48 [INFO] collision: TX slot collision detected between AA:BB:CC:00:00:03 and AA:BB:CC:00:00:00 (time delta: 0.00 ms)
2026/07/26 09:23:48 [INFO] collision: TX slot collision detected between AA:BB:CC:00:00:01 and AA:BB:CC:00:00:00 (time delta: 0.00 ms)
2026/07/26 09:23:48 [INFO] collision: TX slot collision detected between AA:BB:CC:00:00:01 and AA:BB:CC:00:00:03 (time delta: 0.00 ms)
2026/07/26 09:23:48 "GET http://localhost:8088/api/auth/status HTTP/1.1" from 127.0.0.1:55702 - 200 25B in 117.284µs
2026/07/26 09:23:48 [INFO] Dashboard client connected (total: 1)
2026/07/26 09:23:48 "GET http://localhost:8088/api/auth/status HTTP/1.1" from 127.0.0.1:55702 - 200 25B in 42.333µs
2026/07/26 09:23:48 [INFO] collision: TX slot collision detected between AA:BB:CC:00:00:00 and AA:BB:CC:00:00:01 (time delta: 0.00 ms)
2026/07/26 09:23:48 [INFO] collision: TX slot collision detected between AA:BB:CC:00:00:00 and AA:BB:CC:00:00:01 (time delta: 0.00 ms)
2026/07/26 09:23:48 [INFO] collision: TX slot collision detected between AA:BB:CC:00:00:01 and AA:BB:CC:00:00:00 (time delta: 0.00 ms)
2026/07/26 09:23:48 [INFO] collision: TX slot collision detected between AA:BB:CC:00:00:00 and AA:BB:CC:00:00:01 (time delta: 0.00 ms)
2026/07/26 09:23:48 [INFO] collision: TX slot collision detected between AA:BB:CC:00:00:03 and AA:BB:CC:00:00:01 (time delta: 0.00 ms)
2026/07/26 09:23:48 [INFO] collision: TX slot collision detected between AA:BB:CC:00:00:03 and AA:BB:CC:00:00:00 (time delta: 0.00 ms)
2026/07/26 09:23:48 [INFO] collision: TX slot collision detected between AA:BB:CC:00:00:01 and AA:BB:CC:00:00:00 (time delta: 0.00 ms)
2026/07/26 09:23:48 [INFO] collision: TX slot collision detected between AA:BB:CC:00:00:01 and AA:BB:CC:00:00:03 (time delta: 0.00 ms)
2026/07/26 09:23:48 [INFO] collision: TX slot collision detected between AA:BB:CC:00:00:03 and AA:BB:CC:00:00:01 (time delta: 0.00 ms)
2026/07/26 09:23:48 [INFO] collision: TX slot collision detected between AA:BB:CC:00:00:03 and AA:BB:CC:00:00:00 (time delta: 0.00 ms)
2026/07/26 09:23:48 [INFO] collision: TX slot collision detected between AA:BB:CC:00:00:03 and AA:BB:CC:00:00:01 (time delta: 0.00 ms)
2026/07/26 09:23:48 [INFO] collision: TX slot collision detected between AA:BB:CC:00:00:03 and AA:BB:CC:00:00:00 (time delta: 0.00 ms)
2026/07/26 09:23:48 [INFO] collision: TX slot collision detected between AA:BB:CC:00:00:00 and AA:BB:CC:00:00:01 (time delta: 0.00 ms)
2026/07/26 09:23:48 [INFO] collision: TX slot collision detected between AA:BB:CC:00:00:00 and AA:BB:CC:00:00:01 (time delta: 0.00 ms)
2026/07/26 09:23:48 [INFO] collision: TX slot collision detected between AA:BB:CC:00:00:00 and AA:BB:CC:00:00:01 (time delta: 0.00 ms)
2026/07/26 09:23:48 [INFO] collision: TX slot collision detected between AA:BB:CC:00:00:03 and AA:BB:CC:00:00:01 (time delta: 0.00 ms)
2026/07/26 09:23:48 [INFO] collision: TX slot collision detected between AA:BB:CC:00:00:03 and AA:BB:CC:00:00:00 (time delta: 0.00 ms)
2026/07/26 09:23:48 [INFO] collision: TX slot collision detected between AA:BB:CC:00:00:01 and AA:BB:CC:00:00:00 (time delta: 0.00 ms)
2026/07/26 09:23:48 [INFO] collision: TX slot collision detected between AA:BB:CC:00:00:01 and AA:BB:CC:00:00:03 (time delta: 0.00 ms)
2026/07/26 09:23:48 [INFO] collision: TX slot collision detected between AA:BB:CC:00:00:01 and AA:BB:CC:00:00:00 (time delta: 0.00 ms)
2026/07/26 09:23:48 [INFO] collision: TX slot collision detected between AA:BB:CC:00:00:01 and AA:BB:CC:00:00:03 (time delta: 0.00 ms)
2026/07/26 09:23:48 [INFO] collision: TX slot collision detected between AA:BB:CC:00:00:03 and AA:BB:CC:00:00:01 (time delta: 0.00 ms)
2026/07/26 09:23:48 [INFO] collision: TX slot collision detected between AA:BB:CC:00:00:03 and AA:BB:CC:00:00:00 (time delta: 0.00 ms)
2026/07/26 09:23:48 [INFO] collision: TX slot collision detected between AA:BB:CC:00:00:03 and AA:BB:CC:00:00:01 (time delta: 0.00 ms)
2026/07/26 09:23:48 [INFO] collision: TX slot collision detected between AA:BB:CC:00:00:03 and AA:BB:CC:00:00:00 (time delta: 0.00 ms)
2026/07/26 09:23:48 [INFO] collision: TX slot collision detected between AA:BB:CC:00:00:00 and AA:BB:CC:00:00:01 (time delta: 0.00 ms)
2026/07/26 09:23:48 [INFO] collision: TX slot collision detected between AA:BB:CC:00:00:00 and AA:BB:CC:00:00:01 (time delta: 0.00 ms)
2026/07/26 09:23:48 [INFO] collision: TX slot collision detected between AA:BB:CC:00:00:01 and AA:BB:CC:00:00:00 (time delta: 0.00 ms)
2026/07/26 09:23:48 [INFO] collision: TX slot collision detected between AA:BB:CC:00:00:03 and AA:BB:CC:00:00:01 (time delta: 0.00 ms)
2026/07/26 09:23:48 [INFO] collision: TX slot collision detected between AA:BB:CC:00:00:03 and AA:BB:CC:00:00:00 (time delta: 0.00 ms)
2026/07/26 09:23:48 [INFO] collision: TX slot collision detected between AA:BB:CC:00:00:00 and AA:BB:CC:00:00:01 (time delta: 0.00 ms)
2026/07/26 09:23:48 [INFO] collision: TX slot collision detected between AA:BB:CC:00:00:00 and AA:BB:CC:00:00:03 (time delta: 0.00 ms)
2026/07/26 09:23:48 [INFO] collision: TX slot collision detected between AA:BB:CC:00:00:03 and AA:BB:CC:00:00:01 (time delta: 0.00 ms)
2026/07/26 09:23:48 [INFO] collision: TX slot collision detected between AA:BB:CC:00:00:03 and AA:BB:CC:00:00:00 (time delta: 0.00 ms)
2026/07/26 09:23:48 [INFO] collision: TX slot collision detected between AA:BB:CC:00:00:03 and AA:BB:CC:00:00:01 (time delta: 0.00 ms)
2026/07/26 09:23:48 [INFO] collision: TX slot collision detected between AA:BB:CC:00:00:03 and AA:BB:CC:00:00:00 (time delta: 0.00 ms)
2026/07/26 09:23:48 [INFO] collision: TX slot collision detected between AA:BB:CC:00:00:01 and AA:BB:CC:00:00:00 (time delta: 0.00 ms)
2026/07/26 09:23:48 [INFO] collision: TX slot collision detected between AA:BB:CC:00:00:01 and AA:BB:CC:00:00:03 (time delta: 0.00 ms)
2026/07/26 09:23:48 [INFO] collision: TX slot collision detected between AA:BB:CC:00:00:00 and AA:BB:CC:00:00:01 (time delta: 0.00 ms)
2026/07/26 09:23:48 [INFO] collision: TX slot collision detected between AA:BB:CC:00:00:00 and AA:BB:CC:00:00:01 (time delta: 0.00 ms)
2026/07/26 09:23:48 [INFO] collision: TX slot collision detected between AA:BB:CC:00:00:01 and AA:BB:CC:00:00:00 (time delta: 0.00 ms)
2026/07/26 09:23:48 [INFO] collision: TX slot collision detected between AA:BB:CC:00:00:00 and AA:BB:CC:00:00:01 (time delta: 0.00 ms)
2026/07/26 09:23:48 [INFO] collision: TX slot collision detected between AA:BB:CC:00:00:03 and AA:BB:CC:00:00:00 (time delta: 0.00 ms)
2026/07/26 09:23:48 [INFO] collision: TX slot collision detected between AA:BB:CC:00:00:03 and AA:BB:CC:00:00:01 (time delta: 0.00 ms)
2026/07/26 09:23:48 [INFO] collision: TX slot collision detected between AA:BB:CC:00:00:03 and AA:BB:CC:00:00:01 (time delta: 0.00 ms)
2026/07/26 09:23:48 [INFO] collision: TX slot collision detected between AA:BB:CC:00:00:03 and AA:BB:CC:00:00:00 (time delta: 0.00 ms)
2026/07/26 09:23:48 [INFO] collision: TX slot collision detected between AA:BB:CC:00:00:01 and AA:BB:CC:00:00:00 (time delta: 0.00 ms)
2026/07/26 09:23:48 [INFO] collision: TX slot collision detected between AA:BB:CC:00:00:01 and AA:BB:CC:00:00:03 (time delta: 0.00 ms)
2026/07/26 09:23:48 [INFO] collision: TX slot collision detected between AA:BB:CC:00:00:03 and AA:BB:CC:00:00:01 (time delta: 0.00 ms)
2026/07/26 09:23:48 [INFO] collision: TX slot collision detected between AA:BB:CC:00:00:03 and AA:BB:CC:00:00:00 (time delta: 0.00 ms)
2026/07/26 09:23:48 [INFO] collision: TX slot collision detected between AA:BB:CC:00:00:03 and AA:BB:CC:00:00:01 (time delta: 0.00 ms)
2026/07/26 09:23:48 [INFO] collision: TX slot collision detected between AA:BB:CC:00:00:00 and AA:BB:CC:00:00:01 (time delta: 0.00 ms)
2026/07/26 09:23:48 [INFO] collision: TX slot collision detected between AA:BB:CC:00:00:00 and AA:BB:CC:00:00:03 (time delta: 0.00 ms)
2026/07/26 09:23:48 [INFO] collision: TX slot collision detected between AA:BB:CC:00:00:01 and AA:BB:CC:00:00:00 (time delta: 0.00 ms)
2026/07/26 09:23:48 [INFO] collision: TX slot collision detected between AA:BB:CC:00:00:01 and AA:BB:CC:00:00:03 (time delta: 0.00 ms)
2026/07/26 09:23:48 [INFO] collision: TX slot collision detected between AA:BB:CC:00:00:00 and AA:BB:CC:00:00:01 (time delta: 0.00 ms)
2026/07/26 09:23:48 [INFO] collision: TX slot collision detected between AA:BB:CC:00:00:00 and AA:BB:CC:00:00:03 (time delta: 0.00 ms)
2026/07/26 09:23:48 [INFO] collision: TX slot collision detected between AA:BB:CC:00:00:00 and AA:BB:CC:00:00:01 (time delta: 0.00 ms)
2026/07/26 09:23:48 [INFO] collision: TX slot collision detected between AA:BB:CC:00:00:00 and AA:BB:CC:00:00:03 (time delta: 0.00 ms)
2026/07/26 09:23:48 [INFO] collision: TX slot collision detected between AA:BB:CC:00:00:01 and AA:BB:CC:00:00:00 (time delta: 0.00 ms)
2026/07/26 09:23:48 [INFO] collision: TX slot collision detected between AA:BB:CC:00:00:01 and AA:BB:CC:00:00:03 (time delta: 0.00 ms)
2026/07/26 09:23:48 [INFO] collision: TX slot collision detected between AA:BB:CC:00:00:03 and AA:BB:CC:00:00:00 (time delta: 0.00 ms)
2026/07/26 09:23:48 [INFO] collision: TX slot collision detected between AA:BB:CC:00:00:03 and AA:BB:CC:00:00:01 (time delta: 0.00 ms)
2026/07/26 09:23:48 [INFO] collision: TX slot collision detected between AA:BB:CC:00:00:03 and AA:BB:CC:00:00:01 (time delta: 0.00 ms)
2026/07/26 09:23:48 [INFO] collision: TX slot collision detected between AA:BB:CC:00:00:03 and AA:BB:CC:00:00:00 (time delta: 0.00 ms)
2026/07/26 09:23:48 [INFO] collision: TX slot collision detected between AA:BB:CC:00:00:00 and AA:BB:CC:00:00:01 (time delta: 0.00 ms)
2026/07/26 09:23:48 [INFO] collision: TX slot collision detected between AA:BB:CC:00:00:00 and AA:BB:CC:00:00:01 (time delta: 0.00 ms)
2026/07/26 09:23:48 [INFO] collision: TX slot collision detected between AA:BB:CC:00:00:03 and AA:BB:CC:00:00:01 (time delta: 0.00 ms)
2026/07/26 09:23:48 [INFO] collision: TX slot collision detected between AA:BB:CC:00:00:03 and AA:BB:CC:00:00:00 (time delta: 0.00 ms)
2026/07/26 09:23:48 [INFO] collision: TX slot collision detected between AA:BB:CC:00:00:00 and AA:BB:CC:00:00:01 (time delta: 0.00 ms)
2026/07/26 09:23:48 [INFO] collision: TX slot collision detected between AA:BB:CC:00:00:00 and AA:BB:CC:00:00:03 (time delta: 0.00 ms)
2026/07/26 09:23:48 [INFO] collision: TX slot collision detected between AA:BB:CC:00:00:01 and AA:BB:CC:00:00:00 (time delta: 0.00 ms)
2026/07/26 09:23:48 [INFO] collision: TX slot collision detected between AA:BB:CC:00:00:01 and AA:BB:CC:00:00:03 (time delta: 0.00 ms)
2026/07/26 09:23:48 [INFO] collision: TX slot collision detected between AA:BB:CC:00:00:01 and AA:BB:CC:00:00:00 (time delta: 0.00 ms)
2026/07/26 09:23:48 [INFO] collision: TX slot collision detected between AA:BB:CC:00:00:01 and AA:BB:CC:00:00:03 (time delta: 0.00 ms)
2026/07/26 09:23:48 [INFO] collision: TX slot collision detected between AA:BB:CC:00:00:03 and AA:BB:CC:00:00:00 (time delta: 0.00 ms)
2026/07/26 09:23:48 [INFO] collision: TX slot collision detected between AA:BB:CC:00:00:03 and AA:BB:CC:00:00:01 (time delta: 0.00 ms)
2026/07/26 09:23:48 [INFO] collision: TX slot collision detected between AA:BB:CC:00:00:03 and AA:BB:CC:00:00:01 (time delta: 0.00 ms)
2026/07/26 09:23:48 [INFO] collision: TX slot collision detected between AA:BB:CC:00:00:03 and AA:BB:CC:00:00:00 (time delta: 0.00 ms)
2026/07/26 09:23:48 [INFO] collision: TX slot collision detected between AA:BB:CC:00:00:00 and AA:BB:CC:00:00:01 (time delta: 0.00 ms)
2026/07/26 09:23:48 [INFO] collision: TX slot collision detected between AA:BB:CC:00:00:00 and AA:BB:CC:00:00:01 (time delta: 0.00 ms)
2026/07/26 09:23:48 [INFO] collision: TX slot collision detected between AA:BB:CC:00:00:00 and AA:BB:CC:00:00:01 (time delta: 0.00 ms)
2026/07/26 09:23:48 [INFO] collision: TX slot collision detected between AA:BB:CC:00:00:03 and AA:BB:CC:00:00:01 (time delta: 0.00 ms)
2026/07/26 09:23:48 [INFO] collision: TX slot collision detected between AA:BB:CC:00:00:03 and AA:BB:CC:00:00:00 (time delta: 0.00 ms)
2026/07/26 09:23:48 [INFO] collision: TX slot collision detected between AA:BB:CC:00:00:01 and AA:BB:CC:00:00:00 (time delta: 0.00 ms)
2026/07/26 09:23:48 [INFO] collision: TX slot collision detected between AA:BB:CC:00:00:01 and AA:BB:CC:00:00:03 (time delta: 0.00 ms)
2026/07/26 09:23:48 [INFO] collision: TX slot collision detected between AA:BB:CC:00:00:03 and AA:BB:CC:00:00:00 (time delta: 0.00 ms)
2026/07/26 09:23:48 [INFO] collision: TX slot collision detected between AA:BB:CC:00:00:03 and AA:BB:CC:00:00:01 (time delta: 0.00 ms)
2026/07/26 09:23:48 [INFO] collision: TX slot collision detected between AA:BB:CC:00:00:01 and AA:BB:CC:00:00:00 (time delta: 0.00 ms)
2026/07/26 09:23:48 [INFO] collision: TX slot collision detected between AA:BB:CC:00:00:01 and AA:BB:CC:00:00:03 (time delta: 0.00 ms)
2026/07/26 09:23:48 [INFO] collision: TX slot collision detected between AA:BB:CC:00:00:03 and AA:BB:CC:00:00:01 (time delta: 0.00 ms)
2026/07/26 09:23:48 [INFO] collision: TX slot collision detected between AA:BB:CC:00:00:03 and AA:BB:CC:00:00:00 (time delta: 0.00 ms)
2026/07/26 09:23:48 [INFO] collision: TX slot collision detected between AA:BB:CC:00:00:03 and AA:BB:CC:00:00:01 (time delta: 0.00 ms)
2026/07/26 09:23:48 [INFO] collision: TX slot collision detected between AA:BB:CC:00:00:00 and AA:BB:CC:00:00:01 (time delta: 0.00 ms)
2026/07/26 09:23:48 [INFO] collision: TX slot collision detected between AA:BB:CC:00:00:00 and AA:BB:CC:00:00:03 (time delta: 0.00 ms)
2026/07/26 09:23:48 [INFO] collision: TX slot collision detected between AA:BB:CC:00:00:00 and AA:BB:CC:00:00:03 (time delta: 0.00 ms)
2026/07/26 09:23:48 [INFO] collision: TX slot collision detected between AA:BB:CC:00:00:00 and AA:BB:CC:00:00:01 (time delta: 0.00 ms)
2026/07/26 09:23:48 [INFO] collision: TX slot collision detected between AA:BB:CC:00:00:01 and AA:BB:CC:00:00:00 (time delta: 0.00 ms)
2026/07/26 09:23:48 [INFO] collision: TX slot collision detected between AA:BB:CC:00:00:01 and AA:BB:CC:00:00:03 (time delta: 0.00 ms)
2026/07/26 09:23:48 [INFO] collision: TX slot collision detected between AA:BB:CC:00:00:01 and AA:BB:CC:00:00:00 (time delta: 0.00 ms)
2026/07/26 09:23:48 [INFO] collision: TX slot collision detected between AA:BB:CC:00:00:01 and AA:BB:CC:00:00:03 (time delta: 0.00 ms)
2026/07/26 09:23:48 [INFO] collision: TX slot collision detected between AA:BB:CC:00:00:03 and AA:BB:CC:00:00:01 (time delta: 0.00 ms)
2026/07/26 09:23:48 [INFO] collision: TX slot collision detected between AA:BB:CC:00:00:03 and AA:BB:CC:00:00:00 (time delta: 0.00 ms)
2026/07/26 09:23:48 [INFO] collision: TX slot collision detected between AA:BB:CC:00:00:00 and AA:BB:CC:00:00:01 (time delta: 0.00 ms)
2026/07/26 09:23:48 [INFO] collision: TX slot collision detected between AA:BB:CC:00:00:00 and AA:BB:CC:00:00:03 (time delta: 0.00 ms)
2026/07/26 09:23:48 [INFO] collision: TX slot collision detected between AA:BB:CC:00:00:03 and AA:BB:CC:00:00:01 (time delta: 0.00 ms)
2026/07/26 09:23:48 [INFO] collision: TX slot collision detected between AA:BB:CC:00:00:03 and AA:BB:CC:00:00:00 (time delta: 0.00 ms)
2026/07/26 09:23:49 [INFO] collision: TX slot collision detected between AA:BB:CC:00:00:00 and AA:BB:CC:00:00:01 (time delta: 0.00 ms)
2026/07/26 09:23:49 [INFO] collision: TX slot collision detected between AA:BB:CC:00:00:00 and AA:BB:CC:00:00:01 (time delta: 0.00 ms)
2026/07/26 09:23:49 [INFO] collision: TX slot collision detected between AA:BB:CC:00:00:03 and AA:BB:CC:00:00:01 (time delta: 0.00 ms)
2026/07/26 09:23:49 [INFO] collision: TX slot collision detected between AA:BB:CC:00:00:03 and AA:BB:CC:00:00:00 (time delta: 0.00 ms)
2026/07/26 09:23:49 [INFO] collision: TX slot collision detected between AA:BB:CC:00:00:00 and AA:BB:CC:00:00:01 (time delta: 0.00 ms)
2026/07/26 09:23:49 [INFO] collision: TX slot collision detected between AA:BB:CC:00:00:00 and AA:BB:CC:00:00:03 (time delta: 0.00 ms)
2026/07/26 09:23:49 [INFO] collision: TX slot collision detected between AA:BB:CC:00:00:01 and AA:BB:CC:00:00:00 (time delta: 0.00 ms)
2026/07/26 09:23:49 [INFO] collision: TX slot collision detected between AA:BB:CC:00:00:01 and AA:BB:CC:00:00:03 (time delta: 0.00 ms)
2026/07/26 09:23:49 [INFO] collision: TX slot collision detected between AA:BB:CC:00:00:01 and AA:BB:CC:00:00:00 (time delta: 0.00 ms)
2026/07/26 09:23:49 [INFO] collision: TX slot collision detected between AA:BB:CC:00:00:01 and AA:BB:CC:00:00:03 (time delta: 0.00 ms)
2026/07/26 09:23:49 [INFO] collision: TX slot collision detected between AA:BB:CC:00:00:03 and AA:BB:CC:00:00:01 (time delta: 0.00 ms)
2026/07/26 09:23:49 [INFO] collision: TX slot collision detected between AA:BB:CC:00:00:03 and AA:BB:CC:00:00:00 (time delta: 0.00 ms)
2026/07/26 09:23:49 [INFO] collision: TX slot collision detected between AA:BB:CC:00:00:03 and AA:BB:CC:00:00:01 (time delta: 0.00 ms)
2026/07/26 09:23:49 [INFO] collision: TX slot collision detected between AA:BB:CC:00:00:03 and AA:BB:CC:00:00:00 (time delta: 0.00 ms)
2026/07/26 09:23:49 [INFO] collision: TX slot collision detected between AA:BB:CC:00:00:03 and AA:BB:CC:00:00:01 (time delta: 0.00 ms)
2026/07/26 09:23:49 [INFO] collision: TX slot collision detected between AA:BB:CC:00:00:00 and AA:BB:CC:00:00:01 (time delta: 0.00 ms)
2026/07/26 09:23:49 [INFO] collision: TX slot collision detected between AA:BB:CC:00:00:00 and AA:BB:CC:00:00:03 (time delta: 0.00 ms)
2026/07/26 09:23:49 [INFO] collision: TX slot collision detected between AA:BB:CC:00:00:01 and AA:BB:CC:00:00:00 (time delta: 0.00 ms)
2026/07/26 09:23:49 [INFO] collision: TX slot collision detected between AA:BB:CC:00:00:01 and AA:BB:CC:00:00:03 (time delta: 0.00 ms)
2026/07/26 09:23:49 [INFO] collision: TX slot collision detected between AA:BB:CC:00:00:03 and AA:BB:CC:00:00:01 (time delta: 0.00 ms)
2026/07/26 09:23:49 [INFO] collision: TX slot collision detected between AA:BB:CC:00:00:03 and AA:BB:CC:00:00:00 (time delta: 0.00 ms)
2026/07/26 09:23:49 [INFO] collision: TX slot collision detected between AA:BB:CC:00:00:00 and AA:BB:CC:00:00:01 (time delta: 0.00 ms)
2026/07/26 09:23:49 [INFO] collision: TX slot collision detected between AA:BB:CC:00:00:00 and AA:BB:CC:00:00:03 (time delta: 0.00 ms)
2026/07/26 09:23:49 [INFO] collision: TX slot collision detected between AA:BB:CC:00:00:00 and AA:BB:CC:00:00:01 (time delta: 0.00 ms)
2026/07/26 09:23:49 [INFO] collision: TX slot collision detected between AA:BB:CC:00:00:00 and AA:BB:CC:00:00:03 (time delta: 0.00 ms)
2026/07/26 09:23:49 [INFO] collision: TX slot collision detected between AA:BB:CC:00:00:01 and AA:BB:CC:00:00:00 (time delta: 0.00 ms)
2026/07/26 09:23:49 [INFO] collision: TX slot collision detected between AA:BB:CC:00:00:01 and AA:BB:CC:00:00:03 (time delta: 0.00 ms)
2026/07/26 09:23:49 [INFO] collision: TX slot collision detected between AA:BB:CC:00:00:03 and AA:BB:CC:00:00:01 (time delta: 0.00 ms)
2026/07/26 09:23:49 [INFO] collision: TX slot collision detected between AA:BB:CC:00:00:03 and AA:BB:CC:00:00:00 (time delta: 0.00 ms)
2026/07/26 09:23:49 [INFO] collision: TX slot collision detected between AA:BB:CC:00:00:03 and AA:BB:CC:00:00:01 (time delta: 0.00 ms)
2026/07/26 09:23:49 [INFO] collision: TX slot collision detected between AA:BB:CC:00:00:00 and AA:BB:CC:00:00:01 (time delta: 0.00 ms)
2026/07/26 09:23:49 [INFO] collision: TX slot collision detected between AA:BB:CC:00:00:00 and AA:BB:CC:00:00:03 (time delta: 0.00 ms)
2026/07/26 09:23:49 [INFO] collision: TX slot collision detected between AA:BB:CC:00:00:01 and AA:BB:CC:00:00:00 (time delta: 0.00 ms)
2026/07/26 09:23:49 [INFO] collision: TX slot collision detected between AA:BB:CC:00:00:01 and AA:BB:CC:00:00:03 (time delta: 0.00 ms)
2026/07/26 09:23:49 [INFO] collision: TX slot collision detected between AA:BB:CC:00:00:00 and AA:BB:CC:00:00:03 (time delta: 0.00 ms)
2026/07/26 09:23:49 [INFO] collision: TX slot collision detected between AA:BB:CC:00:00:00 and AA:BB:CC:00:00:01 (time delta: 0.00 ms)
2026/07/26 09:23:49 [INFO] collision: TX slot collision detected between AA:BB:CC:00:00:00 and AA:BB:CC:00:00:01 (time delta: 0.00 ms)
2026/07/26 09:23:49 [INFO] collision: TX slot collision detected between AA:BB:CC:00:00:00 and AA:BB:CC:00:00:03 (time delta: 0.00 ms)
2026/07/26 09:23:49 [INFO] collision: TX slot collision detected between AA:BB:CC:00:00:01 and AA:BB:CC:00:00:00 (time delta: 0.00 ms)
2026/07/26 09:23:49 [INFO] collision: TX slot collision detected between AA:BB:CC:00:00:01 and AA:BB:CC:00:00:03 (time delta: 0.00 ms)
2026/07/26 09:23:49 [INFO] collision: TX slot collision detected between AA:BB:CC:00:00:03 and AA:BB:CC:00:00:01 (time delta: 0.00 ms)
2026/07/26 09:23:49 [INFO] collision: TX slot collision detected between AA:BB:CC:00:00:03 and AA:BB:CC:00:00:00 (time delta: 0.00 ms)
2026/07/26 09:23:49 [INFO] collision: TX slot collision detected between AA:BB:CC:00:00:03 and AA:BB:CC:00:00:01 (time delta: 0.00 ms)
2026/07/26 09:23:49 [INFO] collision: TX slot collision detected between AA:BB:CC:00:00:03 and AA:BB:CC:00:00:00 (time delta: 0.00 ms)
2026/07/26 09:23:49 [INFO] collision: TX slot collision detected between AA:BB:CC:00:00:03 and AA:BB:CC:00:00:01 (time delta: 0.00 ms)
2026/07/26 09:23:49 [INFO] collision: TX slot collision detected between AA:BB:CC:00:00:00 and AA:BB:CC:00:00:03 (time delta: 0.00 ms)
2026/07/26 09:23:49 [INFO] collision: TX slot collision detected between AA:BB:CC:00:00:00 and AA:BB:CC:00:00:01 (time delta: 0.00 ms)
2026/07/26 09:23:49 [INFO] collision: TX slot collision detected between AA:BB:CC:00:00:00 and AA:BB:CC:00:00:01 (time delta: 0.00 ms)
2026/07/26 09:23:49 [INFO] collision: TX slot collision detected between AA:BB:CC:00:00:00 and AA:BB:CC:00:00:03 (time delta: 0.00 ms)
2026/07/26 09:23:49 [INFO] collision: TX slot collision detected between AA:BB:CC:00:00:01 and AA:BB:CC:00:00:00 (time delta: 0.00 ms)
2026/07/26 09:23:49 [INFO] collision: TX slot collision detected between AA:BB:CC:00:00:01 and AA:BB:CC:00:00:03 (time delta: 0.00 ms)
2026/07/26 09:23:49 [INFO] collision: TX slot collision detected between AA:BB:CC:00:00:01 and AA:BB:CC:00:00:00 (time delta: 0.00 ms)
2026/07/26 09:23:49 [INFO] collision: TX slot collision detected between AA:BB:CC:00:00:01 and AA:BB:CC:00:00:03 (time delta: 0.00 ms)
2026/07/26 09:23:49 [INFO] collision: TX slot collision detected between AA:BB:CC:00:00:00 and AA:BB:CC:00:00:01 (time delta: 0.00 ms)
2026/07/26 09:23:49 [INFO] collision: TX slot collision detected between AA:BB:CC:00:00:00 and AA:BB:CC:00:00:03 (time delta: 0.00 ms)
2026/07/26 09:23:49 [INFO] collision: TX slot collision detected between AA:BB:CC:00:00:03 and AA:BB:CC:00:00:01 (time delta: 0.00 ms)
2026/07/26 09:23:49 [INFO] collision: TX slot collision detected between AA:BB:CC:00:00:03 and AA:BB:CC:00:00:00 (time delta: 0.00 ms)
2026/07/26 09:23:49 [INFO] collision: TX slot collision detected between AA:BB:CC:00:00:03 and AA:BB:CC:00:00:00 (time delta: 0.00 ms)
2026/07/26 09:23:49 [INFO] collision: TX slot collision detected between AA:BB:CC:00:00:03 and AA:BB:CC:00:00:01 (time delta: 0.00 ms)
2026/07/26 09:23:49 [INFO] collision: TX slot collision detected between AA:BB:CC:00:00:00 and AA:BB:CC:00:00:01 (time delta: 0.00 ms)
2026/07/26 09:23:49 [INFO] collision: TX slot collision detected between AA:BB:CC:00:00:00 and AA:BB:CC:00:00:01 (time delta: 0.00 ms)
2026/07/26 09:23:49 [INFO] collision: TX slot collision detected between AA:BB:CC:00:00:01 and AA:BB:CC:00:00:00 (time delta: 0.00 ms)
2026/07/26 09:23:49 [INFO] collision: TX slot collision detected between AA:BB:CC:00:00:03 and AA:BB:CC:00:00:00 (time delta: 0.00 ms)
2026/07/26 09:23:49 [INFO] collision: TX slot collision detected between AA:BB:CC:00:00:03 and AA:BB:CC:00:00:01 (time delta: 0.00 ms)
2026/07/26 09:23:49 [INFO] collision: TX slot collision detected between AA:BB:CC:00:00:03 and AA:BB:CC:00:00:01 (time delta: 0.00 ms)
2026/07/26 09:23:49 [INFO] collision: TX slot collision detected between AA:BB:CC:00:00:03 and AA:BB:CC:00:00:00 (time delta: 0.00 ms)
2026/07/26 09:23:49 [INFO] collision: TX slot collision detected between AA:BB:CC:00:00:00 and AA:BB:CC:00:00:03 (time delta: 0.00 ms)
2026/07/26 09:23:49 [INFO] collision: TX slot collision detected between AA:BB:CC:00:00:00 and AA:BB:CC:00:00:01 (time delta: 0.00 ms)
2026/07/26 09:23:49 [INFO] collision: TX slot collision detected between AA:BB:CC:00:00:01 and AA:BB:CC:00:00:00 (time delta: 0.00 ms)
2026/07/26 09:23:49 [INFO] collision: TX slot collision detected between AA:BB:CC:00:00:01 and AA:BB:CC:00:00:03 (time delta: 0.00 ms)
2026/07/26 09:23:49 [INFO] collision: TX slot collision detected between AA:BB:CC:00:00:03 and AA:BB:CC:00:00:01 (time delta: 0.00 ms)
2026/07/26 09:23:49 [INFO] collision: TX slot collision detected between AA:BB:CC:00:00:03 and AA:BB:CC:00:00:00 (time delta: 0.00 ms)
2026/07/26 09:23:49 [INFO] collision: TX slot collision detected between AA:BB:CC:00:00:00 and AA:BB:CC:00:00:01 (time delta: 0.00 ms)
2026/07/26 09:23:49 [INFO] collision: TX slot collision detected between AA:BB:CC:00:00:00 and AA:BB:CC:00:00:01 (time delta: 0.00 ms)
2026/07/26 09:23:49 [INFO] collision: TX slot collision detected between AA:BB:CC:00:00:00 and AA:BB:CC:00:00:01 (time delta: 0.00 ms)
2026/07/26 09:23:49 [INFO] collision: TX slot collision detected between AA:BB:CC:00:00:01 and AA:BB:CC:00:00:00 (time delta: 0.00 ms)
2026/07/26 09:23:49 [INFO] collision: TX slot collision detected between AA:BB:CC:00:00:01 and AA:BB:CC:00:00:00 (time delta: 0.00 ms)
2026/07/26 09:23:49 [INFO] collision: TX slot collision detected between AA:BB:CC:00:00:03 and AA:BB:CC:00:00:01 (time delta: 0.00 ms)
2026/07/26 09:23:49 [INFO] collision: TX slot collision detected between AA:BB:CC:00:00:03 and AA:BB:CC:00:00:00 (time delta: 0.00 ms)
2026/07/26 09:23:49 [INFO] collision: TX slot collision detected between AA:BB:CC:00:00:03 and AA:BB:CC:00:00:01 (time delta: 0.00 ms)
2026/07/26 09:23:49 [INFO] collision: TX slot collision detected between AA:BB:CC:00:00:03 and AA:BB:CC:00:00:00 (time delta: 0.00 ms)
2026/07/26 09:23:49 [INFO] collision: TX slot collision detected between AA:BB:CC:00:00:03 and AA:BB:CC:00:00:01 (time delta: 0.00 ms)
2026/07/26 09:23:49 [INFO] collision: TX slot collision detected between AA:BB:CC:00:00:03 and AA:BB:CC:00:00:00 (time delta: 0.00 ms)
2026/07/26 09:23:49 [INFO] collision: TX slot collision detected between AA:BB:CC:00:00:00 and AA:BB:CC:00:00:01 (time delta: 0.00 ms)
2026/07/26 09:23:49 [INFO] collision: TX slot collision detected between AA:BB:CC:00:00:03 and AA:BB:CC:00:00:01 (time delta: 0.00 ms)
2026/07/26 09:23:49 [INFO] collision: TX slot collision detected between AA:BB:CC:00:00:03 and AA:BB:CC:00:00:00 (time delta: 0.00 ms)
2026/07/26 09:23:49 [INFO] collision: TX slot collision detected between AA:BB:CC:00:00:00 and AA:BB:CC:00:00:01 (time delta: 0.00 ms)
2026/07/26 09:23:49 [INFO] collision: TX slot collision detected between AA:BB:CC:00:00:00 and AA:BB:CC:00:00:03 (time delta: 0.00 ms)
2026/07/26 09:23:49 [INFO] collision: TX slot collision detected between AA:BB:CC:00:00:00 and AA:BB:CC:00:00:01 (time delta: 0.00 ms)
2026/07/26 09:23:49 [INFO] collision: TX slot collision detected between AA:BB:CC:00:00:00 and AA:BB:CC:00:00:03 (time delta: 0.00 ms)
2026/07/26 09:23:49 [INFO] collision: TX slot collision detected between AA:BB:CC:00:00:01 and AA:BB:CC:00:00:00 (time delta: 0.00 ms)
2026/07/26 09:23:49 [INFO] collision: TX slot collision detected between AA:BB:CC:00:00:01 and AA:BB:CC:00:00:03 (time delta: 0.00 ms)
2026/07/26 09:23:49 [INFO] collision: TX slot collision detected between AA:BB:CC:00:00:03 and AA:BB:CC:00:00:01 (time delta: 0.00 ms)
2026/07/26 09:23:49 [INFO] collision: TX slot collision detected between AA:BB:CC:00:00:03 and AA:BB:CC:00:00:00 (time delta: 0.00 ms)
2026/07/26 09:23:49 [INFO] collision: TX slot collision detected between AA:BB:CC:00:00:01 and AA:BB:CC:00:00:00 (time delta: 0.00 ms)
2026/07/26 09:23:49 [INFO] collision: TX slot collision detected between AA:BB:CC:00:00:01 and AA:BB:CC:00:00:03 (time delta: 0.00 ms)
2026/07/26 09:23:49 [INFO] collision: TX slot collision detected between AA:BB:CC:00:00:03 and AA:BB:CC:00:00:01 (time delta: 0.00 ms)
2026/07/26 09:23:49 [INFO] collision: TX slot collision detected between AA:BB:CC:00:00:03 and AA:BB:CC:00:00:00 (time delta: 0.00 ms)
2026/07/26 09:23:49 [INFO] collision: TX slot collision detected between AA:BB:CC:00:00:00 and AA:BB:CC:00:00:01 (time delta: 0.00 ms)
2026/07/26 09:23:49 [INFO] collision: TX slot collision detected between AA:BB:CC:00:00:03 and AA:BB:CC:00:00:01 (time delta: 0.00 ms)
2026/07/26 09:23:49 [INFO] collision: TX slot collision detected between AA:BB:CC:00:00:03 and AA:BB:CC:00:00:00 (time delta: 0.00 ms)
2026/07/26 09:23:49 [INFO] collision: TX slot collision detected between AA:BB:CC:00:00:00 and AA:BB:CC:00:00:01 (time delta: 0.00 ms)
2026/07/26 09:23:49 [INFO] collision: TX slot collision detected between AA:BB:CC:00:00:00 and AA:BB:CC:00:00:03 (time delta: 0.00 ms)
2026/07/26 09:23:49 [INFO] collision: TX slot collision detected between AA:BB:CC:00:00:00 and AA:BB:CC:00:00:03 (time delta: 0.00 ms)
2026/07/26 09:23:49 [INFO] collision: TX slot collision detected between AA:BB:CC:00:00:00 and AA:BB:CC:00:00:01 (time delta: 0.00 ms)
2026/07/26 09:23:49 [INFO] collision: TX slot collision detected between AA:BB:CC:00:00:01 and AA:BB:CC:00:00:00 (time delta: 0.00 ms)
2026/07/26 09:23:49 [INFO] collision: TX slot collision detected between AA:BB:CC:00:00:01 and AA:BB:CC:00:00:03 (time delta: 0.00 ms)
2026/07/26 09:23:49 [INFO] collision: TX slot collision detected between AA:BB:CC:00:00:01 and AA:BB:CC:00:00:00 (time delta: 0.00 ms)
2026/07/26 09:23:49 [INFO] collision: TX slot collision detected between AA:BB:CC:00:00:01 and AA:BB:CC:00:00:03 (time delta: 0.00 ms)
2026/07/26 09:23:49 [INFO] collision: TX slot collision detected between AA:BB:CC:00:00:03 and AA:BB:CC:00:00:01 (time delta: 0.00 ms)
2026/07/26 09:23:49 [INFO] collision: TX slot collision detected between AA:BB:CC:00:00:03 and AA:BB:CC:00:00:00 (time delta: 0.00 ms)
2026/07/26 09:23:49 [INFO] collision: TX slot collision detected between AA:BB:CC:00:00:03 and AA:BB:CC:00:00:01 (time delta: 0.00 ms)
2026/07/26 09:23:49 [INFO] collision: TX slot collision detected between AA:BB:CC:00:00:03 and AA:BB:CC:00:00:00 (time delta: 0.00 ms)
2026/07/26 09:23:49 [INFO] collision: TX slot collision detected between AA:BB:CC:00:00:00 and AA:BB:CC:00:00:01 (time delta: 0.00 ms)
2026/07/26 09:23:49 [INFO] collision: TX slot collision detected between AA:BB:CC:00:00:00 and AA:BB:CC:00:00:01 (time delta: 0.00 ms)
2026/07/26 09:23:49 [INFO] collision: TX slot collision detected between AA:BB:CC:00:00:03 and AA:BB:CC:00:00:01 (time delta: 0.00 ms)
2026/07/26 09:23:49 [INFO] collision: TX slot collision detected between AA:BB:CC:00:00:03 and AA:BB:CC:00:00:00 (time delta: 0.00 ms)
2026/07/26 09:23:49 [INFO] collision: TX slot collision detected between AA:BB:CC:00:00:00 and AA:BB:CC:00:00:01 (time delta: 0.00 ms)
2026/07/26 09:23:49 [INFO] collision: TX slot collision detected between AA:BB:CC:00:00:00 and AA:BB:CC:00:00:03 (time delta: 0.00 ms)
2026/07/26 09:23:49 [INFO] collision: TX slot collision detected between AA:BB:CC:00:00:01 and AA:BB:CC:00:00:00 (time delta: 0.00 ms)
2026/07/26 09:23:49 [INFO] collision: TX slot collision detected between AA:BB:CC:00:00:01 and AA:BB:CC:00:00:03 (time delta: 0.00 ms)
2026/07/26 09:23:49 [INFO] collision: TX slot collision detected between AA:BB:CC:00:00:03 and AA:BB:CC:00:00:00 (time delta: 0.00 ms)
2026/07/26 09:23:49 [INFO] collision: TX slot collision detected between AA:BB:CC:00:00:03 and AA:BB:CC:00:00:01 (time delta: 0.00 ms)
2026/07/26 09:23:49 [INFO] collision: TX slot collision detected between AA:BB:CC:00:00:01 and AA:BB:CC:00:00:00 (time delta: 0.00 ms)
2026/07/26 09:23:49 [INFO] collision: TX slot collision detected between AA:BB:CC:00:00:01 and AA:BB:CC:00:00:03 (time delta: 0.00 ms)
2026/07/26 09:23:49 [INFO] collision: TX slot collision detected between AA:BB:CC:00:00:03 and AA:BB:CC:00:00:01 (time delta: 0.00 ms)
2026/07/26 09:23:49 [INFO] collision: TX slot collision detected between AA:BB:CC:00:00:03 and AA:BB:CC:00:00:00 (time delta: 0.00 ms)
2026/07/26 09:23:49 [INFO] collision: TX slot collision detected between AA:BB:CC:00:00:00 and AA:BB:CC:00:00:01 (time delta: 0.00 ms)
2026/07/26 09:23:49 [INFO] collision: TX slot collision detected between AA:BB:CC:00:00:00 and AA:BB:CC:00:00:01 (time delta: 0.00 ms)
2026/07/26 09:23:49 [INFO] collision: TX slot collision detected between AA:BB:CC:00:00:01 and AA:BB:CC:00:00:00 (time delta: 0.00 ms)
2026/07/26 09:23:49 [INFO] collision: TX slot collision detected between AA:BB:CC:00:00:03 and AA:BB:CC:00:00:01 (time delta: 0.00 ms)
2026/07/26 09:23:49 [INFO] collision: TX slot collision detected between AA:BB:CC:00:00:03 and AA:BB:CC:00:00:00 (time delta: 0.00 ms)
2026/07/26 09:23:49 [INFO] collision: TX slot collision detected between AA:BB:CC:00:00:00 and AA:BB:CC:00:00:03 (time delta: 0.00 ms)
2026/07/26 09:23:49 [INFO] collision: TX slot collision detected between AA:BB:CC:00:00:00 and AA:BB:CC:00:00:01 (time delta: 0.00 ms)
2026/07/26 09:23:49 [INFO] collision: TX slot collision detected between AA:BB:CC:00:00:03 and AA:BB:CC:00:00:01 (time delta: 0.00 ms)
2026/07/26 09:23:49 [INFO] collision: TX slot collision detected between AA:BB:CC:00:00:03 and AA:BB:CC:00:00:00 (time delta: 0.00 ms)
2026/07/26 09:23:49 [INFO] collision: TX slot collision detected between AA:BB:CC:00:00:01 and AA:BB:CC:00:00:00 (time delta: 0.00 ms)
2026/07/26 09:23:49 [INFO] collision: TX slot collision detected between AA:BB:CC:00:00:01 and AA:BB:CC:00:00:03 (time delta: 0.00 ms)
2026/07/26 09:23:49 [INFO] collision: TX slot collision detected between AA:BB:CC:00:00:03 and AA:BB:CC:00:00:01 (time delta: 0.00 ms)
2026/07/26 09:23:49 [INFO] collision: TX slot collision detected between AA:BB:CC:00:00:03 and AA:BB:CC:00:00:00 (time delta: 0.00 ms)
2026/07/26 09:23:49 [INFO] collision: TX slot collision detected between AA:BB:CC:00:00:00 and AA:BB:CC:00:00:01 (time delta: 0.00 ms)
2026/07/26 09:23:49 [INFO] collision: TX slot collision detected between AA:BB:CC:00:00:00 and AA:BB:CC:00:00:01 (time delta: 0.00 ms)
2026/07/26 09:23:49 [INFO] collision: TX slot collision detected between AA:BB:CC:00:00:00 and AA:BB:CC:00:00:01 (time delta: 0.00 ms)
2026/07/26 09:23:49 [INFO] collision: TX slot collision detected between AA:BB:CC:00:00:01 and AA:BB:CC:00:00:00 (time delta: 0.00 ms)
2026/07/26 09:23:49 [INFO] collision: TX slot collision detected between AA:BB:CC:00:00:01 and AA:BB:CC:00:00:00 (time delta: 0.00 ms)
2026/07/26 09:23:49 [INFO] collision: TX slot collision detected between AA:BB:CC:00:00:03 and AA:BB:CC:00:00:01 (time delta: 0.00 ms)
2026/07/26 09:23:49 [INFO] collision: TX slot collision detected between AA:BB:CC:00:00:03 and AA:BB:CC:00:00:00 (time delta: 0.00 ms)
2026/07/26 09:23:49 [INFO] collision: TX slot collision detected between AA:BB:CC:00:00:03 and AA:BB:CC:00:00:00 (time delta: 0.00 ms)
2026/07/26 09:23:49 [INFO] collision: TX slot collision detected between AA:BB:CC:00:00:03 and AA:BB:CC:00:00:01 (time delta: 0.00 ms)
2026/07/26 09:23:49 [INFO] collision: TX slot collision detected between AA:BB:CC:00:00:03 and AA:BB:CC:00:00:01 (time delta: 0.00 ms)
2026/07/26 09:23:49 [INFO] collision: TX slot collision detected between AA:BB:CC:00:00:03 and AA:BB:CC:00:00:00 (time delta: 0.00 ms)
2026/07/26 09:23:49 [INFO] collision: TX slot collision detected between AA:BB:CC:00:00:03 and AA:BB:CC:00:00:01 (time delta: 0.00 ms)
2026/07/26 09:23:49 [INFO] collision: TX slot collision detected between AA:BB:CC:00:00:00 and AA:BB:CC:00:00:01 (time delta: 0.00 ms)
2026/07/26 09:23:49 [INFO] collision: TX slot collision detected between AA:BB:CC:00:00:00 and AA:BB:CC:00:00:03 (time delta: 0.00 ms)
2026/07/26 09:23:49 [INFO] collision: TX slot collision detected between AA:BB:CC:00:00:00 and AA:BB:CC:00:00:01 (time delta: 0.00 ms)
2026/07/26 09:23:49 [INFO] collision: TX slot collision detected between AA:BB:CC:00:00:00 and AA:BB:CC:00:00:03 (time delta: 0.00 ms)
2026/07/26 09:23:49 [INFO] collision: TX slot collision detected between AA:BB:CC:00:00:00 and AA:BB:CC:00:00:01 (time delta: 0.00 ms)
2026/07/26 09:23:49 [INFO] collision: TX slot collision detected between AA:BB:CC:00:00:00 and AA:BB:CC:00:00:03 (time delta: 0.00 ms)
2026/07/26 09:23:49 [INFO] collision: TX slot collision detected between AA:BB:CC:00:00:01 and AA:BB:CC:00:00:03 (time delta: 0.00 ms)
2026/07/26 09:23:49 [INFO] collision: TX slot collision detected between AA:BB:CC:00:00:01 and AA:BB:CC:00:00:00 (time delta: 0.00 ms)
2026/07/26 09:23:49 [INFO] collision: TX slot collision detected between AA:BB:CC:00:00:01 and AA:BB:CC:00:00:00 (time delta: 0.00 ms)
2026/07/26 09:23:49 [INFO] collision: TX slot collision detected between AA:BB:CC:00:00:01 and AA:BB:CC:00:00:03 (time delta: 0.00 ms)
2026/07/26 09:23:49 [INFO] collision: TX slot collision detected between AA:BB:CC:00:00:03 and AA:BB:CC:00:00:01 (time delta: 0.00 ms)
2026/07/26 09:23:49 [INFO] collision: TX slot collision detected between AA:BB:CC:00:00:03 and AA:BB:CC:00:00:00 (time delta: 0.00 ms)
2026/07/26 09:23:49 [INFO] collision: TX slot collision detected between AA:BB:CC:00:00:03 and AA:BB:CC:00:00:01 (time delta: 0.00 ms)
2026/07/26 09:23:49 [INFO] collision: TX slot collision detected between AA:BB:CC:00:00:03 and AA:BB:CC:00:00:00 (time delta: 0.00 ms)
2026/07/26 09:23:49 [INFO] collision: TX slot collision detected between AA:BB:CC:00:00:03 and AA:BB:CC:00:00:01 (time delta: 0.00 ms)
2026/07/26 09:23:49 [INFO] collision: TX slot collision detected between AA:BB:CC:00:00:00 and AA:BB:CC:00:00:01 (time delta: 0.00 ms)
2026/07/26 09:23:49 [INFO] collision: TX slot collision detected between AA:BB:CC:00:00:00 and AA:BB:CC:00:00:03 (time delta: 0.00 ms)
2026/07/26 09:23:49 [INFO] collision: TX slot collision detected between AA:BB:CC:00:00:00 and AA:BB:CC:00:00:01 (time delta: 0.00 ms)
2026/07/26 09:23:49 [INFO] collision: TX slot collision detected between AA:BB:CC:00:00:00 and AA:BB:CC:00:00:03 (time delta: 0.00 ms)
2026/07/26 09:23:49 [INFO] collision: TX slot collision detected between AA:BB:CC:00:00:01 and AA:BB:CC:00:00:00 (time delta: 0.00 ms)
2026/07/26 09:23:49 [INFO] collision: TX slot collision detected between AA:BB:CC:00:00:01 and AA:BB:CC:00:00:03 (time delta: 0.00 ms)
2026/07/26 09:23:49 [INFO] collision: TX slot collision detected between AA:BB:CC:00:00:00 and AA:BB:CC:00:00:01 (time delta: 0.00 ms)
2026/07/26 09:23:49 [INFO] collision: TX slot collision detected between AA:BB:CC:00:00:00 and AA:BB:CC:00:00:03 (time delta: 0.00 ms)
2026/07/26 09:23:49 [INFO] collision: TX slot collision detected between AA:BB:CC:00:00:03 and AA:BB:CC:00:00:01 (time delta: 0.00 ms)
2026/07/26 09:23:49 [INFO] collision: TX slot collision detected between AA:BB:CC:00:00:03 and AA:BB:CC:00:00:00 (time delta: 0.00 ms)
2026/07/26 09:23:49 [INFO] collision: TX slot collision detected between AA:BB:CC:00:00:01 and AA:BB:CC:00:00:00 (time delta: 0.00 ms)
2026/07/26 09:23:49 [INFO] collision: TX slot collision detected between AA:BB:CC:00:00:01 and AA:BB:CC:00:00:03 (time delta: 0.00 ms)
2026/07/26 09:23:49 [INFO] collision: TX slot collision detected between AA:BB:CC:00:00:03 and AA:BB:CC:00:00:01 (time delta: 0.00 ms)
2026/07/26 09:23:49 [INFO] collision: TX slot collision detected between AA:BB:CC:00:00:03 and AA:BB:CC:00:00:00 (time delta: 0.00 ms)
2026/07/26 09:23:49 [INFO] collision: TX slot collision detected between AA:BB:CC:00:00:03 and AA:BB:CC:00:00:01 (time delta: 0.00 ms)
2026/07/26 09:23:49 [INFO] collision: TX slot collision detected between AA:BB:CC:00:00:00 and AA:BB:CC:00:00:01 (time delta: 0.00 ms)
2026/07/26 09:23:49 [INFO] collision: TX slot collision detected between AA:BB:CC:00:00:00 and AA:BB:CC:00:00:03 (time delta: 0.00 ms)
2026/07/26 09:23:49 [INFO] collision: TX slot collision detected between AA:BB:CC:00:00:00 and AA:BB:CC:00:00:01 (time delta: 0.00 ms)
2026/07/26 09:23:49 [INFO] collision: TX slot collision detected between AA:BB:CC:00:00:00 and AA:BB:CC:00:00:03 (time delta: 0.00 ms)
2026/07/26 09:23:49 [INFO] collision: TX slot collision detected between AA:BB:CC:00:00:00 and AA:BB:CC:00:00:01 (time delta: 0.00 ms)
2026/07/26 09:23:49 [INFO] collision: TX slot collision detected between AA:BB:CC:00:00:00 and AA:BB:CC:00:00:03 (time delta: 0.00 ms)
2026/07/26 09:23:49 [INFO] collision: TX slot collision detected between AA:BB:CC:00:00:01 and AA:BB:CC:00:00:00 (time delta: 0.00 ms)
2026/07/26 09:23:49 [INFO] collision: TX slot collision detected between AA:BB:CC:00:00:01 and AA:BB:CC:00:00:03 (time delta: 0.00 ms)
2026/07/26 09:23:49 [INFO] collision: TX slot collision detected between AA:BB:CC:00:00:01 and AA:BB:CC:00:00:00 (time delta: 0.00 ms)
2026/07/26 09:23:49 [INFO] collision: TX slot collision detected between AA:BB:CC:00:00:01 and AA:BB:CC:00:00:03 (time delta: 0.00 ms)
2026/07/26 09:23:49 [INFO] collision: TX slot collision detected between AA:BB:CC:00:00:03 and AA:BB:CC:00:00:00 (time delta: 0.00 ms)
2026/07/26 09:23:49 [INFO] collision: TX slot collision detected between AA:BB:CC:00:00:03 and AA:BB:CC:00:00:01 (time delta: 0.00 ms)
2026/07/26 09:23:49 [INFO] collision: TX slot collision detected between AA:BB:CC:00:00:03 and AA:BB:CC:00:00:01 (time delta: 0.00 ms)
2026/07/26 09:23:49 [INFO] collision: TX slot collision detected between AA:BB:CC:00:00:03 and AA:BB:CC:00:00:00 (time delta: 0.00 ms)
2026/07/26 09:23:49 [INFO] collision: TX slot collision detected between AA:BB:CC:00:00:03 and AA:BB:CC:00:00:01 (time delta: 0.00 ms)
2026/07/26 09:23:49 [INFO] collision: TX slot collision detected between AA:BB:CC:00:00:00 and AA:BB:CC:00:00:03 (time delta: 0.00 ms)
2026/07/26 09:23:49 [INFO] collision: TX slot collision detected between AA:BB:CC:00:00:00 and AA:BB:CC:00:00:01 (time delta: 0.00 ms)
2026/07/26 09:23:49 [INFO] collision: TX slot collision detected between AA:BB:CC:00:00:00 and AA:BB:CC:00:00:01 (time delta: 0.00 ms)
2026/07/26 09:23:49 [INFO] collision: TX slot collision detected between AA:BB:CC:00:00:00 and AA:BB:CC:00:00:03 (time delta: 0.00 ms)
2026/07/26 09:23:49 [INFO] collision: TX slot collision detected between AA:BB:CC:00:00:01 and AA:BB:CC:00:00:00 (time delta: 0.00 ms)
2026/07/26 09:23:49 [INFO] collision: TX slot collision detected between AA:BB:CC:00:00:01 and AA:BB:CC:00:00:03 (time delta: 0.00 ms)
2026/07/26 09:23:49 [INFO] collision: TX slot collision detected between AA:BB:CC:00:00:00 and AA:BB:CC:00:00:03 (time delta: 0.00 ms)
2026/07/26 09:23:49 [INFO] collision: TX slot collision detected between AA:BB:CC:00:00:00 and AA:BB:CC:00:00:01 (time delta: 0.00 ms)
2026/07/26 09:23:49 [INFO] collision: TX slot collision detected between AA:BB:CC:00:00:01 and AA:BB:CC:00:00:00 (time delta: 0.00 ms)
2026/07/26 09:23:49 [INFO] collision: TX slot collision detected between AA:BB:CC:00:00:01 and AA:BB:CC:00:00:03 (time delta: 0.00 ms)
2026/07/26 09:23:49 [INFO] collision: TX slot collision detected between AA:BB:CC:00:00:03 and AA:BB:CC:00:00:01 (time delta: 0.00 ms)
2026/07/26 09:23:49 [INFO] collision: TX slot collision detected between AA:BB:CC:00:00:03 and AA:BB:CC:00:00:00 (time delta: 0.00 ms)
2026/07/26 09:23:49 [INFO] collision: TX slot collision detected between AA:BB:CC:00:00:03 and AA:BB:CC:00:00:01 (time delta: 0.00 ms)
2026/07/26 09:23:49 [INFO] collision: TX slot collision detected between AA:BB:CC:00:00:03 and AA:BB:CC:00:00:00 (time delta: 0.00 ms)
2026/07/26 09:23:49 [INFO] collision: TX slot collision detected between AA:BB:CC:00:00:00 and AA:BB:CC:00:00:01 (time delta: 0.00 ms)
2026/07/26 09:23:49 [INFO] collision: TX slot collision detected between AA:BB:CC:00:00:00 and AA:BB:CC:00:00:01 (time delta: 0.00 ms)
2026/07/26 09:23:49 [INFO] collision: TX slot collision detected between AA:BB:CC:00:00:00 and AA:BB:CC:00:00:01 (time delta: 0.00 ms)
2026/07/26 09:23:49 [INFO] collision: TX slot collision detected between AA:BB:CC:00:00:03 and AA:BB:CC:00:00:01 (time delta: 0.00 ms)
2026/07/26 09:23:49 [INFO] collision: TX slot collision detected between AA:BB:CC:00:00:03 and AA:BB:CC:00:00:00 (time delta: 0.00 ms)
2026/07/26 09:23:49 [INFO] collision: TX slot collision detected between AA:BB:CC:00:00:01 and AA:BB:CC:00:00:00 (time delta: 0.00 ms)
2026/07/26 09:23:49 [INFO] collision: TX slot collision detected between AA:BB:CC:00:00:01 and AA:BB:CC:00:00:03 (time delta: 0.00 ms)
2026/07/26 09:23:49 [INFO] collision: TX slot collision detected between AA:BB:CC:00:00:01 and AA:BB:CC:00:00:00 (time delta: 0.00 ms)
2026/07/26 09:23:49 [INFO] collision: TX slot collision detected between AA:BB:CC:00:00:01 and AA:BB:CC:00:00:03 (time delta: 0.00 ms)
2026/07/26 09:23:49 [INFO] collision: TX slot collision detected between AA:BB:CC:00:00:03 and AA:BB:CC:00:00:01 (time delta: 0.00 ms)
2026/07/26 09:23:49 [INFO] collision: TX slot collision detected between AA:BB:CC:00:00:03 and AA:BB:CC:00:00:00 (time delta: 0.00 ms)
2026/07/26 09:23:49 [INFO] collision: TX slot collision detected between AA:BB:CC:00:00:03 and AA:BB:CC:00:00:00 (time delta: 0.00 ms)
2026/07/26 09:23:49 [INFO] collision: TX slot collision detected between AA:BB:CC:00:00:03 and AA:BB:CC:00:00:01 (time delta: 0.00 ms)
2026/07/26 09:23:49 [INFO] collision: TX slot collision detected between AA:BB:CC:00:00:00 and AA:BB:CC:00:00:01 (time delta: 0.00 ms)
2026/07/26 09:23:49 [INFO] collision: TX slot collision detected between AA:BB:CC:00:00:00 and AA:BB:CC:00:00:01 (time delta: 0.00 ms)
2026/07/26 09:23:49 [INFO] collision: TX slot collision detected between AA:BB:CC:00:00:00 and AA:BB:CC:00:00:01 (time delta: 0.00 ms)
2026/07/26 09:23:49 [INFO] collision: TX slot collision detected between AA:BB:CC:00:00:03 and AA:BB:CC:00:00:01 (time delta: 0.00 ms)
2026/07/26 09:23:49 [INFO] collision: TX slot collision detected between AA:BB:CC:00:00:03 and AA:BB:CC:00:00:00 (time delta: 0.00 ms)
2026/07/26 09:23:49 [INFO] collision: TX slot collision detected between AA:BB:CC:00:00:01 and AA:BB:CC:00:00:00 (time delta: 0.00 ms)
2026/07/26 09:23:49 [INFO] collision: TX slot collision detected between AA:BB:CC:00:00:01 and AA:BB:CC:00:00:03 (time delta: 0.00 ms)
2026/07/26 09:23:49 [INFO] collision: TX slot collision detected between AA:BB:CC:00:00:03 and AA:BB:CC:00:00:01 (time delta: 0.00 ms)
2026/07/26 09:23:49 [INFO] collision: TX slot collision detected between AA:BB:CC:00:00:03 and AA:BB:CC:00:00:00 (time delta: 0.00 ms)
2026/07/26 09:23:49 [INFO] collision: TX slot collision detected between AA:BB:CC:00:00:03 and AA:BB:CC:00:00:01 (time delta: 0.00 ms)
2026/07/26 09:23:49 [INFO] collision: TX slot collision detected between AA:BB:CC:00:00:03 and AA:BB:CC:00:00:00 (time delta: 0.00 ms)
2026/07/26 09:23:49 [INFO] collision: TX slot collision detected between AA:BB:CC:00:00:01 and AA:BB:CC:00:00:00 (time delta: 0.00 ms)
2026/07/26 09:23:49 [INFO] collision: TX slot collision detected between AA:BB:CC:00:00:01 and AA:BB:CC:00:00:03 (time delta: 0.00 ms)
2026/07/26 09:23:49 [INFO] collision: TX slot collision detected between AA:BB:CC:00:00:00 and AA:BB:CC:00:00:01 (time delta: 0.00 ms)
2026/07/26 09:23:49 [INFO] collision: TX slot collision detected between AA:BB:CC:00:00:00 and AA:BB:CC:00:00:01 (time delta: 0.00 ms)
2026/07/26 09:23:49 [INFO] collision: TX slot collision detected between AA:BB:CC:00:00:01 and AA:BB:CC:00:00:00 (time delta: 0.00 ms)
2026/07/26 09:23:49 [INFO] collision: TX slot collision detected between AA:BB:CC:00:00:03 and AA:BB:CC:00:00:01 (time delta: 0.00 ms)
2026/07/26 09:23:49 [INFO] collision: TX slot collision detected between AA:BB:CC:00:00:03 and AA:BB:CC:00:00:00 (time delta: 0.00 ms)
2026/07/26 09:23:49 [INFO] collision: TX slot collision detected between AA:BB:CC:00:00:03 and AA:BB:CC:00:00:01 (time delta: 0.00 ms)
2026/07/26 09:23:49 [INFO] collision: TX slot collision detected between AA:BB:CC:00:00:03 and AA:BB:CC:00:00:00 (time delta: 0.00 ms)
2026/07/26 09:23:49 [INFO] collision: TX slot collision detected between AA:BB:CC:00:00:00 and AA:BB:CC:00:00:01 (time delta: 0.00 ms)
2026/07/26 09:23:49 [INFO] collision: TX slot collision detected between AA:BB:CC:00:00:00 and AA:BB:CC:00:00:03 (time delta: 0.00 ms)
2026/07/26 09:23:49 [INFO] collision: TX slot collision detected between AA:BB:CC:00:00:03 and AA:BB:CC:00:00:01 (time delta: 0.00 ms)
2026/07/26 09:23:49 [INFO] collision: TX slot collision detected between AA:BB:CC:00:00:03 and AA:BB:CC:00:00:00 (time delta: 0.00 ms)
2026/07/26 09:23:49 [INFO] collision: TX slot collision detected between AA:BB:CC:00:00:01 and AA:BB:CC:00:00:00 (time delta: 0.00 ms)
2026/07/26 09:23:49 [INFO] collision: TX slot collision detected between AA:BB:CC:00:00:01 and AA:BB:CC:00:00:03 (time delta: 0.00 ms)
2026/07/26 09:23:49 [INFO] collision: TX slot collision detected between AA:BB:CC:00:00:00 and AA:BB:CC:00:00:01 (time delta: 0.00 ms)
2026/07/26 09:23:49 [INFO] collision: TX slot collision detected between AA:BB:CC:00:00:00 and AA:BB:CC:00:00:01 (time delta: 0.00 ms)
2026/07/26 09:23:49 [INFO] collision: TX slot collision detected between AA:BB:CC:00:00:03 and AA:BB:CC:00:00:01 (time delta: 0.00 ms)
2026/07/26 09:23:49 [INFO] collision: TX slot collision detected between AA:BB:CC:00:00:03 and AA:BB:CC:00:00:00 (time delta: 0.00 ms)
2026/07/26 09:23:49 [INFO] collision: TX slot collision detected between AA:BB:CC:00:00:00 and AA:BB:CC:00:00:01 (time delta: 0.00 ms)
2026/07/26 09:23:49 [INFO] collision: TX slot collision detected between AA:BB:CC:00:00:00 and AA:BB:CC:00:00:03 (time delta: 0.00 ms)
2026/07/26 09:23:49 [INFO] collision: TX slot collision detected between AA:BB:CC:00:00:01 and AA:BB:CC:00:00:00 (time delta: 0.00 ms)
2026/07/26 09:23:49 [INFO] collision: TX slot collision detected between AA:BB:CC:00:00:01 and AA:BB:CC:00:00:03 (time delta: 0.00 ms)
2026/07/26 09:23:49 [INFO] collision: TX slot collision detected between AA:BB:CC:00:00:01 and AA:BB:CC:00:00:00 (time delta: 0.00 ms)
2026/07/26 09:23:49 [INFO] collision: TX slot collision detected between AA:BB:CC:00:00:01 and AA:BB:CC:00:00:03 (time delta: 0.00 ms)
2026/07/26 09:23:49 [INFO] collision: TX slot collision detected between AA:BB:CC:00:00:03 and AA:BB:CC:00:00:01 (time delta: 0.00 ms)
2026/07/26 09:23:49 [INFO] collision: TX slot collision detected between AA:BB:CC:00:00:03 and AA:BB:CC:00:00:00 (time delta: 0.00 ms)
2026/07/26 09:23:49 [INFO] collision: TX slot collision detected between AA:BB:CC:00:00:03 and AA:BB:CC:00:00:01 (time delta: 0.00 ms)
2026/07/26 09:23:49 [INFO] collision: TX slot collision detected between AA:BB:CC:00:00:03 and AA:BB:CC:00:00:00 (time delta: 0.00 ms)
2026/07/26 09:23:49 [INFO] collision: TX slot collision detected between AA:BB:CC:00:00:01 and AA:BB:CC:00:00:00 (time delta: 0.00 ms)
2026/07/26 09:23:49 [INFO] collision: TX slot collision detected between AA:BB:CC:00:00:00 and AA:BB:CC:00:00:01 (time delta: 0.00 ms)
2026/07/26 09:23:49 [INFO] collision: TX slot collision detected between AA:BB:CC:00:00:01 and AA:BB:CC:00:00:00 (time delta: 0.00 ms)
2026/07/26 09:23:49 [INFO] collision: TX slot collision detected between AA:BB:CC:00:00:01 and AA:BB:CC:00:00:00 (time delta: 0.00 ms)
2026/07/26 09:23:49 [INFO] collision: TX slot collision detected between AA:BB:CC:00:00:03 and AA:BB:CC:00:00:00 (time delta: 0.00 ms)
2026/07/26 09:23:49 [INFO] collision: TX slot collision detected between AA:BB:CC:00:00:03 and AA:BB:CC:00:00:01 (time delta: 0.00 ms)
2026/07/26 09:23:49 [INFO] collision: TX slot collision detected between AA:BB:CC:00:00:03 and AA:BB:CC:00:00:01 (time delta: 0.00 ms)
2026/07/26 09:23:49 [INFO] collision: TX slot collision detected between AA:BB:CC:00:00:03 and AA:BB:CC:00:00:00 (time delta: 0.00 ms)
2026/07/26 09:23:49 [INFO] collision: TX slot collision detected between AA:BB:CC:00:00:03 and AA:BB:CC:00:00:01 (time delta: 0.00 ms)
2026/07/26 09:23:49 [INFO] collision: TX slot collision detected between AA:BB:CC:00:00:03 and AA:BB:CC:00:00:00 (time delta: 0.00 ms)
2026/07/26 09:23:49 [INFO] collision: TX slot collision detected between AA:BB:CC:00:00:03 and AA:BB:CC:00:00:01 (time delta: 0.00 ms)
2026/07/26 09:23:49 [INFO] collision: TX slot collision detected between AA:BB:CC:00:00:00 and AA:BB:CC:00:00:01 (time delta: 0.00 ms)
2026/07/26 09:23:49 [INFO] collision: TX slot collision detected between AA:BB:CC:00:00:00 and AA:BB:CC:00:00:03 (time delta: 0.00 ms)
2026/07/26 09:23:49 [INFO] collision: TX slot collision detected between AA:BB:CC:00:00:00 and AA:BB:CC:00:00:03 (time delta: 0.00 ms)
2026/07/26 09:23:49 [INFO] collision: TX slot collision detected between AA:BB:CC:00:00:00 and AA:BB:CC:00:00:01 (time delta: 0.00 ms)
2026/07/26 09:23:49 [INFO] collision: TX slot collision detected between AA:BB:CC:00:00:01 and AA:BB:CC:00:00:00 (time delta: 0.00 ms)
2026/07/26 09:23:49 [INFO] collision: TX slot collision detected between AA:BB:CC:00:00:01 and AA:BB:CC:00:00:03 (time delta: 0.00 ms)
2026/07/26 09:23:49 [INFO] collision: TX slot collision detected between AA:BB:CC:00:00:00 and AA:BB:CC:00:00:01 (time delta: 0.00 ms)
2026/07/26 09:23:49 [INFO] collision: TX slot collision detected between AA:BB:CC:00:00:00 and AA:BB:CC:00:00:03 (time delta: 0.00 ms)
2026/07/26 09:23:49 [INFO] collision: TX slot collision detected between AA:BB:CC:00:00:01 and AA:BB:CC:00:00:00 (time delta: 0.00 ms)
2026/07/26 09:23:49 [INFO] collision: TX slot collision detected between AA:BB:CC:00:00:01 and AA:BB:CC:00:00:03 (time delta: 0.00 ms)
2026/07/26 09:23:49 [INFO] collision: TX slot collision detected between AA:BB:CC:00:00:03 and AA:BB:CC:00:00:01 (time delta: 0.00 ms)
2026/07/26 09:23:49 [INFO] collision: TX slot collision detected between AA:BB:CC:00:00:03 and AA:BB:CC:00:00:00 (time delta: 0.00 ms)
2026/07/26 09:23:49 [INFO] collision: TX slot collision detected between AA:BB:CC:00:00:03 and AA:BB:CC:00:00:01 (time delta: 0.00 ms)
2026/07/26 09:23:49 [INFO] collision: TX slot collision detected between AA:BB:CC:00:00:03 and AA:BB:CC:00:00:00 (time delta: 0.00 ms)
2026/07/26 09:23:49 [INFO] collision: TX slot collision detected between AA:BB:CC:00:00:00 and AA:BB:CC:00:00:01 (time delta: 0.00 ms)
2026/07/26 09:23:49 [INFO] collision: TX slot collision detected between AA:BB:CC:00:00:03 and AA:BB:CC:00:00:01 (time delta: 0.00 ms)
2026/07/26 09:23:49 [INFO] collision: TX slot collision detected between AA:BB:CC:00:00:03 and AA:BB:CC:00:00:00 (time delta: 0.00 ms)
2026/07/26 09:23:49 [INFO] collision: TX slot collision detected between AA:BB:CC:00:00:03 and AA:BB:CC:00:00:01 (time delta: 0.00 ms)
2026/07/26 09:23:49 [INFO] collision: TX slot collision detected between AA:BB:CC:00:00:03 and AA:BB:CC:00:00:00 (time delta: 0.00 ms)
2026/07/26 09:23:49 [INFO] collision: TX slot collision detected between AA:BB:CC:00:00:00 and AA:BB:CC:00:00:03 (time delta: 0.00 ms)
2026/07/26 09:23:49 [INFO] collision: TX slot collision detected between AA:BB:CC:00:00:00 and AA:BB:CC:00:00:01 (time delta: 0.00 ms)
2026/07/26 09:23:49 [INFO] collision: TX slot collision detected between AA:BB:CC:00:00:00 and AA:BB:CC:00:00:03 (time delta: 0.00 ms)
2026/07/26 09:23:49 [INFO] collision: TX slot collision detected between AA:BB:CC:00:00:00 and AA:BB:CC:00:00:01 (time delta: 0.00 ms)
2026/07/26 09:23:49 [INFO] collision: TX slot collision detected between AA:BB:CC:00:00:01 and AA:BB:CC:00:00:00 (time delta: 0.00 ms)
2026/07/26 09:23:49 [INFO] collision: TX slot collision detected between AA:BB:CC:00:00:01 and AA:BB:CC:00:00:03 (time delta: 0.00 ms)
2026/07/26 09:23:49 [INFO] collision: TX slot collision detected between AA:BB:CC:00:00:01 and AA:BB:CC:00:00:00 (time delta: 0.00 ms)
2026/07/26 09:23:49 [INFO] collision: TX slot collision detected between AA:BB:CC:00:00:01 and AA:BB:CC:00:00:03 (time delta: 0.00 ms)
2026/07/26 09:23:49 [INFO] collision: TX slot collision detected between AA:BB:CC:00:00:03 and AA:BB:CC:00:00:01 (time delta: 0.00 ms)
2026/07/26 09:23:49 [INFO] collision: TX slot collision detected between AA:BB:CC:00:00:03 and AA:BB:CC:00:00:00 (time delta: 0.00 ms)
2026/07/26 09:23:49 [INFO] collision: TX slot collision detected between AA:BB:CC:00:00:00 and AA:BB:CC:00:00:01 (time delta: 0.00 ms)
2026/07/26 09:23:49 [INFO] collision: TX slot collision detected between AA:BB:CC:00:00:03 and AA:BB:CC:00:00:01 (time delta: 0.00 ms)
2026/07/26 09:23:49 [INFO] collision: TX slot collision detected between AA:BB:CC:00:00:03 and AA:BB:CC:00:00:00 (time delta: 0.00 ms)
2026/07/26 09:23:49 [INFO] collision: TX slot collision detected between AA:BB:CC:00:00:00 and AA:BB:CC:00:00:01 (time delta: 0.00 ms)
2026/07/26 09:23:49 [INFO] collision: TX slot collision detected between AA:BB:CC:00:00:00 and AA:BB:CC:00:00:03 (time delta: 0.00 ms)
2026/07/26 09:23:49 [INFO] collision: TX slot collision detected between AA:BB:CC:00:00:00 and AA:BB:CC:00:00:01 (time delta: 0.00 ms)
2026/07/26 09:23:49 [INFO] collision: TX slot collision detected between AA:BB:CC:00:00:00 and AA:BB:CC:00:00:03 (time delta: 0.00 ms)
2026/07/26 09:23:49 [INFO] collision: TX slot collision detected between AA:BB:CC:00:00:01 and AA:BB:CC:00:00:00 (time delta: 0.00 ms)
2026/07/26 09:23:49 [INFO] collision: TX slot collision detected between AA:BB:CC:00:00:01 and AA:BB:CC:00:00:03 (time delta: 0.00 ms)
2026/07/26 09:23:49 [INFO] collision: TX slot collision detected between AA:BB:CC:00:00:03 and AA:BB:CC:00:00:01 (time delta: 0.00 ms)
2026/07/26 09:23:49 [INFO] collision: TX slot collision detected between AA:BB:CC:00:00:03 and AA:BB:CC:00:00:00 (time delta: 0.00 ms)
2026/07/26 09:23:49 [INFO] collision: TX slot collision detected between AA:BB:CC:00:00:03 and AA:BB:CC:00:00:01 (time delta: 0.00 ms)
2026/07/26 09:23:49 [INFO] collision: TX slot collision detected between AA:BB:CC:00:00:03 and AA:BB:CC:00:00:00 (time delta: 0.00 ms)
2026/07/26 09:23:49 [INFO] collision: TX slot collision detected between AA:BB:CC:00:00:01 and AA:BB:CC:00:00:00 (time delta: 0.00 ms)
2026/07/26 09:23:49 [INFO] collision: TX slot collision detected between AA:BB:CC:00:00:01 and AA:BB:CC:00:00:03 (time delta: 0.00 ms)
2026/07/26 09:23:49 [INFO] collision: TX slot collision detected between AA:BB:CC:00:00:00 and AA:BB:CC:00:00:01 (time delta: 0.00 ms)
2026/07/26 09:23:49 [INFO] collision: TX slot collision detected between AA:BB:CC:00:00:00 and AA:BB:CC:00:00:01 (time delta: 0.00 ms)
2026/07/26 09:23:49 [INFO] collision: TX slot collision detected between AA:BB:CC:00:00:03 and AA:BB:CC:00:00:01 (time delta: 0.00 ms)
2026/07/26 09:23:49 [INFO] collision: TX slot collision detected between AA:BB:CC:00:00:03 and AA:BB:CC:00:00:00 (time delta: 0.00 ms)
2026/07/26 09:23:49 [INFO] collision: TX slot collision detected between AA:BB:CC:00:00:03 and AA:BB:CC:00:00:01 (time delta: 0.00 ms)
2026/07/26 09:23:49 [INFO] collision: TX slot collision detected between AA:BB:CC:00:00:03 and AA:BB:CC:00:00:00 (time delta: 0.00 ms)
2026/07/26 09:23:49 [INFO] collision: TX slot collision detected between AA:BB:CC:00:00:01 and AA:BB:CC:00:00:00 (time delta: 0.00 ms)
2026/07/26 09:23:49 [INFO] collision: TX slot collision detected between AA:BB:CC:00:00:01 and AA:BB:CC:00:00:03 (time delta: 0.00 ms)
2026/07/26 09:23:49 [INFO] collision: TX slot collision detected between AA:BB:CC:00:00:00 and AA:BB:CC:00:00:01 (time delta: 0.00 ms)
2026/07/26 09:23:49 [INFO] collision: TX slot collision detected between AA:BB:CC:00:00:00 and AA:BB:CC:00:00:03 (time delta: 0.00 ms)
2026/07/26 09:23:49 [INFO] collision: TX slot collision detected between AA:BB:CC:00:00:03 and AA:BB:CC:00:00:01 (time delta: 0.00 ms)
2026/07/26 09:23:49 [INFO] collision: TX slot collision detected between AA:BB:CC:00:00:03 and AA:BB:CC:00:00:00 (time delta: 0.00 ms)
2026/07/26 09:23:49 [INFO] collision: TX slot collision detected between AA:BB:CC:00:00:01 and AA:BB:CC:00:00:00 (time delta: 0.00 ms)
2026/07/26 09:23:49 [INFO] collision: TX slot collision detected between AA:BB:CC:00:00:01 and AA:BB:CC:00:00:03 (time delta: 0.00 ms)
2026/07/26 09:23:49 [INFO] collision: TX slot collision detected between AA:BB:CC:00:00:00 and AA:BB:CC:00:00:01 (time delta: 0.00 ms)
2026/07/26 09:23:49 [INFO] collision: TX slot collision detected between AA:BB:CC:00:00:00 and AA:BB:CC:00:00:01 (time delta: 0.00 ms)
2026/07/26 09:23:49 [INFO] collision: TX slot collision detected between AA:BB:CC:00:00:00 and AA:BB:CC:00:00:01 (time delta: 0.00 ms)
2026/07/26 09:23:49 [INFO] collision: TX slot collision detected between AA:BB:CC:00:00:01 and AA:BB:CC:00:00:00 (time delta: 0.00 ms)
2026/07/26 09:23:49 [INFO] collision: TX slot collision detected between AA:BB:CC:00:00:01 and AA:BB:CC:00:00:00 (time delta: 0.00 ms)
2026/07/26 09:23:49 [INFO] collision: TX slot collision detected between AA:BB:CC:00:00:03 and AA:BB:CC:00:00:01 (time delta: 0.00 ms)
2026/07/26 09:23:49 [INFO] collision: TX slot collision detected between AA:BB:CC:00:00:03 and AA:BB:CC:00:00:00 (time delta: 0.00 ms)
2026/07/26 09:23:49 [INFO] collision: TX slot collision detected between AA:BB:CC:00:00:03 and AA:BB:CC:00:00:01 (time delta: 0.00 ms)
2026/07/26 09:23:49 [INFO] collision: TX slot collision detected between AA:BB:CC:00:00:03 and AA:BB:CC:00:00:00 (time delta: 0.00 ms)
2026/07/26 09:23:49 [INFO] collision: TX slot collision detected between AA:BB:CC:00:00:03 and AA:BB:CC:00:00:01 (time delta: 0.00 ms)
2026/07/26 09:23:49 [INFO] collision: TX slot collision detected between AA:BB:CC:00:00:03 and AA:BB:CC:00:00:00 (time delta: 0.00 ms)
2026/07/26 09:23:49 [INFO] collision: TX slot collision detected between AA:BB:CC:00:00:00 and AA:BB:CC:00:00:01 (time delta: 0.00 ms)
2026/07/26 09:23:49 [INFO] collision: TX slot collision detected between AA:BB:CC:00:00:00 and AA:BB:CC:00:00:01 (time delta: 0.00 ms)
2026/07/26 09:23:49 [INFO] collision: TX slot collision detected between AA:BB:CC:00:00:01 and AA:BB:CC:00:00:00 (time delta: 0.00 ms)
2026/07/26 09:23:49 [INFO] collision: TX slot collision detected between AA:BB:CC:00:00:00 and AA:BB:CC:00:00:01 (time delta: 0.00 ms)
2026/07/26 09:23:49 [INFO] collision: TX slot collision detected between AA:BB:CC:00:00:03 and AA:BB:CC:00:00:01 (time delta: 0.00 ms)
2026/07/26 09:23:49 [INFO] collision: TX slot collision detected between AA:BB:CC:00:00:03 and AA:BB:CC:00:00:00 (time delta: 0.00 ms)
2026/07/26 09:23:49 [INFO] collision: TX slot collision detected between AA:BB:CC:00:00:03 and AA:BB:CC:00:00:01 (time delta: 0.00 ms)
2026/07/26 09:23:49 [INFO] collision: TX slot collision detected between AA:BB:CC:00:00:03 and AA:BB:CC:00:00:00 (time delta: 0.00 ms)
2026/07/26 09:23:49 [INFO] collision: TX slot collision detected between AA:BB:CC:00:00:01 and AA:BB:CC:00:00:00 (time delta: 0.00 ms)
2026/07/26 09:23:49 [INFO] collision: TX slot collision detected between AA:BB:CC:00:00:01 and AA:BB:CC:00:00:03 (time delta: 0.00 ms)
2026/07/26 09:23:49 [INFO] collision: TX slot collision detected between AA:BB:CC:00:00:03 and AA:BB:CC:00:00:01 (time delta: 0.00 ms)
2026/07/26 09:23:49 [INFO] collision: TX slot collision detected between AA:BB:CC:00:00:03 and AA:BB:CC:00:00:00 (time delta: 0.00 ms)
2026/07/26 09:23:49 [INFO] collision: TX slot collision detected between AA:BB:CC:00:00:00 and AA:BB:CC:00:00:01 (time delta: 0.00 ms)
2026/07/26 09:23:49 [INFO] collision: TX slot collision detected between AA:BB:CC:00:00:00 and AA:BB:CC:00:00:01 (time delta: 0.00 ms)
2026/07/26 09:23:49 [INFO] collision: TX slot collision detected between AA:BB:CC:00:00:00 and AA:BB:CC:00:00:01 (time delta: 0.00 ms)
2026/07/26 09:23:49 [INFO] collision: TX slot collision detected between AA:BB:CC:00:00:01 and AA:BB:CC:00:00:00 (time delta: 0.00 ms)
2026/07/26 09:23:49 [INFO] collision: TX slot collision detected between AA:BB:CC:00:00:03 and AA:BB:CC:00:00:01 (time delta: 0.00 ms)
2026/07/26 09:23:49 [INFO] collision: TX slot collision detected between AA:BB:CC:00:00:03 and AA:BB:CC:00:00:00 (time delta: 0.00 ms)
2026/07/26 09:23:49 [INFO] collision: TX slot collision detected between AA:BB:CC:00:00:01 and AA:BB:CC:00:00:00 (time delta: 0.00 ms)
2026/07/26 09:23:49 [INFO] collision: TX slot collision detected between AA:BB:CC:00:00:01 and AA:BB:CC:00:00:03 (time delta: 0.00 ms)
2026/07/26 09:23:49 [INFO] collision: TX slot collision detected between AA:BB:CC:00:00:03 and AA:BB:CC:00:00:01 (time delta: 0.00 ms)
2026/07/26 09:23:49 [INFO] collision: TX slot collision detected between AA:BB:CC:00:00:03 and AA:BB:CC:00:00:00 (time delta: 0.00 ms)
2026/07/26 09:23:49 [INFO] collision: TX slot collision detected between AA:BB:CC:00:00:03 and AA:BB:CC:00:00:01 (time delta: 0.00 ms)
2026/07/26 09:23:49 [INFO] collision: TX slot collision detected between AA:BB:CC:00:00:03 and AA:BB:CC:00:00:00 (time delta: 0.00 ms)
2026/07/26 09:23:49 [INFO] collision: TX slot collision detected between AA:BB:CC:00:00:00 and AA:BB:CC:00:00:01 (time delta: 0.00 ms)
2026/07/26 09:23:49 [INFO] collision: TX slot collision detected between AA:BB:CC:00:00:00 and AA:BB:CC:00:00:01 (time delta: 0.00 ms)
2026/07/26 09:23:49 [INFO] collision: TX slot collision detected between AA:BB:CC:00:00:00 and AA:BB:CC:00:00:01 (time delta: 0.00 ms)
2026/07/26 09:23:49 [INFO] collision: TX slot collision detected between AA:BB:CC:00:00:01 and AA:BB:CC:00:00:00 (time delta: 0.00 ms)
2026/07/26 09:23:49 [INFO] collision: TX slot collision detected between AA:BB:CC:00:00:03 and AA:BB:CC:00:00:00 (time delta: 0.00 ms)
2026/07/26 09:23:49 [INFO] collision: TX slot collision detected between AA:BB:CC:00:00:03 and AA:BB:CC:00:00:01 (time delta: 0.00 ms)
2026/07/26 09:23:49 [INFO] collision: TX slot collision detected between AA:BB:CC:00:00:03 and AA:BB:CC:00:00:01 (time delta: 0.00 ms)
2026/07/26 09:23:49 [INFO] collision: TX slot collision detected between AA:BB:CC:00:00:03 and AA:BB:CC:00:00:00 (time delta: 0.00 ms)
2026/07/26 09:23:49 [INFO] collision: TX slot collision detected between AA:BB:CC:00:00:03 and AA:BB:CC:00:00:01 (time delta: 0.00 ms)
2026/07/26 09:23:49 [INFO] collision: TX slot collision detected between AA:BB:CC:00:00:03 and AA:BB:CC:00:00:00 (time delta: 0.00 ms)
2026/07/26 09:23:49 [INFO] collision: TX slot collision detected between AA:BB:CC:00:00:01 and AA:BB:CC:00:00:00 (time delta: 0.00 ms)
2026/07/26 09:23:49 [INFO] collision: TX slot collision detected between AA:BB:CC:00:00:01 and AA:BB:CC:00:00:03 (time delta: 0.00 ms)
2026/07/26 09:23:49 [INFO] collision: TX slot collision detected between AA:BB:CC:00:00:03 and AA:BB:CC:00:00:01 (time delta: 0.00 ms)
2026/07/26 09:23:49 [INFO] collision: TX slot collision detected between AA:BB:CC:00:00:00 and AA:BB:CC:00:00:01 (time delta: 0.00 ms)
2026/07/26 09:23:49 [INFO] collision: TX slot collision detected between AA:BB:CC:00:00:00 and AA:BB:CC:00:00:03 (time delta: 0.00 ms)
2026/07/26 09:23:49 [INFO] collision: TX slot collision detected between AA:BB:CC:00:00:00 and AA:BB:CC:00:00:01 (time delta: 0.00 ms)
2026/07/26 09:23:49 [INFO] collision: TX slot collision detected between AA:BB:CC:00:00:00 and AA:BB:CC:00:00:03 (time delta: 0.00 ms)
2026/07/26 09:23:49 [INFO] collision: TX slot collision detected between AA:BB:CC:00:00:01 and AA:BB:CC:00:00:00 (time delta: 0.00 ms)
2026/07/26 09:23:49 [INFO] collision: TX slot collision detected between AA:BB:CC:00:00:01 and AA:BB:CC:00:00:03 (time delta: 0.00 ms)
2026/07/26 09:23:49 [INFO] collision: TX slot collision detected between AA:BB:CC:00:00:00 and AA:BB:CC:00:00:01 (time delta: 0.00 ms)
2026/07/26 09:23:49 [INFO] collision: TX slot collision detected between AA:BB:CC:00:00:00 and AA:BB:CC:00:00:03 (time delta: 0.00 ms)
2026/07/26 09:23:49 [INFO] collision: TX slot collision detected between AA:BB:CC:00:00:01 and AA:BB:CC:00:00:00 (time delta: 0.00 ms)
2026/07/26 09:23:49 [INFO] collision: TX slot collision detected between AA:BB:CC:00:00:01 and AA:BB:CC:00:00:03 (time delta: 0.00 ms)
2026/07/26 09:23:49 [INFO] collision: TX slot collision detected between AA:BB:CC:00:00:03 and AA:BB:CC:00:00:01 (time delta: 0.00 ms)
2026/07/26 09:23:49 [INFO] collision: TX slot collision detected between AA:BB:CC:00:00:03 and AA:BB:CC:00:00:00 (time delta: 0.00 ms)
2026/07/26 09:23:49 [INFO] collision: TX slot collision detected between AA:BB:CC:00:00:03 and AA:BB:CC:00:00:00 (time delta: 0.00 ms)
2026/07/26 09:23:49 [INFO] collision: TX slot collision detected between AA:BB:CC:00:00:03 and AA:BB:CC:00:00:01 (time delta: 0.00 ms)
2026/07/26 09:23:49 [INFO] collision: TX slot collision detected between AA:BB:CC:00:00:03 and AA:BB:CC:00:00:01 (time delta: 0.00 ms)
2026/07/26 09:23:49 [INFO] collision: TX slot collision detected between AA:BB:CC:00:00:00 and AA:BB:CC:00:00:01 (time delta: 0.00 ms)
2026/07/26 09:23:49 [INFO] collision: TX slot collision detected between AA:BB:CC:00:00:00 and AA:BB:CC:00:00:03 (time delta: 0.00 ms)
2026/07/26 09:23:49 [INFO] collision: TX slot collision detected between AA:BB:CC:00:00:00 and AA:BB:CC:00:00:03 (time delta: 0.00 ms)
2026/07/26 09:23:49 [INFO] collision: TX slot collision detected between AA:BB:CC:00:00:00 and AA:BB:CC:00:00:01 (time delta: 0.00 ms)
2026/07/26 09:23:49 [INFO] collision: TX slot collision detected between AA:BB:CC:00:00:00 and AA:BB:CC:00:00:03 (time delta: 0.00 ms)
2026/07/26 09:23:49 [INFO] collision: TX slot collision detected between AA:BB:CC:00:00:00 and AA:BB:CC:00:00:01 (time delta: 0.00 ms)
2026/07/26 09:23:49 [INFO] collision: TX slot collision detected between AA:BB:CC:00:00:01 and AA:BB:CC:00:00:00 (time delta: 0.00 ms)
2026/07/26 09:23:49 [INFO] collision: TX slot collision detected between AA:BB:CC:00:00:01 and AA:BB:CC:00:00:03 (time delta: 0.00 ms)
2026/07/26 09:23:49 [INFO] collision: TX slot collision detected between AA:BB:CC:00:00:03 and AA:BB:CC:00:00:01 (time delta: 0.00 ms)
2026/07/26 09:23:49 [INFO] collision: TX slot collision detected between AA:BB:CC:00:00:03 and AA:BB:CC:00:00:00 (time delta: 0.00 ms)
2026/07/26 09:23:49 [INFO] collision: TX slot collision detected between AA:BB:CC:00:00:01 and AA:BB:CC:00:00:03 (time delta: 0.00 ms)
2026/07/26 09:23:49 [INFO] collision: TX slot collision detected between AA:BB:CC:00:00:01 and AA:BB:CC:00:00:00 (time delta: 0.00 ms)
2026/07/26 09:23:49 [INFO] collision: TX slot collision detected between AA:BB:CC:00:00:03 and AA:BB:CC:00:00:01 (time delta: 0.00 ms)
2026/07/26 09:23:49 [INFO] collision: TX slot collision detected between AA:BB:CC:00:00:03 and AA:BB:CC:00:00:00 (time delta: 0.00 ms)
2026/07/26 09:23:50 [INFO] collision: TX slot collision detected between AA:BB:CC:00:00:00 and AA:BB:CC:00:00:01 (time delta: 0.00 ms)
2026/07/26 09:23:50 [INFO] collision: TX slot collision detected between AA:BB:CC:00:00:00 and AA:BB:CC:00:00:01 (time delta: 0.00 ms)
2026/07/26 09:23:50 [INFO] collision: TX slot collision detected between AA:BB:CC:00:00:03 and AA:BB:CC:00:00:01 (time delta: 0.00 ms)
2026/07/26 09:23:50 [INFO] collision: TX slot collision detected between AA:BB:CC:00:00:03 and AA:BB:CC:00:00:00 (time delta: 0.00 ms)
2026/07/26 09:23:50 [INFO] collision: TX slot collision detected between AA:BB:CC:00:00:00 and AA:BB:CC:00:00:01 (time delta: 0.00 ms)
2026/07/26 09:23:50 [INFO] collision: TX slot collision detected between AA:BB:CC:00:00:00 and AA:BB:CC:00:00:03 (time delta: 0.00 ms)
2026/07/26 09:23:50 [INFO] collision: TX slot collision detected between AA:BB:CC:00:00:01 and AA:BB:CC:00:00:00 (time delta: 0.00 ms)
2026/07/26 09:23:50 [INFO] collision: TX slot collision detected between AA:BB:CC:00:00:01 and AA:BB:CC:00:00:03 (time delta: 0.00 ms)
2026/07/26 09:23:50 [INFO] collision: TX slot collision detected between AA:BB:CC:00:00:03 and AA:BB:CC:00:00:01 (time delta: 0.00 ms)
2026/07/26 09:23:50 [INFO] collision: TX slot collision detected between AA:BB:CC:00:00:03 and AA:BB:CC:00:00:00 (time delta: 0.00 ms)
2026/07/26 09:23:50 [INFO] collision: TX slot collision detected between AA:BB:CC:00:00:03 and AA:BB:CC:00:00:01 (time delta: 0.00 ms)
2026/07/26 09:23:50 [INFO] collision: TX slot collision detected between AA:BB:CC:00:00:03 and AA:BB:CC:00:00:00 (time delta: 0.00 ms)
2026/07/26 09:23:50 [INFO] collision: TX slot collision detected between AA:BB:CC:00:00:01 and AA:BB:CC:00:00:00 (time delta: 0.00 ms)
2026/07/26 09:23:50 [INFO] collision: TX slot collision detected between AA:BB:CC:00:00:01 and AA:BB:CC:00:00:03 (time delta: 0.00 ms)
2026/07/26 09:23:50 [INFO] collision: TX slot collision detected between AA:BB:CC:00:00:03 and AA:BB:CC:00:00:01 (time delta: 0.00 ms)
2026/07/26 09:23:50 [INFO] collision: TX slot collision detected between AA:BB:CC:00:00:00 and AA:BB:CC:00:00:01 (time delta: 0.00 ms)
2026/07/26 09:23:50 [INFO] collision: TX slot collision detected between AA:BB:CC:00:00:00 and AA:BB:CC:00:00:03 (time delta: 0.00 ms)
2026/07/26 09:23:50 [INFO] collision: TX slot collision detected between AA:BB:CC:00:00:00 and AA:BB:CC:00:00:01 (time delta: 0.00 ms)
2026/07/26 09:23:50 [INFO] collision: TX slot collision detected between AA:BB:CC:00:00:00 and AA:BB:CC:00:00:03 (time delta: 0.00 ms)
2026/07/26 09:23:50 [INFO] collision: TX slot collision detected between AA:BB:CC:00:00:00 and AA:BB:CC:00:00:01 (time delta: 0.00 ms)
2026/07/26 09:23:50 [INFO] collision: TX slot collision detected between AA:BB:CC:00:00:00 and AA:BB:CC:00:00:03 (time delta: 0.00 ms)
2026/07/26 09:23:50 [INFO] collision: TX slot collision detected between AA:BB:CC:00:00:01 and AA:BB:CC:00:00:00 (time delta: 0.00 ms)
2026/07/26 09:23:50 [INFO] collision: TX slot collision detected between AA:BB:CC:00:00:01 and AA:BB:CC:00:00:03 (time delta: 0.00 ms)
2026/07/26 09:23:50 [INFO] collision: TX slot collision detected between AA:BB:CC:00:00:01 and AA:BB:CC:00:00:00 (time delta: 0.00 ms)
2026/07/26 09:23:50 [INFO] collision: TX slot collision detected between AA:BB:CC:00:00:01 and AA:BB:CC:00:00:03 (time delta: 0.00 ms)
2026/07/26 09:23:50 [INFO] collision: TX slot collision detected between AA:BB:CC:00:00:03 and AA:BB:CC:00:00:01 (time delta: 0.00 ms)
2026/07/26 09:23:50 [INFO] collision: TX slot collision detected between AA:BB:CC:00:00:03 and AA:BB:CC:00:00:00 (time delta: 0.00 ms)
2026/07/26 09:23:50 [INFO] collision: TX slot collision detected between AA:BB:CC:00:00:03 and AA:BB:CC:00:00:00 (time delta: 0.00 ms)
2026/07/26 09:23:50 [INFO] collision: TX slot collision detected between AA:BB:CC:00:00:03 and AA:BB:CC:00:00:01 (time delta: 0.00 ms)
2026/07/26 09:23:50 [INFO] collision: TX slot collision detected between AA:BB:CC:00:00:00 and AA:BB:CC:00:00:01 (time delta: 0.00 ms)
2026/07/26 09:23:50 [INFO] collision: TX slot collision detected between AA:BB:CC:00:00:00 and AA:BB:CC:00:00:01 (time delta: 0.00 ms)
2026/07/26 09:23:50 [INFO] collision: TX slot collision detected between AA:BB:CC:00:00:03 and AA:BB:CC:00:00:01 (time delta: 0.00 ms)
2026/07/26 09:23:50 [INFO] collision: TX slot collision detected between AA:BB:CC:00:00:03 and AA:BB:CC:00:00:00 (time delta: 0.00 ms)
2026/07/26 09:23:50 [INFO] collision: TX slot collision detected between AA:BB:CC:00:00:00 and AA:BB:CC:00:00:01 (time delta: 0.00 ms)
2026/07/26 09:23:50 [INFO] collision: TX slot collision detected between AA:BB:CC:00:00:00 and AA:BB:CC:00:00:03 (time delta: 0.00 ms)
2026/07/26 09:23:50 [INFO] collision: TX slot collision detected between AA:BB:CC:00:00:01 and AA:BB:CC:00:00:00 (time delta: 0.00 ms)
2026/07/26 09:23:50 [INFO] collision: TX slot collision detected between AA:BB:CC:00:00:01 and AA:BB:CC:00:00:03 (time delta: 0.00 ms)
2026/07/26 09:23:50 [INFO] collision: TX slot collision detected between AA:BB:CC:00:00:03 and AA:BB:CC:00:00:01 (time delta: 0.00 ms)
2026/07/26 09:23:50 [INFO] collision: TX slot collision detected between AA:BB:CC:00:00:03 and AA:BB:CC:00:00:00 (time delta: 0.00 ms)
2026/07/26 09:23:50 [INFO] collision: TX slot collision detected between AA:BB:CC:00:00:01 and AA:BB:CC:00:00:00 (time delta: 0.00 ms)
2026/07/26 09:23:50 [INFO] collision: TX slot collision detected between AA:BB:CC:00:00:01 and AA:BB:CC:00:00:03 (time delta: 0.00 ms)
2026/07/26 09:23:50 [INFO] collision: TX slot collision detected between AA:BB:CC:00:00:03 and AA:BB:CC:00:00:01 (time delta: 0.00 ms)
2026/07/26 09:23:50 [INFO] collision: TX slot collision detected between AA:BB:CC:00:00:03 and AA:BB:CC:00:00:00 (time delta: 0.00 ms)
2026/07/26 09:23:50 [INFO] collision: TX slot collision detected between AA:BB:CC:00:00:00 and AA:BB:CC:00:00:01 (time delta: 0.00 ms)
2026/07/26 09:23:50 [INFO] collision: TX slot collision detected between AA:BB:CC:00:00:00 and AA:BB:CC:00:00:01 (time delta: 0.00 ms)
2026/07/26 09:23:50 [INFO] collision: TX slot collision detected between AA:BB:CC:00:00:00 and AA:BB:CC:00:00:01 (time delta: 0.00 ms)
2026/07/26 09:23:50 [INFO] collision: TX slot collision detected between AA:BB:CC:00:00:01 and AA:BB:CC:00:00:00 (time delta: 0.00 ms)
2026/07/26 09:23:50 [INFO] collision: TX slot collision detected between AA:BB:CC:00:00:01 and AA:BB:CC:00:00:00 (time delta: 0.00 ms)
2026/07/26 09:23:50 [INFO] collision: TX slot collision detected between AA:BB:CC:00:00:03 and AA:BB:CC:00:00:01 (time delta: 0.00 ms)
2026/07/26 09:23:50 [INFO] collision: TX slot collision detected between AA:BB:CC:00:00:03 and AA:BB:CC:00:00:00 (time delta: 0.00 ms)
2026/07/26 09:23:50 [INFO] collision: TX slot collision detected between AA:BB:CC:00:00:03 and AA:BB:CC:00:00:01 (time delta: 0.00 ms)
2026/07/26 09:23:50 [INFO] collision: TX slot collision detected between AA:BB:CC:00:00:03 and AA:BB:CC:00:00:00 (time delta: 0.00 ms)
2026/07/26 09:23:50 [INFO] collision: TX slot collision detected between AA:BB:CC:00:00:03 and AA:BB:CC:00:00:01 (time delta: 0.00 ms)
2026/07/26 09:23:50 [INFO] collision: TX slot collision detected between AA:BB:CC:00:00:03 and AA:BB:CC:00:00:00 (time delta: 0.00 ms)
2026/07/26 09:23:50 [INFO] collision: TX slot collision detected between AA:BB:CC:00:00:00 and AA:BB:CC:00:00:01 (time delta: 0.00 ms)
2026/07/26 09:23:50 [INFO] collision: TX slot collision detected between AA:BB:CC:00:00:00 and AA:BB:CC:00:00:01 (time delta: 0.00 ms)
2026/07/26 09:23:50 [INFO] collision: TX slot collision detected between AA:BB:CC:00:00:00 and AA:BB:CC:00:00:01 (time delta: 0.00 ms)
2026/07/26 09:23:50 [INFO] collision: TX slot collision detected between AA:BB:CC:00:00:01 and AA:BB:CC:00:00:00 (time delta: 0.00 ms)
2026/07/26 09:23:50 [INFO] collision: TX slot collision detected between AA:BB:CC:00:00:03 and AA:BB:CC:00:00:01 (time delta: 0.00 ms)
2026/07/26 09:23:50 [INFO] collision: TX slot collision detected between AA:BB:CC:00:00:03 and AA:BB:CC:00:00:00 (time delta: 0.00 ms)
2026/07/26 09:23:50 [INFO] collision: TX slot collision detected between AA:BB:CC:00:00:01 and AA:BB:CC:00:00:00 (time delta: 0.00 ms)
2026/07/26 09:23:50 [INFO] collision: TX slot collision detected between AA:BB:CC:00:00:01 and AA:BB:CC:00:00:03 (time delta: 0.00 ms)
2026/07/26 09:23:50 [INFO] collision: TX slot collision detected between AA:BB:CC:00:00:03 and AA:BB:CC:00:00:01 (time delta: 0.00 ms)
2026/07/26 09:23:50 [INFO] collision: TX slot collision detected between AA:BB:CC:00:00:03 and AA:BB:CC:00:00:00 (time delta: 0.00 ms)
2026/07/26 09:23:50 [INFO] collision: TX slot collision detected between AA:BB:CC:00:00:03 and AA:BB:CC:00:00:01 (time delta: 0.00 ms)
2026/07/26 09:23:50 [INFO] collision: TX slot collision detected between AA:BB:CC:00:00:03 and AA:BB:CC:00:00:00 (time delta: 0.00 ms)
2026/07/26 09:23:50 [INFO] collision: TX slot collision detected between AA:BB:CC:00:00:03 and AA:BB:CC:00:00:01 (time delta: 0.00 ms)
2026/07/26 09:23:50 [INFO] collision: TX slot collision detected between AA:BB:CC:00:00:00 and AA:BB:CC:00:00:03 (time delta: 0.00 ms)
2026/07/26 09:23:50 [INFO] collision: TX slot collision detected between AA:BB:CC:00:00:00 and AA:BB:CC:00:00:01 (time delta: 0.00 ms)
2026/07/26 09:23:50 [INFO] collision: TX slot collision detected between AA:BB:CC:00:00:00 and AA:BB:CC:00:00:01 (time delta: 0.00 ms)
2026/07/26 09:23:50 [INFO] collision: TX slot collision detected between AA:BB:CC:00:00:00 and AA:BB:CC:00:00:03 (time delta: 0.00 ms)
2026/07/26 09:23:50 [INFO] collision: TX slot collision detected between AA:BB:CC:00:00:01 and AA:BB:CC:00:00:00 (time delta: 0.00 ms)
2026/07/26 09:23:50 [INFO] collision: TX slot collision detected between AA:BB:CC:00:00:01 and AA:BB:CC:00:00:03 (time delta: 0.00 ms)
2026/07/26 09:23:50 [INFO] collision: TX slot collision detected between AA:BB:CC:00:00:03 and AA:BB:CC:00:00:01 (time delta: 0.00 ms)
2026/07/26 09:23:50 [INFO] collision: TX slot collision detected between AA:BB:CC:00:00:03 and AA:BB:CC:00:00:00 (time delta: 0.00 ms)
2026/07/26 09:23:50 [INFO] collision: TX slot collision detected between AA:BB:CC:00:00:00 and AA:BB:CC:00:00:03 (time delta: 0.00 ms)
2026/07/26 09:23:50 [INFO] collision: TX slot collision detected between AA:BB:CC:00:00:00 and AA:BB:CC:00:00:01 (time delta: 0.00 ms)
2026/07/26 09:23:50 [INFO] collision: TX slot collision detected between AA:BB:CC:00:00:03 and AA:BB:CC:00:00:01 (time delta: 0.00 ms)
2026/07/26 09:23:50 [INFO] collision: TX slot collision detected between AA:BB:CC:00:00:03 and AA:BB:CC:00:00:00 (time delta: 0.00 ms)
2026/07/26 09:23:50 [INFO] collision: TX slot collision detected between AA:BB:CC:00:00:01 and AA:BB:CC:00:00:00 (time delta: 0.00 ms)
2026/07/26 09:23:50 [INFO] collision: TX slot collision detected between AA:BB:CC:00:00:01 and AA:BB:CC:00:00:03 (time delta: 0.00 ms)
2026/07/26 09:23:50 [INFO] collision: TX slot collision detected between AA:BB:CC:00:00:00 and AA:BB:CC:00:00:01 (time delta: 0.00 ms)
2026/07/26 09:23:50 [INFO] collision: TX slot collision detected between AA:BB:CC:00:00:00 and AA:BB:CC:00:00:01 (time delta: 0.00 ms)
2026/07/26 09:23:50 [INFO] collision: TX slot collision detected between AA:BB:CC:00:00:00 and AA:BB:CC:00:00:01 (time delta: 0.00 ms)
2026/07/26 09:23:50 [INFO] collision: TX slot collision detected between AA:BB:CC:00:00:01 and AA:BB:CC:00:00:00 (time delta: 0.00 ms)
2026/07/26 09:23:50 [INFO] collision: TX slot collision detected between AA:BB:CC:00:00:03 and AA:BB:CC:00:00:01 (time delta: 0.00 ms)
2026/07/26 09:23:50 [INFO] collision: TX slot collision detected between AA:BB:CC:00:00:03 and AA:BB:CC:00:00:00 (time delta: 0.00 ms)
2026/07/26 09:23:50 [INFO] collision: TX slot collision detected between AA:BB:CC:00:00:01 and AA:BB:CC:00:00:00 (time delta: 0.00 ms)
2026/07/26 09:23:50 [INFO] collision: TX slot collision detected between AA:BB:CC:00:00:01 and AA:BB:CC:00:00:03 (time delta: 0.00 ms)
2026/07/26 09:23:50 [INFO] collision: TX slot collision detected between AA:BB:CC:00:00:03 and AA:BB:CC:00:00:01 (time delta: 0.00 ms)
2026/07/26 09:23:50 [INFO] collision: TX slot collision detected between AA:BB:CC:00:00:03 and AA:BB:CC:00:00:00 (time delta: 0.00 ms)
2026/07/26 09:23:50 [INFO] collision: TX slot collision detected between AA:BB:CC:00:00:03 and AA:BB:CC:00:00:01 (time delta: 0.00 ms)
2026/07/26 09:23:50 [INFO] collision: TX slot collision detected between AA:BB:CC:00:00:03 and AA:BB:CC:00:00:00 (time delta: 0.00 ms)
2026/07/26 09:23:50 [INFO] collision: TX slot collision detected between AA:BB:CC:00:00:00 and AA:BB:CC:00:00:01 (time delta: 0.00 ms)
2026/07/26 09:23:50 [INFO] collision: TX slot collision detected between AA:BB:CC:00:00:00 and AA:BB:CC:00:00:01 (time delta: 0.00 ms)
2026/07/26 09:23:50 [INFO] collision: TX slot collision detected between AA:BB:CC:00:00:00 and AA:BB:CC:00:00:01 (time delta: 0.00 ms)
2026/07/26 09:23:50 [INFO] collision: TX slot collision detected between AA:BB:CC:00:00:01 and AA:BB:CC:00:00:00 (time delta: 0.00 ms)
2026/07/26 09:23:50 [INFO] collision: TX slot collision detected between AA:BB:CC:00:00:01 and AA:BB:CC:00:00:00 (time delta: 0.00 ms)
2026/07/26 09:23:50 [INFO] collision: TX slot collision detected between AA:BB:CC:00:00:03 and AA:BB:CC:00:00:00 (time delta: 0.00 ms)
2026/07/26 09:23:50 [INFO] collision: TX slot collision detected between AA:BB:CC:00:00:03 and AA:BB:CC:00:00:01 (time delta: 0.00 ms)
2026/07/26 09:23:50 [INFO] collision: TX slot collision detected between AA:BB:CC:00:00:03 and AA:BB:CC:00:00:01 (time delta: 0.00 ms)
2026/07/26 09:23:50 [INFO] collision: TX slot collision detected between AA:BB:CC:00:00:03 and AA:BB:CC:00:00:00 (time delta: 0.00 ms)
2026/07/26 09:23:50 [INFO] collision: TX slot collision detected between AA:BB:CC:00:00:03 and AA:BB:CC:00:00:00 (time delta: 0.00 ms)
2026/07/26 09:23:50 [INFO] collision: TX slot collision detected between AA:BB:CC:00:00:03 and AA:BB:CC:00:00:01 (time delta: 0.00 ms)
2026/07/26 09:23:50 [INFO] collision: TX slot collision detected between AA:BB:CC:00:00:00 and AA:BB:CC:00:00:01 (time delta: 0.00 ms)
2026/07/26 09:23:50 [INFO] collision: TX slot collision detected between AA:BB:CC:00:00:00 and AA:BB:CC:00:00:01 (time delta: 0.00 ms)
2026/07/26 09:23:50 [INFO] collision: TX slot collision detected between AA:BB:CC:00:00:00 and AA:BB:CC:00:00:01 (time delta: 0.00 ms)
2026/07/26 09:23:50 [INFO] collision: TX slot collision detected between AA:BB:CC:00:00:01 and AA:BB:CC:00:00:00 (time delta: 0.00 ms)
2026/07/26 09:23:50 [INFO] collision: TX slot collision detected between AA:BB:CC:00:00:03 and AA:BB:CC:00:00:01 (time delta: 0.00 ms)
2026/07/26 09:23:50 [INFO] collision: TX slot collision detected between AA:BB:CC:00:00:03 and AA:BB:CC:00:00:00 (time delta: 0.00 ms)
2026/07/26 09:23:50 [INFO] collision: TX slot collision detected between AA:BB:CC:00:00:01 and AA:BB:CC:00:00:00 (time delta: 0.00 ms)
2026/07/26 09:23:50 [INFO] collision: TX slot collision detected between AA:BB:CC:00:00:01 and AA:BB:CC:00:00:03 (time delta: 0.00 ms)
2026/07/26 09:23:50 [INFO] collision: TX slot collision detected between AA:BB:CC:00:00:03 and AA:BB:CC:00:00:01 (time delta: 0.00 ms)
2026/07/26 09:23:50 [INFO] collision: TX slot collision detected between AA:BB:CC:00:00:03 and AA:BB:CC:00:00:00 (time delta: 0.00 ms)
2026/07/26 09:23:50 [INFO] collision: TX slot collision detected between AA:BB:CC:00:00:03 and AA:BB:CC:00:00:01 (time delta: 0.00 ms)
2026/07/26 09:23:50 [INFO] collision: TX slot collision detected between AA:BB:CC:00:00:03 and AA:BB:CC:00:00:00 (time delta: 0.00 ms)
2026/07/26 09:23:50 [INFO] collision: TX slot collision detected between AA:BB:CC:00:00:00 and AA:BB:CC:00:00:01 (time delta: 0.00 ms)
2026/07/26 09:23:50 [INFO] collision: TX slot collision detected between AA:BB:CC:00:00:03 and AA:BB:CC:00:00:00 (time delta: 0.00 ms)
2026/07/26 09:23:50 [INFO] collision: TX slot collision detected between AA:BB:CC:00:00:03 and AA:BB:CC:00:00:01 (time delta: 0.00 ms)
2026/07/26 09:23:50 [INFO] collision: TX slot collision detected between AA:BB:CC:00:00:00 and AA:BB:CC:00:00:01 (time delta: 0.00 ms)
2026/07/26 09:23:50 [INFO] collision: TX slot collision detected between AA:BB:CC:00:00:00 and AA:BB:CC:00:00:03 (time delta: 0.00 ms)
2026/07/26 09:23:50 [INFO] collision: TX slot collision detected between AA:BB:CC:00:00:00 and AA:BB:CC:00:00:03 (time delta: 0.00 ms)
2026/07/26 09:23:50 [INFO] collision: TX slot collision detected between AA:BB:CC:00:00:00 and AA:BB:CC:00:00:01 (time delta: 0.00 ms)
2026/07/26 09:23:50 [INFO] collision: TX slot collision detected between AA:BB:CC:00:00:01 and AA:BB:CC:00:00:00 (time delta: 0.00 ms)
2026/07/26 09:23:50 [INFO] collision: TX slot collision detected between AA:BB:CC:00:00:01 and AA:BB:CC:00:00:03 (time delta: 0.00 ms)
2026/07/26 09:23:50 [INFO] collision: TX slot collision detected between AA:BB:CC:00:00:01 and AA:BB:CC:00:00:03 (time delta: 0.00 ms)
2026/07/26 09:23:50 [INFO] collision: TX slot collision detected between AA:BB:CC:00:00:01 and AA:BB:CC:00:00:00 (time delta: 0.00 ms)
2026/07/26 09:23:50 [INFO] collision: TX slot collision detected between AA:BB:CC:00:00:03 and AA:BB:CC:00:00:01 (time delta: 0.00 ms)
2026/07/26 09:23:50 [INFO] collision: TX slot collision detected between AA:BB:CC:00:00:03 and AA:BB:CC:00:00:00 (time delta: 0.00 ms)
2026/07/26 09:23:50 [INFO] collision: TX slot collision detected between AA:BB:CC:00:00:03 and AA:BB:CC:00:00:01 (time delta: 0.00 ms)
2026/07/26 09:23:50 [INFO] collision: TX slot collision detected between AA:BB:CC:00:00:03 and AA:BB:CC:00:00:00 (time delta: 0.00 ms)
2026/07/26 09:23:50 [INFO] collision: TX slot collision detected between AA:BB:CC:00:00:03 and AA:BB:CC:00:00:01 (time delta: 0.00 ms)
2026/07/26 09:23:50 [INFO] collision: TX slot collision detected between AA:BB:CC:00:00:00 and AA:BB:CC:00:00:03 (time delta: 0.00 ms)
2026/07/26 09:23:50 [INFO] collision: TX slot collision detected between AA:BB:CC:00:00:00 and AA:BB:CC:00:00:01 (time delta: 0.00 ms)
2026/07/26 09:23:50 [INFO] collision: TX slot collision detected between AA:BB:CC:00:00:01 and AA:BB:CC:00:00:03 (time delta: 0.00 ms)
2026/07/26 09:23:50 [INFO] collision: TX slot collision detected between AA:BB:CC:00:00:01 and AA:BB:CC:00:00:00 (time delta: 0.00 ms)
2026/07/26 09:23:50 [INFO] collision: TX slot collision detected between AA:BB:CC:00:00:00 and AA:BB:CC:00:00:01 (time delta: 0.00 ms)
2026/07/26 09:23:50 [INFO] collision: TX slot collision detected between AA:BB:CC:00:00:00 and AA:BB:CC:00:00:03 (time delta: 0.00 ms)
2026/07/26 09:23:50 [INFO] collision: TX slot collision detected between AA:BB:CC:00:00:00 and AA:BB:CC:00:00:01 (time delta: 0.00 ms)
2026/07/26 09:23:50 [INFO] collision: TX slot collision detected between AA:BB:CC:00:00:00 and AA:BB:CC:00:00:03 (time delta: 0.00 ms)
2026/07/26 09:23:50 [INFO] collision: TX slot collision detected between AA:BB:CC:00:00:01 and AA:BB:CC:00:00:00 (time delta: 0.00 ms)
2026/07/26 09:23:50 [INFO] collision: TX slot collision detected between AA:BB:CC:00:00:01 and AA:BB:CC:00:00:03 (time delta: 0.00 ms)
2026/07/26 09:23:50 [INFO] collision: TX slot collision detected between AA:BB:CC:00:00:03 and AA:BB:CC:00:00:01 (time delta: 0.00 ms)
2026/07/26 09:23:50 [INFO] collision: TX slot collision detected between AA:BB:CC:00:00:03 and AA:BB:CC:00:00:00 (time delta: 0.00 ms)
2026/07/26 09:23:50 [INFO] collision: TX slot collision detected between AA:BB:CC:00:00:03 and AA:BB:CC:00:00:01 (time delta: 0.00 ms)
2026/07/26 09:23:50 [INFO] collision: TX slot collision detected between AA:BB:CC:00:00:03 and AA:BB:CC:00:00:00 (time delta: 0.00 ms)
2026/07/26 09:23:50 [INFO] collision: TX slot collision detected between AA:BB:CC:00:00:00 and AA:BB:CC:00:00:01 (time delta: 0.00 ms)
2026/07/26 09:23:50 [INFO] collision: TX slot collision detected between AA:BB:CC:00:00:00 and AA:BB:CC:00:00:01 (time delta: 0.00 ms)
2026/07/26 09:23:50 [INFO] collision: TX slot collision detected between AA:BB:CC:00:00:01 and AA:BB:CC:00:00:00 (time delta: 0.00 ms)
2026/07/26 09:23:50 [INFO] collision: TX slot collision detected between AA:BB:CC:00:00:00 and AA:BB:CC:00:00:01 (time delta: 0.00 ms)
2026/07/26 09:23:50 [INFO] collision: TX slot collision detected between AA:BB:CC:00:00:03 and AA:BB:CC:00:00:01 (time delta: 0.00 ms)
2026/07/26 09:23:50 [INFO] collision: TX slot collision detected between AA:BB:CC:00:00:03 and AA:BB:CC:00:00:00 (time delta: 0.00 ms)
2026/07/26 09:23:50 [INFO] collision: TX slot collision detected between AA:BB:CC:00:00:01 and AA:BB:CC:00:00:00 (time delta: 0.00 ms)
2026/07/26 09:23:50 [INFO] collision: TX slot collision detected between AA:BB:CC:00:00:01 and AA:BB:CC:00:00:03 (time delta: 0.00 ms)
2026/07/26 09:23:50 [INFO] collision: TX slot collision detected between AA:BB:CC:00:00:03 and AA:BB:CC:00:00:01 (time delta: 0.00 ms)
2026/07/26 09:23:50 [INFO] collision: TX slot collision detected between AA:BB:CC:00:00:03 and AA:BB:CC:00:00:00 (time delta: 0.00 ms)
2026/07/26 09:23:50 [INFO] collision: TX slot collision detected between AA:BB:CC:00:00:03 and AA:BB:CC:00:00:01 (time delta: 0.00 ms)
2026/07/26 09:23:50 [INFO] collision: TX slot collision detected between AA:BB:CC:00:00:03 and AA:BB:CC:00:00:00 (time delta: 0.00 ms)
2026/07/26 09:23:50 [INFO] collision: TX slot collision detected between AA:BB:CC:00:00:00 and AA:BB:CC:00:00:01 (time delta: 0.00 ms)
2026/07/26 09:23:50 [INFO] collision: TX slot collision detected between AA:BB:CC:00:00:00 and AA:BB:CC:00:00:01 (time delta: 0.00 ms)
2026/07/26 09:23:50 [INFO] collision: TX slot collision detected between AA:BB:CC:00:00:03 and AA:BB:CC:00:00:01 (time delta: 0.00 ms)
2026/07/26 09:23:50 [INFO] collision: TX slot collision detected between AA:BB:CC:00:00:03 and AA:BB:CC:00:00:00 (time delta: 0.00 ms)
2026/07/26 09:23:50 [INFO] collision: TX slot collision detected between AA:BB:CC:00:00:01 and AA:BB:CC:00:00:00 (time delta: 0.00 ms)
2026/07/26 09:23:50 [INFO] collision: TX slot collision detected between AA:BB:CC:00:00:01 and AA:BB:CC:00:00:03 (time delta: 0.00 ms)
2026/07/26 09:23:50 [INFO] collision: TX slot collision detected between AA:BB:CC:00:00:00 and AA:BB:CC:00:00:01 (time delta: 0.00 ms)
2026/07/26 09:23:50 [INFO] collision: TX slot collision detected between AA:BB:CC:00:00:00 and AA:BB:CC:00:00:03 (time delta: 0.00 ms)
2026/07/26 09:23:50 [INFO] collision: TX slot collision detected between AA:BB:CC:00:00:03 and AA:BB:CC:00:00:01 (time delta: 0.00 ms)
2026/07/26 09:23:50 [INFO] collision: TX slot collision detected between AA:BB:CC:00:00:03 and AA:BB:CC:00:00:00 (time delta: 0.00 ms)
2026/07/26 09:23:50 [INFO] collision: TX slot collision detected between AA:BB:CC:00:00:01 and AA:BB:CC:00:00:00 (time delta: 0.00 ms)
2026/07/26 09:23:50 [INFO] collision: TX slot collision detected between AA:BB:CC:00:00:01 and AA:BB:CC:00:00:03 (time delta: 0.00 ms)
2026/07/26 09:23:50 [INFO] collision: TX slot collision detected between AA:BB:CC:00:00:03 and AA:BB:CC:00:00:01 (time delta: 0.00 ms)
2026/07/26 09:23:50 [INFO] collision: TX slot collision detected between AA:BB:CC:00:00:03 and AA:BB:CC:00:00:00 (time delta: 0.00 ms)
2026/07/26 09:23:50 [INFO] collision: TX slot collision detected between AA:BB:CC:00:00:00 and AA:BB:CC:00:00:01 (time delta: 0.00 ms)
2026/07/26 09:23:50 [INFO] collision: TX slot collision detected between AA:BB:CC:00:00:03 and AA:BB:CC:00:00:01 (time delta: 0.00 ms)
2026/07/26 09:23:50 [INFO] collision: TX slot collision detected between AA:BB:CC:00:00:03 and AA:BB:CC:00:00:00 (time delta: 0.00 ms)
2026/07/26 09:23:50 [INFO] collision: TX slot collision detected between AA:BB:CC:00:00:00 and AA:BB:CC:00:00:01 (time delta: 0.00 ms)
2026/07/26 09:23:50 [INFO] collision: TX slot collision detected between AA:BB:CC:00:00:00 and AA:BB:CC:00:00:03 (time delta: 0.00 ms)
2026/07/26 09:23:50 [INFO] collision: TX slot collision detected between AA:BB:CC:00:00:00 and AA:BB:CC:00:00:01 (time delta: 0.00 ms)
2026/07/26 09:23:50 [INFO] collision: TX slot collision detected between AA:BB:CC:00:00:00 and AA:BB:CC:00:00:03 (time delta: 0.00 ms)
2026/07/26 09:23:50 [INFO] collision: TX slot collision detected between AA:BB:CC:00:00:01 and AA:BB:CC:00:00:03 (time delta: 0.00 ms)
2026/07/26 09:23:50 [INFO] collision: TX slot collision detected between AA:BB:CC:00:00:01 and AA:BB:CC:00:00:00 (time delta: 0.00 ms)
2026/07/26 09:23:50 [INFO] collision: TX slot collision detected between AA:BB:CC:00:00:01 and AA:BB:CC:00:00:00 (time delta: 0.00 ms)
2026/07/26 09:23:50 [INFO] collision: TX slot collision detected between AA:BB:CC:00:00:01 and AA:BB:CC:00:00:03 (time delta: 0.00 ms)
2026/07/26 09:23:50 [INFO] collision: TX slot collision detected between AA:BB:CC:00:00:03 and AA:BB:CC:00:00:01 (time delta: 0.00 ms)
2026/07/26 09:23:50 [INFO] collision: TX slot collision detected between AA:BB:CC:00:00:03 and AA:BB:CC:00:00:00 (time delta: 0.00 ms)
2026/07/26 09:23:50 [INFO] collision: TX slot collision detected between AA:BB:CC:00:00:03 and AA:BB:CC:00:00:01 (time delta: 0.00 ms)
2026/07/26 09:23:50 [INFO] collision: TX slot collision detected between AA:BB:CC:00:00:03 and AA:BB:CC:00:00:00 (time delta: 0.00 ms)
2026/07/26 09:23:50 [INFO] collision: TX slot collision detected between AA:BB:CC:00:00:00 and AA:BB:CC:00:00:01 (time delta: 0.00 ms)
2026/07/26 09:23:50 [INFO] collision: TX slot collision detected between AA:BB:CC:00:00:00 and AA:BB:CC:00:00:01 (time delta: 0.00 ms)
2026/07/26 09:23:50 [INFO] collision: TX slot collision detected between AA:BB:CC:00:00:03 and AA:BB:CC:00:00:00 (time delta: 0.00 ms)
2026/07/26 09:23:50 [INFO] collision: TX slot collision detected between AA:BB:CC:00:00:03 and AA:BB:CC:00:00:01 (time delta: 0.00 ms)
2026/07/26 09:23:50 [INFO] collision: TX slot collision detected between AA:BB:CC:00:00:03 and AA:BB:CC:00:00:01 (time delta: 0.00 ms)
2026/07/26 09:23:50 [INFO] collision: TX slot collision detected between AA:BB:CC:00:00:03 and AA:BB:CC:00:00:00 (time delta: 0.00 ms)
2026/07/26 09:23:50 [INFO] collision: TX slot collision detected between AA:BB:CC:00:00:00 and AA:BB:CC:00:00:01 (time delta: 0.00 ms)
2026/07/26 09:23:50 [INFO] collision: TX slot collision detected between AA:BB:CC:00:00:00 and AA:BB:CC:00:00:03 (time delta: 0.00 ms)
2026/07/26 09:23:50 [INFO] collision: TX slot collision detected between AA:BB:CC:00:00:01 and AA:BB:CC:00:00:00 (time delta: 0.00 ms)
2026/07/26 09:23:50 [INFO] collision: TX slot collision detected between AA:BB:CC:00:00:01 and AA:BB:CC:00:00:03 (time delta: 0.00 ms)
2026/07/26 09:23:50 [INFO] collision: TX slot collision detected between AA:BB:CC:00:00:01 and AA:BB:CC:00:00:00 (time delta: 0.00 ms)
2026/07/26 09:23:50 [INFO] collision: TX slot collision detected between AA:BB:CC:00:00:01 and AA:BB:CC:00:00:03 (time delta: 0.00 ms)
2026/07/26 09:23:50 [INFO] collision: TX slot collision detected between AA:BB:CC:00:00:03 and AA:BB:CC:00:00:00 (time delta: 0.00 ms)
2026/07/26 09:23:50 [INFO] collision: TX slot collision detected between AA:BB:CC:00:00:03 and AA:BB:CC:00:00:01 (time delta: 0.00 ms)
2026/07/26 09:23:50 [INFO] collision: TX slot collision detected between AA:BB:CC:00:00:00 and AA:BB:CC:00:00:01 (time delta: 0.00 ms)
2026/07/26 09:23:50 [INFO] collision: TX slot collision detected between AA:BB:CC:00:00:00 and AA:BB:CC:00:00:01 (time delta: 0.00 ms)
2026/07/26 09:23:50 [INFO] collision: TX slot collision detected between AA:BB:CC:00:00:00 and AA:BB:CC:00:00:01 (time delta: 0.00 ms)
2026/07/26 09:23:50 [INFO] collision: TX slot collision detected between AA:BB:CC:00:00:03 and AA:BB:CC:00:00:01 (time delta: 0.00 ms)
2026/07/26 09:23:50 [INFO] collision: TX slot collision detected between AA:BB:CC:00:00:03 and AA:BB:CC:00:00:00 (time delta: 0.00 ms)
2026/07/26 09:23:50 [INFO] collision: TX slot collision detected between AA:BB:CC:00:00:01 and AA:BB:CC:00:00:00 (time delta: 0.00 ms)
2026/07/26 09:23:50 [INFO] collision: TX slot collision detected between AA:BB:CC:00:00:01 and AA:BB:CC:00:00:03 (time delta: 0.00 ms)
2026/07/26 09:23:50 [INFO] collision: TX slot collision detected between AA:BB:CC:00:00:01 and AA:BB:CC:00:00:00 (time delta: 0.00 ms)
2026/07/26 09:23:50 [INFO] collision: TX slot collision detected between AA:BB:CC:00:00:01 and AA:BB:CC:00:00:03 (time delta: 0.00 ms)
2026/07/26 09:23:50 [INFO] collision: TX slot collision detected between AA:BB:CC:00:00:03 and AA:BB:CC:00:00:01 (time delta: 0.00 ms)
2026/07/26 09:23:50 [INFO] collision: TX slot collision detected between AA:BB:CC:00:00:03 and AA:BB:CC:00:00:00 (time delta: 0.00 ms)
2026/07/26 09:23:50 [INFO] collision: TX slot collision detected between AA:BB:CC:00:00:03 and AA:BB:CC:00:00:01 (time delta: 0.00 ms)
2026/07/26 09:23:50 [INFO] collision: TX slot collision detected between AA:BB:CC:00:00:03 and AA:BB:CC:00:00:00 (time delta: 0.00 ms)
2026/07/26 09:23:50 [INFO] collision: TX slot collision detected between AA:BB:CC:00:00:00 and AA:BB:CC:00:00:01 (time delta: 0.00 ms)
2026/07/26 09:23:50 [INFO] collision: TX slot collision detected between AA:BB:CC:00:00:00 and AA:BB:CC:00:00:01 (time delta: 0.00 ms)
2026/07/26 09:23:50 [INFO] collision: TX slot collision detected between AA:BB:CC:00:00:03 and AA:BB:CC:00:00:01 (time delta: 0.00 ms)
2026/07/26 09:23:50 [INFO] collision: TX slot collision detected between AA:BB:CC:00:00:03 and AA:BB:CC:00:00:00 (time delta: 0.00 ms)
2026/07/26 09:23:50 [INFO] collision: TX slot collision detected between AA:BB:CC:00:00:01 and AA:BB:CC:00:00:00 (time delta: 0.00 ms)
2026/07/26 09:23:50 [INFO] collision: TX slot collision detected between AA:BB:CC:00:00:01 and AA:BB:CC:00:00:03 (time delta: 0.00 ms)
2026/07/26 09:23:50 [INFO] collision: TX slot collision detected between AA:BB:CC:00:00:00 and AA:BB:CC:00:00:03 (time delta: 0.00 ms)
2026/07/26 09:23:50 [INFO] collision: TX slot collision detected between AA:BB:CC:00:00:00 and AA:BB:CC:00:00:01 (time delta: 0.00 ms)
2026/07/26 09:23:50 [INFO] collision: TX slot collision detected between AA:BB:CC:00:00:03 and AA:BB:CC:00:00:01 (time delta: 0.00 ms)
2026/07/26 09:23:50 [INFO] collision: TX slot collision detected between AA:BB:CC:00:00:03 and AA:BB:CC:00:00:00 (time delta: 0.00 ms)
2026/07/26 09:23:50 [INFO] collision: TX slot collision detected between AA:BB:CC:00:00:01 and AA:BB:CC:00:00:00 (time delta: 0.00 ms)
2026/07/26 09:23:50 [INFO] collision: TX slot collision detected between AA:BB:CC:00:00:01 and AA:BB:CC:00:00:03 (time delta: 0.00 ms)
2026/07/26 09:23:50 [INFO] collision: TX slot collision detected between AA:BB:CC:00:00:03 and AA:BB:CC:00:00:00 (time delta: 0.00 ms)
2026/07/26 09:23:50 [INFO] collision: TX slot collision detected between AA:BB:CC:00:00:03 and AA:BB:CC:00:00:01 (time delta: 0.00 ms)
2026/07/26 09:23:50 [INFO] collision: TX slot collision detected between AA:BB:CC:00:00:00 and AA:BB:CC:00:00:01 (time delta: 0.00 ms)
2026/07/26 09:23:50 [INFO] collision: TX slot collision detected between AA:BB:CC:00:00:03 and AA:BB:CC:00:00:01 (time delta: 0.00 ms)
2026/07/26 09:23:50 [INFO] collision: TX slot collision detected between AA:BB:CC:00:00:03 and AA:BB:CC:00:00:00 (time delta: 0.00 ms)
2026/07/26 09:23:50 [INFO] collision: TX slot collision detected between AA:BB:CC:00:00:00 and AA:BB:CC:00:00:01 (time delta: 0.00 ms)
2026/07/26 09:23:50 [INFO] collision: TX slot collision detected between AA:BB:CC:00:00:00 and AA:BB:CC:00:00:03 (time delta: 0.00 ms)
2026/07/26 09:23:50 [INFO] collision: TX slot collision detected between AA:BB:CC:00:00:00 and AA:BB:CC:00:00:01 (time delta: 0.00 ms)
2026/07/26 09:23:50 [INFO] collision: TX slot collision detected between AA:BB:CC:00:00:00 and AA:BB:CC:00:00:03 (time delta: 0.00 ms)
2026/07/26 09:23:50 [INFO] collision: TX slot collision detected between AA:BB:CC:00:00:03 and AA:BB:CC:00:00:01 (time delta: 0.00 ms)
2026/07/26 09:23:50 [INFO] collision: TX slot collision detected between AA:BB:CC:00:00:03 and AA:BB:CC:00:00:00 (time delta: 0.00 ms)
2026/07/26 09:23:50 [INFO] collision: TX slot collision detected between AA:BB:CC:00:00:01 and AA:BB:CC:00:00:00 (time delta: 0.00 ms)
2026/07/26 09:23:50 [INFO] collision: TX slot collision detected between AA:BB:CC:00:00:01 and AA:BB:CC:00:00:03 (time delta: 0.00 ms)
2026/07/26 09:23:50 [INFO] collision: TX slot collision detected between AA:BB:CC:00:00:01 and AA:BB:CC:00:00:00 (time delta: 0.00 ms)
2026/07/26 09:23:50 [INFO] collision: TX slot collision detected between AA:BB:CC:00:00:01 and AA:BB:CC:00:00:03 (time delta: 0.00 ms)
2026/07/26 09:23:50 [INFO] collision: TX slot collision detected between AA:BB:CC:00:00:03 and AA:BB:CC:00:00:00 (time delta: 0.00 ms)
2026/07/26 09:23:50 [INFO] collision: TX slot collision detected between AA:BB:CC:00:00:03 and AA:BB:CC:00:00:01 (time delta: 0.00 ms)
2026/07/26 09:23:50 [INFO] collision: TX slot collision detected between AA:BB:CC:00:00:00 and AA:BB:CC:00:00:01 (time delta: 0.00 ms)
2026/07/26 09:23:50 [INFO] collision: TX slot collision detected between AA:BB:CC:00:00:00 and AA:BB:CC:00:00:01 (time delta: 0.00 ms)
2026/07/26 09:23:50 [INFO] collision: TX slot collision detected between AA:BB:CC:00:00:01 and AA:BB:CC:00:00:00 (time delta: 0.00 ms)
2026/07/26 09:23:50 [INFO] collision: TX slot collision detected between AA:BB:CC:00:00:00 and AA:BB:CC:00:00:01 (time delta: 0.00 ms)
2026/07/26 09:23:50 [INFO] collision: TX slot collision detected between AA:BB:CC:00:00:03 and AA:BB:CC:00:00:01 (time delta: 0.00 ms)
2026/07/26 09:23:50 [INFO] collision: TX slot collision detected between AA:BB:CC:00:00:03 and AA:BB:CC:00:00:00 (time delta: 0.00 ms)
2026/07/26 09:23:50 [INFO] collision: TX slot collision detected between AA:BB:CC:00:00:03 and AA:BB:CC:00:00:01 (time delta: 0.00 ms)
2026/07/26 09:23:50 [INFO] collision: TX slot collision detected between AA:BB:CC:00:00:03 and AA:BB:CC:00:00:00 (time delta: 0.00 ms)
2026/07/26 09:23:50 [INFO] collision: TX slot collision detected between AA:BB:CC:00:00:03 and AA:BB:CC:00:00:01 (time delta: 0.00 ms)
2026/07/26 09:23:50 [INFO] collision: TX slot collision detected between AA:BB:CC:00:00:03 and AA:BB:CC:00:00:00 (time delta: 0.00 ms)
2026/07/26 09:23:50 [INFO] collision: TX slot collision detected between AA:BB:CC:00:00:01 and AA:BB:CC:00:00:00 (time delta: 0.00 ms)
2026/07/26 09:23:50 [INFO] collision: TX slot collision detected between AA:BB:CC:00:00:01 and AA:BB:CC:00:00:03 (time delta: 0.00 ms)
2026/07/26 09:23:50 [INFO] collision: TX slot collision detected between AA:BB:CC:00:00:00 and AA:BB:CC:00:00:01 (time delta: 0.00 ms)
2026/07/26 09:23:50 [INFO] collision: TX slot collision detected between AA:BB:CC:00:00:03 and AA:BB:CC:00:00:01 (time delta: 0.00 ms)
2026/07/26 09:23:50 [INFO] collision: TX slot collision detected between AA:BB:CC:00:00:03 and AA:BB:CC:00:00:00 (time delta: 0.00 ms)
2026/07/26 09:23:50 [INFO] collision: TX slot collision detected between AA:BB:CC:00:00:00 and AA:BB:CC:00:00:01 (time delta: 0.00 ms)
2026/07/26 09:23:50 [INFO] collision: TX slot collision detected between AA:BB:CC:00:00:00 and AA:BB:CC:00:00:03 (time delta: 0.00 ms)
2026/07/26 09:23:50 [INFO] collision: TX slot collision detected between AA:BB:CC:00:00:00 and AA:BB:CC:00:00:03 (time delta: 0.00 ms)
2026/07/26 09:23:50 [INFO] collision: TX slot collision detected between AA:BB:CC:00:00:00 and AA:BB:CC:00:00:01 (time delta: 0.00 ms)
2026/07/26 09:23:50 [INFO] collision: TX slot collision detected between AA:BB:CC:00:00:01 and AA:BB:CC:00:00:00 (time delta: 0.00 ms)
2026/07/26 09:23:50 [INFO] collision: TX slot collision detected between AA:BB:CC:00:00:01 and AA:BB:CC:00:00:03 (time delta: 0.00 ms)
2026/07/26 09:23:50 [INFO] collision: TX slot collision detected between AA:BB:CC:00:00:01 and AA:BB:CC:00:00:00 (time delta: 0.00 ms)
2026/07/26 09:23:50 [INFO] collision: TX slot collision detected between AA:BB:CC:00:00:01 and AA:BB:CC:00:00:03 (time delta: 0.00 ms)
2026/07/26 09:23:50 [INFO] collision: TX slot collision detected between AA:BB:CC:00:00:03 and AA:BB:CC:00:00:01 (time delta: 0.00 ms)
2026/07/26 09:23:50 [INFO] collision: TX slot collision detected between AA:BB:CC:00:00:03 and AA:BB:CC:00:00:00 (time delta: 0.00 ms)
2026/07/26 09:23:50 [INFO] collision: TX slot collision detected between AA:BB:CC:00:00:03 and AA:BB:CC:00:00:01 (time delta: 0.00 ms)
2026/07/26 09:23:50 [INFO] collision: TX slot collision detected between AA:BB:CC:00:00:03 and AA:BB:CC:00:00:00 (time delta: 0.00 ms)
2026/07/26 09:23:50 [INFO] collision: TX slot collision detected between AA:BB:CC:00:00:00 and AA:BB:CC:00:00:01 (time delta: 0.00 ms)
2026/07/26 09:23:50 [INFO] collision: TX slot collision detected between AA:BB:CC:00:00:00 and AA:BB:CC:00:00:01 (time delta: 0.00 ms)
2026/07/26 09:23:50 [INFO] collision: TX slot collision detected between AA:BB:CC:00:00:00 and AA:BB:CC:00:00:01 (time delta: 0.00 ms)
2026/07/26 09:23:50 [INFO] collision: TX slot collision detected between AA:BB:CC:00:00:03 and AA:BB:CC:00:00:01 (time delta: 0.00 ms)
2026/07/26 09:23:50 [INFO] collision: TX slot collision detected between AA:BB:CC:00:00:03 and AA:BB:CC:00:00:00 (time delta: 0.00 ms)
2026/07/26 09:23:50 [INFO] collision: TX slot collision detected between AA:BB:CC:00:00:01 and AA:BB:CC:00:00:00 (time delta: 0.00 ms)
2026/07/26 09:23:50 [INFO] collision: TX slot collision detected between AA:BB:CC:00:00:01 and AA:BB:CC:00:00:03 (time delta: 0.00 ms)
2026/07/26 09:23:50 [INFO] collision: TX slot collision detected between AA:BB:CC:00:00:01 and AA:BB:CC:00:00:00 (time delta: 0.00 ms)
2026/07/26 09:23:50 [INFO] collision: TX slot collision detected between AA:BB:CC:00:00:01 and AA:BB:CC:00:00:03 (time delta: 0.00 ms)
2026/07/26 09:23:50 [INFO] collision: TX slot collision detected between AA:BB:CC:00:00:03 and AA:BB:CC:00:00:01 (time delta: 0.00 ms)
2026/07/26 09:23:50 [INFO] collision: TX slot collision detected between AA:BB:CC:00:00:03 and AA:BB:CC:00:00:00 (time delta: 0.00 ms)
2026/07/26 09:23:50 [INFO] collision: TX slot collision detected between AA:BB:CC:00:00:03 and AA:BB:CC:00:00:01 (time delta: 0.00 ms)
2026/07/26 09:23:50 [INFO] collision: TX slot collision detected between AA:BB:CC:00:00:03 and AA:BB:CC:00:00:00 (time delta: 0.00 ms)
2026/07/26 09:23:50 [INFO] collision: TX slot collision detected between AA:BB:CC:00:00:00 and AA:BB:CC:00:00:01 (time delta: 0.00 ms)
2026/07/26 09:23:50 [INFO] collision: TX slot collision detected between AA:BB:CC:00:00:00 and AA:BB:CC:00:00:01 (time delta: 0.00 ms)
2026/07/26 09:23:50 [INFO] collision: TX slot collision detected between AA:BB:CC:00:00:03 and AA:BB:CC:00:00:01 (time delta: 0.00 ms)
2026/07/26 09:23:50 [INFO] collision: TX slot collision detected between AA:BB:CC:00:00:03 and AA:BB:CC:00:00:00 (time delta: 0.00 ms)
2026/07/26 09:23:50 [INFO] collision: TX slot collision detected between AA:BB:CC:00:00:00 and AA:BB:CC:00:00:01 (time delta: 0.00 ms)
2026/07/26 09:23:50 [INFO] collision: TX slot collision detected between AA:BB:CC:00:00:00 and AA:BB:CC:00:00:03 (time delta: 0.00 ms)
2026/07/26 09:23:50 [INFO] collision: TX slot collision detected between AA:BB:CC:00:00:03 and AA:BB:CC:00:00:00 (time delta: 0.00 ms)
2026/07/26 09:23:50 [INFO] collision: TX slot collision detected between AA:BB:CC:00:00:03 and AA:BB:CC:00:00:01 (time delta: 0.00 ms)
2026/07/26 09:23:50 [INFO] collision: TX slot collision detected between AA:BB:CC:00:00:01 and AA:BB:CC:00:00:03 (time delta: 0.00 ms)
2026/07/26 09:23:50 [INFO] collision: TX slot collision detected between AA:BB:CC:00:00:01 and AA:BB:CC:00:00:00 (time delta: 0.00 ms)
2026/07/26 09:23:50 [INFO] collision: TX slot collision detected between AA:BB:CC:00:00:01 and AA:BB:CC:00:00:03 (time delta: 0.00 ms)
2026/07/26 09:23:50 [INFO] collision: TX slot collision detected between AA:BB:CC:00:00:01 and AA:BB:CC:00:00:00 (time delta: 0.00 ms)
2026/07/26 09:23:50 [INFO] collision: TX slot collision detected between AA:BB:CC:00:00:03 and AA:BB:CC:00:00:01 (time delta: 0.00 ms)
2026/07/26 09:23:50 [INFO] collision: TX slot collision detected between AA:BB:CC:00:00:03 and AA:BB:CC:00:00:00 (time delta: 0.00 ms)
2026/07/26 09:23:50 [INFO] collision: TX slot collision detected between AA:BB:CC:00:00:00 and AA:BB:CC:00:00:01 (time delta: 0.00 ms)
2026/07/26 09:23:50 [INFO] collision: TX slot collision detected between AA:BB:CC:00:00:00 and AA:BB:CC:00:00:01 (time delta: 0.00 ms)
2026/07/26 09:23:50 [INFO] collision: TX slot collision detected between AA:BB:CC:00:00:00 and AA:BB:CC:00:00:01 (time delta: 0.00 ms)
2026/07/26 09:23:50 [INFO] collision: TX slot collision detected between AA:BB:CC:00:00:01 and AA:BB:CC:00:00:00 (time delta: 0.00 ms)
2026/07/26 09:23:50 [INFO] collision: TX slot collision detected between AA:BB:CC:00:00:03 and AA:BB:CC:00:00:00 (time delta: 0.00 ms)
2026/07/26 09:23:50 [INFO] collision: TX slot collision detected between AA:BB:CC:00:00:03 and AA:BB:CC:00:00:01 (time delta: 0.00 ms)
2026/07/26 09:23:50 [INFO] collision: TX slot collision detected between AA:BB:CC:00:00:01 and AA:BB:CC:00:00:00 (time delta: 0.00 ms)
2026/07/26 09:23:50 [INFO] collision: TX slot collision detected between AA:BB:CC:00:00:01 and AA:BB:CC:00:00:03 (time delta: 0.00 ms)
2026/07/26 09:23:50 [INFO] collision: TX slot collision detected between AA:BB:CC:00:00:03 and AA:BB:CC:00:00:01 (time delta: 0.00 ms)
2026/07/26 09:23:50 [INFO] collision: TX slot collision detected between AA:BB:CC:00:00:03 and AA:BB:CC:00:00:00 (time delta: 0.00 ms)
2026/07/26 09:23:50 [INFO] collision: TX slot collision detected between AA:BB:CC:00:00:03 and AA:BB:CC:00:00:01 (time delta: 0.00 ms)
2026/07/26 09:23:50 [INFO] collision: TX slot collision detected between AA:BB:CC:00:00:03 and AA:BB:CC:00:00:00 (time delta: 0.00 ms)
2026/07/26 09:23:50 [INFO] collision: TX slot collision detected between AA:BB:CC:00:00:00 and AA:BB:CC:00:00:01 (time delta: 0.00 ms)
2026/07/26 09:23:50 [INFO] collision: TX slot collision detected between AA:BB:CC:00:00:00 and AA:BB:CC:00:00:01 (time delta: 0.00 ms)
2026/07/26 09:23:50 [INFO] collision: TX slot collision detected between AA:BB:CC:00:00:00 and AA:BB:CC:00:00:01 (time delta: 0.00 ms)
2026/07/26 09:23:50 [INFO] collision: TX slot collision detected between AA:BB:CC:00:00:03 and AA:BB:CC:00:00:01 (time delta: 0.00 ms)
2026/07/26 09:23:50 [INFO] collision: TX slot collision detected between AA:BB:CC:00:00:03 and AA:BB:CC:00:00:00 (time delta: 0.00 ms)
2026/07/26 09:23:50 [INFO] collision: TX slot collision detected between AA:BB:CC:00:00:01 and AA:BB:CC:00:00:00 (time delta: 0.00 ms)
2026/07/26 09:23:50 [INFO] collision: TX slot collision detected between AA:BB:CC:00:00:01 and AA:BB:CC:00:00:03 (time delta: 0.00 ms)
2026/07/26 09:23:50 [INFO] collision: TX slot collision detected between AA:BB:CC:00:00:01 and AA:BB:CC:00:00:00 (time delta: 0.00 ms)
2026/07/26 09:23:50 [INFO] collision: TX slot collision detected between AA:BB:CC:00:00:01 and AA:BB:CC:00:00:03 (time delta: 0.00 ms)
2026/07/26 09:23:50 [INFO] collision: TX slot collision detected between AA:BB:CC:00:00:03 and AA:BB:CC:00:00:01 (time delta: 0.00 ms)
2026/07/26 09:23:50 [INFO] collision: TX slot collision detected between AA:BB:CC:00:00:03 and AA:BB:CC:00:00:00 (time delta: 0.00 ms)
2026/07/26 09:23:50 [INFO] collision: TX slot collision detected between AA:BB:CC:00:00:03 and AA:BB:CC:00:00:00 (time delta: 0.00 ms)
2026/07/26 09:23:50 [INFO] collision: TX slot collision detected between AA:BB:CC:00:00:03 and AA:BB:CC:00:00:01 (time delta: 0.00 ms)
2026/07/26 09:23:50 [INFO] collision: TX slot collision detected between AA:BB:CC:00:00:00 and AA:BB:CC:00:00:01 (time delta: 0.00 ms)
2026/07/26 09:23:50 [INFO] collision: TX slot collision detected between AA:BB:CC:00:00:00 and AA:BB:CC:00:00:01 (time delta: 0.00 ms)
2026/07/26 09:23:50 [INFO] collision: TX slot collision detected between AA:BB:CC:00:00:01 and AA:BB:CC:00:00:00 (time delta: 0.00 ms)
2026/07/26 09:23:50 [INFO] collision: TX slot collision detected between AA:BB:CC:00:00:00 and AA:BB:CC:00:00:01 (time delta: 0.00 ms)
2026/07/26 09:23:50 [INFO] collision: TX slot collision detected between AA:BB:CC:00:00:03 and AA:BB:CC:00:00:01 (time delta: 0.00 ms)
2026/07/26 09:23:50 [INFO] collision: TX slot collision detected between AA:BB:CC:00:00:03 and AA:BB:CC:00:00:00 (time delta: 0.00 ms)
2026/07/26 09:23:50 [INFO] collision: TX slot collision detected between AA:BB:CC:00:00:01 and AA:BB:CC:00:00:00 (time delta: 0.00 ms)
2026/07/26 09:23:50 [INFO] collision: TX slot collision detected between AA:BB:CC:00:00:01 and AA:BB:CC:00:00:03 (time delta: 0.00 ms)
2026/07/26 09:23:50 [INFO] collision: TX slot collision detected between AA:BB:CC:00:00:03 and AA:BB:CC:00:00:01 (time delta: 0.00 ms)
2026/07/26 09:23:50 [INFO] collision: TX slot collision detected between AA:BB:CC:00:00:03 and AA:BB:CC:00:00:00 (time delta: 0.00 ms)
2026/07/26 09:23:50 [INFO] collision: TX slot collision detected between AA:BB:CC:00:00:03 and AA:BB:CC:00:00:01 (time delta: 0.00 ms)
2026/07/26 09:23:50 [INFO] collision: TX slot collision detected between AA:BB:CC:00:00:03 and AA:BB:CC:00:00:00 (time delta: 0.00 ms)
2026/07/26 09:23:50 [INFO] collision: TX slot collision detected between AA:BB:CC:00:00:00 and AA:BB:CC:00:00:01 (time delta: 0.00 ms)
2026/07/26 09:23:50 [INFO] collision: TX slot collision detected between AA:BB:CC:00:00:00 and AA:BB:CC:00:00:01 (time delta: 0.00 ms)
2026/07/26 09:23:50 [INFO] collision: TX slot collision detected between AA:BB:CC:00:00:01 and AA:BB:CC:00:00:00 (time delta: 0.00 ms)
2026/07/26 09:23:50 [INFO] collision: TX slot collision detected between AA:BB:CC:00:00:00 and AA:BB:CC:00:00:01 (time delta: 0.00 ms)
2026/07/26 09:23:50 [INFO] collision: TX slot collision detected between AA:BB:CC:00:00:01 and AA:BB:CC:00:00:00 (time delta: 0.00 ms)
2026/07/26 09:23:50 [INFO] collision: TX slot collision detected between AA:BB:CC:00:00:03 and AA:BB:CC:00:00:01 (time delta: 0.00 ms)
2026/07/26 09:23:50 [INFO] collision: TX slot collision detected between AA:BB:CC:00:00:03 and AA:BB:CC:00:00:00 (time delta: 0.00 ms)
2026/07/26 09:23:50 [INFO] collision: TX slot collision detected between AA:BB:CC:00:00:03 and AA:BB:CC:00:00:01 (time delta: 0.00 ms)
2026/07/26 09:23:50 [INFO] collision: TX slot collision detected between AA:BB:CC:00:00:03 and AA:BB:CC:00:00:00 (time delta: 0.00 ms)
2026/07/26 09:23:50 [INFO] collision: TX slot collision detected between AA:BB:CC:00:00:03 and AA:BB:CC:00:00:00 (time delta: 0.00 ms)
2026/07/26 09:23:50 [INFO] collision: TX slot collision detected between AA:BB:CC:00:00:03 and AA:BB:CC:00:00:01 (time delta: 0.00 ms)
2026/07/26 09:23:50 [INFO] collision: TX slot collision detected between AA:BB:CC:00:00:00 and AA:BB:CC:00:00:01 (time delta: 0.00 ms)
2026/07/26 09:23:50 [INFO] collision: TX slot collision detected between AA:BB:CC:00:00:00 and AA:BB:CC:00:00:01 (time delta: 0.00 ms)
2026/07/26 09:23:50 [INFO] collision: TX slot collision detected between AA:BB:CC:00:00:00 and AA:BB:CC:00:00:01 (time delta: 0.00 ms)
2026/07/26 09:23:50 [INFO] collision: TX slot collision detected between AA:BB:CC:00:00:01 and AA:BB:CC:00:00:00 (time delta: 0.00 ms)
2026/07/26 09:23:50 [INFO] collision: TX slot collision detected between AA:BB:CC:00:00:01 and AA:BB:CC:00:00:00 (time delta: 0.00 ms)
2026/07/26 09:23:50 [INFO] collision: TX slot collision detected between AA:BB:CC:00:00:03 and AA:BB:CC:00:00:01 (time delta: 0.00 ms)
2026/07/26 09:23:50 [INFO] collision: TX slot collision detected between AA:BB:CC:00:00:03 and AA:BB:CC:00:00:00 (time delta: 0.00 ms)
2026/07/26 09:23:50 [INFO] collision: TX slot collision detected between AA:BB:CC:00:00:03 and AA:BB:CC:00:00:01 (time delta: 0.00 ms)
2026/07/26 09:23:50 [INFO] collision: TX slot collision detected between AA:BB:CC:00:00:03 and AA:BB:CC:00:00:00 (time delta: 0.00 ms)
2026/07/26 09:23:50 [INFO] collision: TX slot collision detected between AA:BB:CC:00:00:03 and AA:BB:CC:00:00:01 (time delta: 0.00 ms)
2026/07/26 09:23:50 [INFO] collision: TX slot collision detected between AA:BB:CC:00:00:03 and AA:BB:CC:00:00:00 (time delta: 0.00 ms)
2026/07/26 09:23:50 [INFO] collision: TX slot collision detected between AA:BB:CC:00:00:03 and AA:BB:CC:00:00:01 (time delta: 0.00 ms)
2026/07/26 09:23:50 [INFO] collision: TX slot collision detected between AA:BB:CC:00:00:00 and AA:BB:CC:00:00:01 (time delta: 0.00 ms)
2026/07/26 09:23:50 [INFO] collision: TX slot collision detected between AA:BB:CC:00:00:00 and AA:BB:CC:00:00:03 (time delta: 0.00 ms)
2026/07/26 09:23:50 [INFO] collision: TX slot collision detected between AA:BB:CC:00:00:00 and AA:BB:CC:00:00:01 (time delta: 0.00 ms)
2026/07/26 09:23:50 [INFO] collision: TX slot collision detected between AA:BB:CC:00:00:00 and AA:BB:CC:00:00:03 (time delta: 0.00 ms)
2026/07/26 09:23:50 [INFO] collision: TX slot collision detected between AA:BB:CC:00:00:01 and AA:BB:CC:00:00:00 (time delta: 0.00 ms)
2026/07/26 09:23:50 [INFO] collision: TX slot collision detected between AA:BB:CC:00:00:01 and AA:BB:CC:00:00:03 (time delta: 0.00 ms)
2026/07/26 09:23:50 [INFO] collision: TX slot collision detected between AA:BB:CC:00:00:03 and AA:BB:CC:00:00:01 (time delta: 0.00 ms)
2026/07/26 09:23:50 [INFO] collision: TX slot collision detected between AA:BB:CC:00:00:03 and AA:BB:CC:00:00:00 (time delta: 0.00 ms)
2026/07/26 09:23:50 [INFO] collision: TX slot collision detected between AA:BB:CC:00:00:03 and AA:BB:CC:00:00:01 (time delta: 0.00 ms)
2026/07/26 09:23:50 [INFO] collision: TX slot collision detected between AA:BB:CC:00:00:03 and AA:BB:CC:00:00:00 (time delta: 0.00 ms)
2026/07/26 09:23:50 [INFO] collision: TX slot collision detected between AA:BB:CC:00:00:00 and AA:BB:CC:00:00:01 (time delta: 0.00 ms)
2026/07/26 09:23:50 [INFO] collision: TX slot collision detected between AA:BB:CC:00:00:00 and AA:BB:CC:00:00:03 (time delta: 0.00 ms)
2026/07/26 09:23:50 [INFO] collision: TX slot collision detected between AA:BB:CC:00:00:01 and AA:BB:CC:00:00:00 (time delta: 0.00 ms)
2026/07/26 09:23:50 [INFO] collision: TX slot collision detected between AA:BB:CC:00:00:01 and AA:BB:CC:00:00:03 (time delta: 0.00 ms)
2026/07/26 09:23:50 [INFO] collision: TX slot collision detected between AA:BB:CC:00:00:01 and AA:BB:CC:00:00:00 (time delta: 0.00 ms)
2026/07/26 09:23:50 [INFO] collision: TX slot collision detected between AA:BB:CC:00:00:00 and AA:BB:CC:00:00:01 (time delta: 0.00 ms)
2026/07/26 09:23:50 [INFO] collision: TX slot collision detected between AA:BB:CC:00:00:01 and AA:BB:CC:00:00:00 (time delta: 0.00 ms)
2026/07/26 09:23:50 [INFO] collision: TX slot collision detected between AA:BB:CC:00:00:03 and AA:BB:CC:00:00:01 (time delta: 0.00 ms)
2026/07/26 09:23:50 [INFO] collision: TX slot collision detected between AA:BB:CC:00:00:03 and AA:BB:CC:00:00:00 (time delta: 0.00 ms)
2026/07/26 09:23:50 [INFO] collision: TX slot collision detected between AA:BB:CC:00:00:00 and AA:BB:CC:00:00:03 (time delta: 0.00 ms)
2026/07/26 09:23:50 [INFO] collision: TX slot collision detected between AA:BB:CC:00:00:00 and AA:BB:CC:00:00:01 (time delta: 0.00 ms)
2026/07/26 09:23:50 [INFO] collision: TX slot collision detected between AA:BB:CC:00:00:03 and AA:BB:CC:00:00:01 (time delta: 0.00 ms)
2026/07/26 09:23:50 [INFO] collision: TX slot collision detected between AA:BB:CC:00:00:03 and AA:BB:CC:00:00:00 (time delta: 0.00 ms)
2026/07/26 09:23:50 [INFO] collision: TX slot collision detected between AA:BB:CC:00:00:01 and AA:BB:CC:00:00:00 (time delta: 0.00 ms)
2026/07/26 09:23:50 [INFO] collision: TX slot collision detected between AA:BB:CC:00:00:01 and AA:BB:CC:00:00:03 (time delta: 0.00 ms)
2026/07/26 09:23:50 [INFO] collision: TX slot collision detected between AA:BB:CC:00:00:03 and AA:BB:CC:00:00:00 (time delta: 0.00 ms)
2026/07/26 09:23:50 [INFO] collision: TX slot collision detected between AA:BB:CC:00:00:03 and AA:BB:CC:00:00:01 (time delta: 0.00 ms)
2026/07/26 09:23:50 [INFO] collision: TX slot collision detected between AA:BB:CC:00:00:03 and AA:BB:CC:00:00:01 (time delta: 0.00 ms)
2026/07/26 09:23:50 [INFO] collision: TX slot collision detected between AA:BB:CC:00:00:00 and AA:BB:CC:00:00:01 (time delta: 0.00 ms)
2026/07/26 09:23:50 [INFO] collision: TX slot collision detected between AA:BB:CC:00:00:00 and AA:BB:CC:00:00:03 (time delta: 0.00 ms)
2026/07/26 09:23:50 [INFO] collision: TX slot collision detected between AA:BB:CC:00:00:01 and AA:BB:CC:00:00:00 (time delta: 0.00 ms)
2026/07/26 09:23:50 [INFO] collision: TX slot collision detected between AA:BB:CC:00:00:01 and AA:BB:CC:00:00:03 (time delta: 0.00 ms)
2026/07/26 09:23:50 [INFO] collision: TX slot collision detected between AA:BB:CC:00:00:00 and AA:BB:CC:00:00:01 (time delta: 0.00 ms)
2026/07/26 09:23:50 [INFO] collision: TX slot collision detected between AA:BB:CC:00:00:00 and AA:BB:CC:00:00:03 (time delta: 0.00 ms)
2026/07/26 09:23:50 [INFO] collision: TX slot collision detected between AA:BB:CC:00:00:01 and AA:BB:CC:00:00:00 (time delta: 0.00 ms)
2026/07/26 09:23:50 [INFO] collision: TX slot collision detected between AA:BB:CC:00:00:01 and AA:BB:CC:00:00:03 (time delta: 0.00 ms)
2026/07/26 09:23:50 [INFO] collision: TX slot collision detected between AA:BB:CC:00:00:00 and AA:BB:CC:00:00:03 (time delta: 0.00 ms)
2026/07/26 09:23:50 [INFO] collision: TX slot collision detected between AA:BB:CC:00:00:00 and AA:BB:CC:00:00:01 (time delta: 0.00 ms)
2026/07/26 09:23:50 [INFO] collision: TX slot collision detected between AA:BB:CC:00:00:03 and AA:BB:CC:00:00:01 (time delta: 0.00 ms)
2026/07/26 09:23:50 [INFO] collision: TX slot collision detected between AA:BB:CC:00:00:03 and AA:BB:CC:00:00:00 (time delta: 0.00 ms)
2026/07/26 09:23:50 [INFO] collision: TX slot collision detected between AA:BB:CC:00:00:03 and AA:BB:CC:00:00:01 (time delta: 0.00 ms)
2026/07/26 09:23:50 [INFO] collision: TX slot collision detected between AA:BB:CC:00:00:03 and AA:BB:CC:00:00:00 (time delta: 0.00 ms)
2026/07/26 09:23:51 "GET http://localhost:8088/ws/dashboard HTTP/1.1" from 127.0.0.1:55724 - 000 0B in 2.268015114s
2026/07/26 09:23:51 [INFO] Dashboard client disconnected (total: 0)
2026/07/26 09:23:51 [INFO] collision: TX slot collision detected between AA:BB:CC:00:00:03 and AA:BB:CC:00:00:01 (time delta: 0.00 ms)
2026/07/26 09:23:51 [INFO] collision: TX slot collision detected between AA:BB:CC:00:00:00 and AA:BB:CC:00:00:01 (time delta: 0.00 ms)
2026/07/26 09:23:51 [INFO] collision: TX slot collision detected between AA:BB:CC:00:00:00 and AA:BB:CC:00:00:03 (time delta: 0.00 ms)
2026/07/26 09:23:51 [INFO] collision: TX slot collision detected between AA:BB:CC:00:00:00 and AA:BB:CC:00:00:01 (time delta: 0.00 ms)
2026/07/26 09:23:51 [INFO] collision: TX slot collision detected between AA:BB:CC:00:00:00 and AA:BB:CC:00:00:03 (time delta: 0.00 ms)
2026/07/26 09:23:51 [INFO] collision: TX slot collision detected between AA:BB:CC:00:00:00 and AA:BB:CC:00:00:01 (time delta: 0.00 ms)
2026/07/26 09:23:51 [INFO] collision: TX slot collision detected between AA:BB:CC:00:00:00 and AA:BB:CC:00:00:03 (time delta: 0.00 ms)
2026/07/26 09:23:51 [INFO] collision: TX slot collision detected between AA:BB:CC:00:00:01 and AA:BB:CC:00:00:00 (time delta: 0.00 ms)
2026/07/26 09:23:51 [INFO] collision: TX slot collision detected between AA:BB:CC:00:00:01 and AA:BB:CC:00:00:03 (time delta: 0.00 ms)
2026/07/26 09:23:51 [INFO] collision: TX slot collision detected between AA:BB:CC:00:00:01 and AA:BB:CC:00:00:00 (time delta: 0.00 ms)
2026/07/26 09:23:51 [INFO] collision: TX slot collision detected between AA:BB:CC:00:00:01 and AA:BB:CC:00:00:03 (time delta: 0.00 ms)
2026/07/26 09:23:51 [INFO] collision: TX slot collision detected between AA:BB:CC:00:00:03 and AA:BB:CC:00:00:01 (time delta: 0.00 ms)
2026/07/26 09:23:51 [INFO] collision: TX slot collision detected between AA:BB:CC:00:00:03 and AA:BB:CC:00:00:00 (time delta: 0.00 ms)
2026/07/26 09:23:51 [INFO] collision: TX slot collision detected between AA:BB:CC:00:00:03 and AA:BB:CC:00:00:01 (time delta: 0.00 ms)
2026/07/26 09:23:51 [INFO] collision: TX slot collision detected between AA:BB:CC:00:00:03 and AA:BB:CC:00:00:00 (time delta: 0.00 ms)
2026/07/26 09:23:51 "GET http://localhost:8088/live HTTP/1.1" from 127.0.0.1:55732 - 200 155323B in 681.488µs
2026/07/26 09:23:51 "GET http://localhost:8088/css/tokens.css HTTP/1.1" from 127.0.0.1:55732 - 200 6863B in 89.242µs
2026/07/26 09:23:51 "GET http://localhost:8088/css/layout.css HTTP/1.1" from 127.0.0.1:55748 - 200 15088B in 339.705µs
2026/07/26 09:23:51 "GET http://localhost:8088/css/troubleshoot.css HTTP/1.1" from 127.0.0.1:55760 - 200 7978B in 297.682µs
2026/07/26 09:23:51 "GET http://localhost:8088/css/apdetection.css HTTP/1.1" from 127.0.0.1:55732 - 200 3773B in 65.801µs
2026/07/26 09:23:51 "GET http://localhost:8088/css/panels.css HTTP/1.1" from 127.0.0.1:55772 - 200 67228B in 268.69µs
2026/07/26 09:23:51 "GET http://localhost:8088/css/timeline.css HTTP/1.1" from 127.0.0.1:55788 - 200 38632B in 231.333µs
2026/07/26 09:23:51 "GET http://localhost:8088/css/notifications.css HTTP/1.1" from 127.0.0.1:55790 - 200 11610B in 225.714µs
2026/07/26 09:23:51 "GET http://localhost:8088/css/ble-panel.css HTTP/1.1" from 127.0.0.1:55748 - 200 8904B in 144.277µs
2026/07/26 09:23:51 "GET http://localhost:8088/css/security.css HTTP/1.1" from 127.0.0.1:55760 - 200 11395B in 137.355µs
2026/07/26 09:23:51 "GET http://localhost:8088/css/sleep.css HTTP/1.1" from 127.0.0.1:55788 - 200 7454B in 100.299µs
2026/07/26 09:23:51 "GET http://localhost:8088/css/anomaly.css HTTP/1.1" from 127.0.0.1:55732 - 200 23325B in 175.482µs
2026/07/26 09:23:51 "GET http://localhost:8088/css/floorplan.css HTTP/1.1" from 127.0.0.1:55772 - 200 5270B in 169.148µs
2026/07/26 09:23:51 "GET http://localhost:8088/css/explainability.css HTTP/1.1" from 127.0.0.1:55790 - 200 7612B in 133.821µs
2026/07/26 09:23:51 "GET http://localhost:8088/css/replay.css HTTP/1.1" from 127.0.0.1:55760 - 200 10106B in 168.917µs
2026/07/26 09:23:51 [INFO] collision: TX slot collision detected between AA:BB:CC:00:00:03 and AA:BB:CC:00:00:01 (time delta: 0.00 ms)
2026/07/26 09:23:51 "GET http://localhost:8088/css/scene.css HTTP/1.1" from 127.0.0.1:55748 - 200 8675B in 192.035µs
2026/07/26 09:23:51 [INFO] collision: TX slot collision detected between AA:BB:CC:00:00:00 and AA:BB:CC:00:00:01 (time delta: 0.00 ms)
2026/07/26 09:23:51 [INFO] collision: TX slot collision detected between AA:BB:CC:00:00:00 and AA:BB:CC:00:00:03 (time delta: 0.00 ms)
2026/07/26 09:23:51 [INFO] collision: TX slot collision detected between AA:BB:CC:00:00:00 and AA:BB:CC:00:00:01 (time delta: 0.00 ms)
2026/07/26 09:23:51 [INFO] collision: TX slot collision detected between AA:BB:CC:00:00:00 and AA:BB:CC:00:00:03 (time delta: 0.00 ms)
2026/07/26 09:23:51 [INFO] collision: TX slot collision detected between AA:BB:CC:00:00:00 and AA:BB:CC:00:00:01 (time delta: 0.00 ms)
2026/07/26 09:23:51 [INFO] collision: TX slot collision detected between AA:BB:CC:00:00:00 and AA:BB:CC:00:00:03 (time delta: 0.00 ms)
2026/07/26 09:23:51 [INFO] collision: TX slot collision detected between AA:BB:CC:00:00:01 and AA:BB:CC:00:00:00 (time delta: 0.00 ms)
2026/07/26 09:23:51 [INFO] collision: TX slot collision detected between AA:BB:CC:00:00:01 and AA:BB:CC:00:00:03 (time delta: 0.00 ms)
2026/07/26 09:23:51 [INFO] collision: TX slot collision detected between AA:BB:CC:00:00:01 and AA:BB:CC:00:00:03 (time delta: 0.00 ms)
2026/07/26 09:23:51 [INFO] collision: TX slot collision detected between AA:BB:CC:00:00:01 and AA:BB:CC:00:00:00 (time delta: 0.00 ms)
2026/07/26 09:23:51 [INFO] collision: TX slot collision detected between AA:BB:CC:00:00:03 and AA:BB:CC:00:00:01 (time delta: 0.00 ms)
2026/07/26 09:23:51 [INFO] collision: TX slot collision detected between AA:BB:CC:00:00:03 and AA:BB:CC:00:00:00 (time delta: 0.00 ms)
2026/07/26 09:23:51 [INFO] collision: TX slot collision detected between AA:BB:CC:00:00:03 and AA:BB:CC:00:00:01 (time delta: 0.00 ms)
2026/07/26 09:23:51 [INFO] collision: TX slot collision detected between AA:BB:CC:00:00:03 and AA:BB:CC:00:00:00 (time delta: 0.00 ms)
2026/07/26 09:23:51 "GET http://localhost:8088/css/ambient.css HTTP/1.1" from 127.0.0.1:55788 - 200 13018B in 102.934µs
2026/07/26 09:23:51 "GET http://localhost:8088/css/command-palette.css HTTP/1.1" from 127.0.0.1:55732 - 200 5240B in 184.09µs
2026/07/26 09:23:51 "GET http://localhost:8088/css/quick-actions.css HTTP/1.1" from 127.0.0.1:55790 - 200 6452B in 110.881µs
2026/07/26 09:23:51 "GET http://localhost:8088/css/guided-help.css HTTP/1.1" from 127.0.0.1:55772 - 200 6306B in 210.502µs
2026/07/26 09:23:51 "GET http://localhost:8088/css/briefing.css HTTP/1.1" from 127.0.0.1:55760 - 200 5890B in 273.417µs
2026/07/26 09:23:51 "GET http://localhost:8088/css/simulator.css HTTP/1.1" from 127.0.0.1:55748 - 200 15695B in 315.925µs
2026/07/26 09:23:51 "GET http://localhost:8088/static/css/mobile.css HTTP/1.1" from 127.0.0.1:55732 - 200 10293B in 336.175µs
2026/07/26 09:23:51 "GET http://localhost:8088/js/crowdflow.js HTTP/1.1" from 127.0.0.1:55790 - 200 10188B in 106.843µs
2026/07/26 09:23:51 "GET http://localhost:8088/js/viz3d.js HTTP/1.1" from 127.0.0.1:55788 - 200 151221B in 172.946µs
2026/07/26 09:23:51 "GET http://localhost:8088/js/portal.js HTTP/1.1" from 127.0.0.1:55772 - 200 21332B in 172.535µs
2026/07/26 09:23:51 "GET http://localhost:8088/js/zone-editor.js HTTP/1.1" from 127.0.0.1:55760 - 200 20048B in 173.945µs
2026/07/26 09:23:51 "GET http://localhost:8088/js/fresnel.js HTTP/1.1" from 127.0.0.1:55748 - 200 13155B in 177.803µs
2026/07/26 09:23:51 "GET http://localhost:8088/js/layers.js HTTP/1.1" from 127.0.0.1:55732 - 200 4613B in 138.432µs
2026/07/26 09:23:51 "GET http://localhost:8088/js/placement.js HTTP/1.1" from 127.0.0.1:55790 - 200 22461B in 193.184µs
2026/07/26 09:23:51 "GET http://localhost:8088/js/panels.js HTTP/1.1" from 127.0.0.1:55760 - 200 20400B in 218.258µs
2026/07/26 09:23:51 "GET http://localhost:8088/js/state.js HTTP/1.1" from 127.0.0.1:55772 - 200 13367B in 205.908µs
2026/07/26 09:23:51 "GET http://localhost:8088/js/router.js HTTP/1.1" from 127.0.0.1:55748 - 200 5533B in 225.376µs
2026/07/26 09:23:51 "GET http://localhost:8088/js/settings-panel.js HTTP/1.1" from 127.0.0.1:55732 - 200 45426B in 172.439µs
2026/07/26 09:23:51 "GET http://localhost:8088/js/proactive.js HTTP/1.1" from 127.0.0.1:55788 - 200 84357B in 196.726µs
2026/07/26 09:23:51 "GET http://localhost:8088/js/ble-panel.js HTTP/1.1" from 127.0.0.1:55790 - 200 36138B in 143.009µs
2026/07/26 09:23:51 "GET http://localhost:8088/js/troubleshoot.js HTTP/1.1" from 127.0.0.1:55760 - 200 33300B in 172.636µs
2026/07/26 09:23:51 "GET http://localhost:8088/js/tooltips.js HTTP/1.1" from 127.0.0.1:55772 - 200 13786B in 167.281µs
2026/07/26 09:23:51 "GET http://localhost:8088/js/websocket.js HTTP/1.1" from 127.0.0.1:55748 - 200 16036B in 160.945µs
2026/07/26 09:23:51 "GET http://localhost:8088/js/floorplan-setup.js HTTP/1.1" from 127.0.0.1:55732 - 200 19296B in 181.893µs
2026/07/26 09:23:51 "GET http://localhost:8088/js/fxaa.js HTTP/1.1" from 127.0.0.1:55788 - 200 4905B in 149.007µs
2026/07/26 09:23:51 "GET http://localhost:8088/js/app.js HTTP/1.1" from 127.0.0.1:55790 - 200 102823B in 170.854µs
2026/07/26 09:23:51 "GET http://localhost:8088/js/onboard.js HTTP/1.1" from 127.0.0.1:55760 - 200 77883B in 133.354µs
2026/07/26 09:23:51 "GET http://localhost:8088/js/ota.js HTTP/1.1" from 127.0.0.1:55772 - 200 14456B in 133.982µs
2026/07/26 09:23:51 "GET http://localhost:8088/js/linkhealth.js HTTP/1.1" from 127.0.0.1:55748 - 200 22641B in 146.752µs
2026/07/26 09:23:51 "GET http://localhost:8088/js/feedback.js HTTP/1.1" from 127.0.0.1:55732 - 200 40537B in 128.049µs
2026/07/26 09:23:51 "GET http://localhost:8088/js/accuracy.js HTTP/1.1" from 127.0.0.1:55788 - 200 37529B in 131.173µs
2026/07/26 09:23:51 "GET http://localhost:8088/js/fleet.js HTTP/1.1" from 127.0.0.1:55772 - 200 77235B in 157.804µs
2026/07/26 09:23:51 "GET http://localhost:8088/js/anomaly.js HTTP/1.1" from 127.0.0.1:55748 - 200 17453B in 106.608µs
2026/07/26 09:23:51 "GET http://localhost:8088/js/timeline.js HTTP/1.1" from 127.0.0.1:55790 - 200 45727B in 164.156µs
2026/07/26 09:23:51 "GET http://localhost:8088/js/sidebar-timeline.js HTTP/1.1" from 127.0.0.1:55760 - 200 48291B in 137.273µs
2026/07/26 09:23:51 "GET http://localhost:8088/js/security-panel.js HTTP/1.1" from 127.0.0.1:55732 - 200 34219B in 127.014µs
2026/07/26 09:23:51 "GET http://localhost:8088/js/explainability.js HTTP/1.1" from 127.0.0.1:55788 - 200 31766B in 140.941µs
2026/07/26 09:23:51 "GET http://localhost:8088/js/volume-editor.js HTTP/1.1" from 127.0.0.1:55748 - 200 20132B in 91.1µs
2026/07/26 09:23:51 "GET http://localhost:8088/js/automation-builder.js HTTP/1.1" from 127.0.0.1:55790 - 200 37295B in 92.424µs
2026/07/26 09:23:51 "GET http://localhost:8088/js/sleep.js HTTP/1.1" from 127.0.0.1:55760 - 200 21726B in 149.719µs
2026/07/26 09:23:51 "GET http://localhost:8088/js/diurnal-chart.js HTTP/1.1" from 127.0.0.1:55732 - 200 7727B in 69.85µs
2026/07/26 09:23:51 "GET http://localhost:8088/js/replay.js HTTP/1.1" from 127.0.0.1:55772 - 200 34968B in 61.11µs
2026/07/26 09:23:51 "GET http://localhost:8088/js/simulate.js HTTP/1.1" from 127.0.0.1:55788 - 200 39765B in 82.093µs
2026/07/26 09:23:51 "GET http://localhost:8088/js/ambient.js HTTP/1.1" from 127.0.0.1:55790 - 200 22525B in 69.474µs
2026/07/26 09:23:51 "GET http://localhost:8088/js/command-palette.js HTTP/1.1" from 127.0.0.1:55748 - 200 44726B in 71.205µs
2026/07/26 09:23:51 "GET http://localhost:8088/js/quick-actions.js HTTP/1.1" from 127.0.0.1:55760 - 200 63850B in 83.846µs
2026/07/26 09:23:51 "GET http://localhost:8088/js/guided-help.js HTTP/1.1" from 127.0.0.1:55732 - 200 18450B in 67.998µs
2026/07/26 09:23:51 "GET http://localhost:8088/js/briefing.js HTTP/1.1" from 127.0.0.1:55772 - 200 13192B in 101.035µs
2026/07/26 09:23:51 [INFO] collision: TX slot collision detected between AA:BB:CC:00:00:00 and AA:BB:CC:00:00:01 (time delta: 0.00 ms)
2026/07/26 09:23:51 [INFO] collision: TX slot collision detected between AA:BB:CC:00:00:00 and AA:BB:CC:00:00:01 (time delta: 0.00 ms)
2026/07/26 09:23:51 [INFO] collision: TX slot collision detected between AA:BB:CC:00:00:03 and AA:BB:CC:00:00:01 (time delta: 0.00 ms)
2026/07/26 09:23:51 [INFO] collision: TX slot collision detected between AA:BB:CC:00:00:03 and AA:BB:CC:00:00:00 (time delta: 0.00 ms)
2026/07/26 09:23:51 [INFO] collision: TX slot collision detected between AA:BB:CC:00:00:01 and AA:BB:CC:00:00:00 (time delta: 0.00 ms)
2026/07/26 09:23:51 [INFO] collision: TX slot collision detected between AA:BB:CC:00:00:01 and AA:BB:CC:00:00:03 (time delta: 0.00 ms)
2026/07/26 09:23:51 [INFO] collision: TX slot collision detected between AA:BB:CC:00:00:00 and AA:BB:CC:00:00:01 (time delta: 0.00 ms)
2026/07/26 09:23:51 [INFO] collision: TX slot collision detected between AA:BB:CC:00:00:00 and AA:BB:CC:00:00:03 (time delta: 0.00 ms)
2026/07/26 09:23:51 [INFO] collision: TX slot collision detected between AA:BB:CC:00:00:03 and AA:BB:CC:00:00:01 (time delta: 0.00 ms)
2026/07/26 09:23:51 [INFO] collision: TX slot collision detected between AA:BB:CC:00:00:03 and AA:BB:CC:00:00:00 (time delta: 0.00 ms)
2026/07/26 09:23:51 [INFO] collision: TX slot collision detected between AA:BB:CC:00:00:03 and AA:BB:CC:00:00:01 (time delta: 0.00 ms)
2026/07/26 09:23:51 [INFO] collision: TX slot collision detected between AA:BB:CC:00:00:03 and AA:BB:CC:00:00:00 (time delta: 0.00 ms)
2026/07/26 09:23:51 [INFO] collision: TX slot collision detected between AA:BB:CC:00:00:01 and AA:BB:CC:00:00:00 (time delta: 0.00 ms)
2026/07/26 09:23:51 [INFO] collision: TX slot collision detected between AA:BB:CC:00:00:01 and AA:BB:CC:00:00:03 (time delta: 0.00 ms)
2026/07/26 09:23:51 "GET http://localhost:8088/js/help.js HTTP/1.1" from 127.0.0.1:55788 - 200 19522B in 130.618µs
2026/07/26 09:23:51 "GET http://localhost:8088/static/js/mobile.js HTTP/1.1" from 127.0.0.1:55790 - 200 24795B in 461.038µs
2026/07/26 09:23:51 [INFO] collision: TX slot collision detected between AA:BB:CC:00:00:01 and AA:BB:CC:00:00:00 (time delta: 0.00 ms)
2026/07/26 09:23:51 [INFO] collision: TX slot collision detected between AA:BB:CC:00:00:03 and AA:BB:CC:00:00:01 (time delta: 0.00 ms)
2026/07/26 09:23:51 [INFO] collision: TX slot collision detected between AA:BB:CC:00:00:03 and AA:BB:CC:00:00:00 (time delta: 0.00 ms)
2026/07/26 09:23:51 [INFO] collision: TX slot collision detected between AA:BB:CC:00:00:01 and AA:BB:CC:00:00:00 (time delta: 0.00 ms)
2026/07/26 09:23:51 [INFO] collision: TX slot collision detected between AA:BB:CC:00:00:01 and AA:BB:CC:00:00:03 (time delta: 0.00 ms)
2026/07/26 09:23:51 [INFO] collision: TX slot collision detected between AA:BB:CC:00:00:01 and AA:BB:CC:00:00:00 (time delta: 0.00 ms)
2026/07/26 09:23:51 [INFO] collision: TX slot collision detected between AA:BB:CC:00:00:01 and AA:BB:CC:00:00:03 (time delta: 0.00 ms)
2026/07/26 09:23:51 [INFO] collision: TX slot collision detected between AA:BB:CC:00:00:03 and AA:BB:CC:00:00:00 (time delta: 0.00 ms)
2026/07/26 09:23:51 [INFO] collision: TX slot collision detected between AA:BB:CC:00:00:03 and AA:BB:CC:00:00:01 (time delta: 0.00 ms)
2026/07/26 09:23:51 [INFO] collision: TX slot collision detected between AA:BB:CC:00:00:03 and AA:BB:CC:00:00:01 (time delta: 0.00 ms)
2026/07/26 09:23:51 [INFO] collision: TX slot collision detected between AA:BB:CC:00:00:03 and AA:BB:CC:00:00:00 (time delta: 0.00 ms)
2026/07/26 09:23:51 [INFO] collision: TX slot collision detected between AA:BB:CC:00:00:00 and AA:BB:CC:00:00:01 (time delta: 0.00 ms)
2026/07/26 09:23:51 [INFO] collision: TX slot collision detected between AA:BB:CC:00:00:00 and AA:BB:CC:00:00:01 (time delta: 0.00 ms)
2026/07/26 09:23:51 [INFO] collision: TX slot collision detected between AA:BB:CC:00:00:03 and AA:BB:CC:00:00:01 (time delta: 0.00 ms)
2026/07/26 09:23:51 [INFO] collision: TX slot collision detected between AA:BB:CC:00:00:03 and AA:BB:CC:00:00:00 (time delta: 0.00 ms)
2026/07/26 09:23:51 [INFO] collision: TX slot collision detected between AA:BB:CC:00:00:01 and AA:BB:CC:00:00:00 (time delta: 0.00 ms)
2026/07/26 09:23:51 [INFO] collision: TX slot collision detected between AA:BB:CC:00:00:01 and AA:BB:CC:00:00:03 (time delta: 0.00 ms)
2026/07/26 09:23:51 [INFO] collision: TX slot collision detected between AA:BB:CC:00:00:00 and AA:BB:CC:00:00:01 (time delta: 0.00 ms)
2026/07/26 09:23:51 [INFO] collision: TX slot collision detected between AA:BB:CC:00:00:00 and AA:BB:CC:00:00:03 (time delta: 0.00 ms)
2026/07/26 09:23:51 [INFO] collision: TX slot collision detected between AA:BB:CC:00:00:01 and AA:BB:CC:00:00:00 (time delta: 0.00 ms)
2026/07/26 09:23:51 [INFO] collision: TX slot collision detected between AA:BB:CC:00:00:01 and AA:BB:CC:00:00:03 (time delta: 0.00 ms)
2026/07/26 09:23:51 [INFO] collision: TX slot collision detected between AA:BB:CC:00:00:03 and AA:BB:CC:00:00:01 (time delta: 0.00 ms)
2026/07/26 09:23:51 [INFO] collision: TX slot collision detected between AA:BB:CC:00:00:03 and AA:BB:CC:00:00:00 (time delta: 0.00 ms)
2026/07/26 09:23:51 [INFO] collision: TX slot collision detected between AA:BB:CC:00:00:03 and AA:BB:CC:00:00:01 (time delta: 0.00 ms)
2026/07/26 09:23:51 [INFO] collision: TX slot collision detected between AA:BB:CC:00:00:03 and AA:BB:CC:00:00:00 (time delta: 0.00 ms)
2026/07/26 09:23:51 [INFO] collision: TX slot collision detected between AA:BB:CC:00:00:00 and AA:BB:CC:00:00:01 (time delta: 0.00 ms)
2026/07/26 09:23:51 [INFO] collision: TX slot collision detected between AA:BB:CC:00:00:00 and AA:BB:CC:00:00:01 (time delta: 0.00 ms)
2026/07/26 09:23:51 [INFO] collision: TX slot collision detected between AA:BB:CC:00:00:00 and AA:BB:CC:00:00:01 (time delta: 0.00 ms)
2026/07/26 09:23:51 [INFO] collision: TX slot collision detected between AA:BB:CC:00:00:03 and AA:BB:CC:00:00:01 (time delta: 0.00 ms)
2026/07/26 09:23:51 [INFO] collision: TX slot collision detected between AA:BB:CC:00:00:03 and AA:BB:CC:00:00:00 (time delta: 0.00 ms)
2026/07/26 09:23:51 [INFO] collision: TX slot collision detected between AA:BB:CC:00:00:01 and AA:BB:CC:00:00:00 (time delta: 0.00 ms)
2026/07/26 09:23:51 [INFO] collision: TX slot collision detected between AA:BB:CC:00:00:01 and AA:BB:CC:00:00:03 (time delta: 0.00 ms)
2026/07/26 09:23:51 [INFO] collision: TX slot collision detected between AA:BB:CC:00:00:01 and AA:BB:CC:00:00:00 (time delta: 0.00 ms)
2026/07/26 09:23:51 [INFO] collision: TX slot collision detected between AA:BB:CC:00:00:01 and AA:BB:CC:00:00:03 (time delta: 0.00 ms)
2026/07/26 09:23:51 [INFO] collision: TX slot collision detected between AA:BB:CC:00:00:03 and AA:BB:CC:00:00:01 (time delta: 0.00 ms)
2026/07/26 09:23:51 [INFO] collision: TX slot collision detected between AA:BB:CC:00:00:03 and AA:BB:CC:00:00:00 (time delta: 0.00 ms)
2026/07/26 09:23:51 [INFO] collision: TX slot collision detected between AA:BB:CC:00:00:03 and AA:BB:CC:00:00:01 (time delta: 0.00 ms)
2026/07/26 09:23:51 [INFO] collision: TX slot collision detected between AA:BB:CC:00:00:03 and AA:BB:CC:00:00:00 (time delta: 0.00 ms)
2026/07/26 09:23:51 [INFO] collision: TX slot collision detected between AA:BB:CC:00:00:03 and AA:BB:CC:00:00:01 (time delta: 0.00 ms)
2026/07/26 09:23:51 [INFO] collision: TX slot collision detected between AA:BB:CC:00:00:00 and AA:BB:CC:00:00:01 (time delta: 0.00 ms)
2026/07/26 09:23:51 [INFO] collision: TX slot collision detected between AA:BB:CC:00:00:00 and AA:BB:CC:00:00:03 (time delta: 0.00 ms)
2026/07/26 09:23:51 [INFO] collision: TX slot collision detected between AA:BB:CC:00:00:00 and AA:BB:CC:00:00:01 (time delta: 0.00 ms)
2026/07/26 09:23:51 [INFO] collision: TX slot collision detected between AA:BB:CC:00:00:00 and AA:BB:CC:00:00:03 (time delta: 0.00 ms)
2026/07/26 09:23:51 [INFO] collision: TX slot collision detected between AA:BB:CC:00:00:01 and AA:BB:CC:00:00:03 (time delta: 0.00 ms)
2026/07/26 09:23:51 [INFO] collision: TX slot collision detected between AA:BB:CC:00:00:01 and AA:BB:CC:00:00:00 (time delta: 0.00 ms)
2026/07/26 09:23:51 [INFO] collision: TX slot collision detected between AA:BB:CC:00:00:00 and AA:BB:CC:00:00:01 (time delta: 0.00 ms)
2026/07/26 09:23:51 [INFO] collision: TX slot collision detected between AA:BB:CC:00:00:00 and AA:BB:CC:00:00:03 (time delta: 0.00 ms)
2026/07/26 09:23:51 [INFO] collision: TX slot collision detected between AA:BB:CC:00:00:03 and AA:BB:CC:00:00:00 (time delta: 0.00 ms)
2026/07/26 09:23:51 [INFO] collision: TX slot collision detected between AA:BB:CC:00:00:03 and AA:BB:CC:00:00:01 (time delta: 0.00 ms)
2026/07/26 09:23:51 [INFO] collision: TX slot collision detected between AA:BB:CC:00:00:01 and AA:BB:CC:00:00:03 (time delta: 0.00 ms)
2026/07/26 09:23:51 [INFO] collision: TX slot collision detected between AA:BB:CC:00:00:01 and AA:BB:CC:00:00:00 (time delta: 0.00 ms)
2026/07/26 09:23:51 [INFO] collision: TX slot collision detected between AA:BB:CC:00:00:03 and AA:BB:CC:00:00:01 (time delta: 0.00 ms)
2026/07/26 09:23:51 [INFO] collision: TX slot collision detected between AA:BB:CC:00:00:03 and AA:BB:CC:00:00:00 (time delta: 0.00 ms)
2026/07/26 09:23:51 [INFO] collision: TX slot collision detected between AA:BB:CC:00:00:00 and AA:BB:CC:00:00:01 (time delta: 0.00 ms)
2026/07/26 09:23:51 [INFO] collision: TX slot collision detected between AA:BB:CC:00:00:00 and AA:BB:CC:00:00:01 (time delta: 0.00 ms)
2026/07/26 09:23:51 [INFO] collision: TX slot collision detected between AA:BB:CC:00:00:01 and AA:BB:CC:00:00:00 (time delta: 0.00 ms)
2026/07/26 09:23:51 [INFO] collision: TX slot collision detected between AA:BB:CC:00:00:03 and AA:BB:CC:00:00:01 (time delta: 0.00 ms)
2026/07/26 09:23:51 [INFO] collision: TX slot collision detected between AA:BB:CC:00:00:03 and AA:BB:CC:00:00:00 (time delta: 0.00 ms)
2026/07/26 09:23:51 [INFO] collision: TX slot collision detected between AA:BB:CC:00:00:00 and AA:BB:CC:00:00:01 (time delta: 0.00 ms)
2026/07/26 09:23:51 [INFO] collision: TX slot collision detected between AA:BB:CC:00:00:00 and AA:BB:CC:00:00:03 (time delta: 0.00 ms)
2026/07/26 09:23:51 [INFO] collision: TX slot collision detected between AA:BB:CC:00:00:03 and AA:BB:CC:00:00:01 (time delta: 0.00 ms)
2026/07/26 09:23:51 [INFO] collision: TX slot collision detected between AA:BB:CC:00:00:03 and AA:BB:CC:00:00:00 (time delta: 0.00 ms)
2026/07/26 09:23:51 [INFO] collision: TX slot collision detected between AA:BB:CC:00:00:01 and AA:BB:CC:00:00:00 (time delta: 0.00 ms)
2026/07/26 09:23:51 [INFO] collision: TX slot collision detected between AA:BB:CC:00:00:01 and AA:BB:CC:00:00:03 (time delta: 0.00 ms)
2026/07/26 09:23:51 [INFO] collision: TX slot collision detected between AA:BB:CC:00:00:03 and AA:BB:CC:00:00:01 (time delta: 0.00 ms)
2026/07/26 09:23:51 [INFO] collision: TX slot collision detected between AA:BB:CC:00:00:03 and AA:BB:CC:00:00:00 (time delta: 0.00 ms)
2026/07/26 09:23:51 "GET http://localhost:8088/api/ble/devices?hours=24 HTTP/1.1" from 127.0.0.1:55790 - 200 137B in 330.384µs
2026/07/26 09:23:51 "GET http://localhost:8088/api/people HTTP/1.1" from 127.0.0.1:55788 - 200 3B in 397.594µs
2026/07/26 09:23:51 [INFO] collision: TX slot collision detected between AA:BB:CC:00:00:00 and AA:BB:CC:00:00:01 (time delta: 0.00 ms)
2026/07/26 09:23:51 [INFO] collision: TX slot collision detected between AA:BB:CC:00:00:00 and AA:BB:CC:00:00:01 (time delta: 0.00 ms)
2026/07/26 09:23:51 [INFO] collision: TX slot collision detected between AA:BB:CC:00:00:03 and AA:BB:CC:00:00:01 (time delta: 0.00 ms)
2026/07/26 09:23:51 [INFO] collision: TX slot collision detected between AA:BB:CC:00:00:03 and AA:BB:CC:00:00:00 (time delta: 0.00 ms)
2026/07/26 09:23:51 [INFO] collision: TX slot collision detected between AA:BB:CC:00:00:03 and AA:BB:CC:00:00:01 (time delta: 0.00 ms)
2026/07/26 09:23:51 [INFO] collision: TX slot collision detected between AA:BB:CC:00:00:03 and AA:BB:CC:00:00:00 (time delta: 0.00 ms)
2026/07/26 09:23:51 [INFO] collision: TX slot collision detected between AA:BB:CC:00:00:01 and AA:BB:CC:00:00:03 (time delta: 0.00 ms)
2026/07/26 09:23:51 [INFO] collision: TX slot collision detected between AA:BB:CC:00:00:01 and AA:BB:CC:00:00:00 (time delta: 0.00 ms)
2026/07/26 09:23:51 [INFO] collision: TX slot collision detected between AA:BB:CC:00:00:00 and AA:BB:CC:00:00:01 (time delta: 0.00 ms)
2026/07/26 09:23:51 [INFO] collision: TX slot collision detected between AA:BB:CC:00:00:00 and AA:BB:CC:00:00:03 (time delta: 0.00 ms)
2026/07/26 09:23:51 [INFO] collision: TX slot collision detected between AA:BB:CC:00:00:03 and AA:BB:CC:00:00:01 (time delta: 0.00 ms)
2026/07/26 09:23:51 [INFO] collision: TX slot collision detected between AA:BB:CC:00:00:03 and AA:BB:CC:00:00:00 (time delta: 0.00 ms)
2026/07/26 09:23:51 [INFO] collision: TX slot collision detected between AA:BB:CC:00:00:01 and AA:BB:CC:00:00:00 (time delta: 0.00 ms)
2026/07/26 09:23:51 [INFO] collision: TX slot collision detected between AA:BB:CC:00:00:01 and AA:BB:CC:00:00:03 (time delta: 0.00 ms)
2026/07/26 09:23:51 "GET http://localhost:8088/api/settings HTTP/1.1" from 127.0.0.1:55788 - 200 547B in 39.319µs
2026/07/26 09:23:51 "GET http://localhost:8088/api/help/notifications HTTP/1.1" from 127.0.0.1:55790 - 200 23B in 128.327µs
2026/07/26 09:23:51 "GET http://localhost:8088/api/floorplan HTTP/1.1" from 127.0.0.1:55788 - 200 38B in 98.477µs
2026/07/26 09:23:51 [INFO] collision: TX slot collision detected between AA:BB:CC:00:00:00 and AA:BB:CC:00:00:01 (time delta: 0.00 ms)
2026/07/26 09:23:51 [INFO] collision: TX slot collision detected between AA:BB:CC:00:00:00 and AA:BB:CC:00:00:01 (time delta: 0.00 ms)
2026/07/26 09:23:51 [INFO] collision: TX slot collision detected between AA:BB:CC:00:00:01 and AA:BB:CC:00:00:00 (time delta: 0.00 ms)
2026/07/26 09:23:51 [INFO] collision: TX slot collision detected between AA:BB:CC:00:00:03 and AA:BB:CC:00:00:01 (time delta: 0.00 ms)
2026/07/26 09:23:51 [INFO] collision: TX slot collision detected between AA:BB:CC:00:00:03 and AA:BB:CC:00:00:00 (time delta: 0.00 ms)
2026/07/26 09:23:51 [INFO] collision: TX slot collision detected between AA:BB:CC:00:00:00 and AA:BB:CC:00:00:01 (time delta: 0.00 ms)
2026/07/26 09:23:51 [INFO] collision: TX slot collision detected between AA:BB:CC:00:00:00 and AA:BB:CC:00:00:03 (time delta: 0.00 ms)
2026/07/26 09:23:51 [INFO] collision: TX slot collision detected between AA:BB:CC:00:00:03 and AA:BB:CC:00:00:01 (time delta: 0.00 ms)
2026/07/26 09:23:51 [INFO] collision: TX slot collision detected between AA:BB:CC:00:00:03 and AA:BB:CC:00:00:00 (time delta: 0.00 ms)
2026/07/26 09:23:51 [INFO] collision: TX slot collision detected between AA:BB:CC:00:00:01 and AA:BB:CC:00:00:00 (time delta: 0.00 ms)
2026/07/26 09:23:51 [INFO] collision: TX slot collision detected between AA:BB:CC:00:00:01 and AA:BB:CC:00:00:03 (time delta: 0.00 ms)
2026/07/26 09:23:51 [INFO] collision: TX slot collision detected between AA:BB:CC:00:00:03 and AA:BB:CC:00:00:01 (time delta: 0.00 ms)
2026/07/26 09:23:51 [INFO] collision: TX slot collision detected between AA:BB:CC:00:00:03 and AA:BB:CC:00:00:00 (time delta: 0.00 ms)
2026/07/26 09:23:51 "GET http://localhost:8088/api/links HTTP/1.1" from 127.0.0.1:55788 - 200 3182B in 103.269µs
2026/07/26 09:23:51 "GET http://localhost:8088/api/diurnal/status HTTP/1.1" from 127.0.0.1:55790 - 200 2868B in 71.553µs
2026/07/26 09:23:51 "GET http://localhost:8088/undefined HTTP/1.1" from 127.0.0.1:55792 - 200 4404B in 507.916µs
2026/07/26 09:23:51 "GET http://localhost:8088/api/diagnostics HTTP/1.1" from 127.0.0.1:55790 - 200 3B in 46.101µs
2026/07/26 09:23:51 "GET http://localhost:8088/api/learning/accuracy HTTP/1.1" from 127.0.0.1:55790 - 200 167B in 208.207µs
2026/07/26 09:23:51 "GET http://localhost:8088/api/learning/accuracy/history?weeks=8 HTTP/1.1" from 127.0.0.1:55788 - 200 169B in 141.06µs
2026/07/26 09:23:51 "GET http://localhost:8088/api/accuracy/position HTTP/1.1" from 127.0.0.1:55748 - 200 101B in 146.138µs
2026/07/26 09:23:51 "GET http://localhost:8088/api/accuracy/position/history?weeks=8 HTTP/1.1" from 127.0.0.1:55790 - 200 5B in 72.072µs
2026/07/26 09:23:51 "GET http://localhost:8088/api/learning/accuracy/history?scope_type=zone&weeks=1 HTTP/1.1" from 127.0.0.1:55760 - 200 5B in 453.802µs
2026/07/26 09:23:51 "GET http://localhost:8088/api/learning/accuracy/improvement HTTP/1.1" from 127.0.0.1:55772 - 200 118B in 735.549µs
2026/07/26 09:23:51 "GET http://localhost:8088/api/learning/stats HTTP/1.1" from 127.0.0.1:55732 - 200 93B in 697.792µs
2026/07/26 09:23:51 "GET http://localhost:8088/api/fleet/health HTTP/1.1" from 127.0.0.1:55760 - 200 907B in 145.826µs
2026/07/26 09:23:51 "GET http://localhost:8088/api/fleet/history?limit=5 HTTP/1.1" from 127.0.0.1:55790 - 200 566B in 256.56µs
2026/07/26 09:23:51 "GET http://localhost:8088/api/zones HTTP/1.1" from 127.0.0.1:55760 - 200 3B in 26.513µs
2026/07/26 09:23:51 "GET http://localhost:8088/api/people HTTP/1.1" from 127.0.0.1:55790 - 200 3B in 61.574µs
2026/07/26 09:23:51 "GET http://localhost:8088/api/events?limit=100&types=presence_transition%2Cstationary_detected%2Cdetection%2Csleep_session_end%2Czone_entry%2Czone_exit%2Cportal_crossing%2Canomaly%2Canomaly_detected%2Csecurity_alert%2Cfall_alert HTTP/1.1" from 127.0.0.1:55732 - 400 49B in 38.302µs
2026/07/26 09:23:51 "GET http://localhost:8088/api/security/status HTTP/1.1" from 127.0.0.1:55760 - 200 116B in 107.289µs
2026/07/26 09:23:51 "GET http://localhost:8088/api/triggers HTTP/1.1" from 127.0.0.1:55790 - 200 3B in 51.961µs
2026/07/26 09:23:51 "GET http://localhost:8088/api/replay/sessions HTTP/1.1" from 127.0.0.1:55760 - 200 158B in 1.138585ms
2026/07/26 09:23:51 "GET http://localhost:8088/help_articles.json HTTP/1.1" from 127.0.0.1:55760 - 200 30054B in 456.575µs
2026/07/26 09:23:51 [INFO] collision: TX slot collision detected between AA:BB:CC:00:00:00 and AA:BB:CC:00:00:01 (time delta: 0.00 ms)
2026/07/26 09:23:51 [INFO] collision: TX slot collision detected between AA:BB:CC:00:00:00 and AA:BB:CC:00:00:01 (time delta: 0.00 ms)
2026/07/26 09:23:51 [INFO] collision: TX slot collision detected between AA:BB:CC:00:00:01 and AA:BB:CC:00:00:00 (time delta: 0.00 ms)
2026/07/26 09:23:51 [INFO] collision: TX slot collision detected between AA:BB:CC:00:00:00 and AA:BB:CC:00:00:01 (time delta: 0.00 ms)
2026/07/26 09:23:51 [INFO] collision: TX slot collision detected between AA:BB:CC:00:00:03 and AA:BB:CC:00:00:01 (time delta: 0.00 ms)
2026/07/26 09:23:51 [INFO] collision: TX slot collision detected between AA:BB:CC:00:00:03 and AA:BB:CC:00:00:00 (time delta: 0.00 ms)
2026/07/26 09:23:51 [INFO] collision: TX slot collision detected between AA:BB:CC:00:00:01 and AA:BB:CC:00:00:00 (time delta: 0.00 ms)
2026/07/26 09:23:51 [INFO] collision: TX slot collision detected between AA:BB:CC:00:00:01 and AA:BB:CC:00:00:03 (time delta: 0.00 ms)
2026/07/26 09:23:51 [INFO] collision: TX slot collision detected between AA:BB:CC:00:00:03 and AA:BB:CC:00:00:01 (time delta: 0.00 ms)
2026/07/26 09:23:51 [INFO] collision: TX slot collision detected between AA:BB:CC:00:00:03 and AA:BB:CC:00:00:00 (time delta: 0.00 ms)
2026/07/26 09:23:51 [INFO] collision: TX slot collision detected between AA:BB:CC:00:00:03 and AA:BB:CC:00:00:00 (time delta: 0.00 ms)
2026/07/26 09:23:51 [INFO] collision: TX slot collision detected between AA:BB:CC:00:00:03 and AA:BB:CC:00:00:01 (time delta: 0.00 ms)
2026/07/26 09:23:51 [INFO] collision: TX slot collision detected between AA:BB:CC:00:00:03 and AA:BB:CC:00:00:01 (time delta: 0.00 ms)
2026/07/26 09:23:51 [INFO] collision: TX slot collision detected between AA:BB:CC:00:00:00 and AA:BB:CC:00:00:03 (time delta: 0.00 ms)
2026/07/26 09:23:51 [INFO] collision: TX slot collision detected between AA:BB:CC:00:00:00 and AA:BB:CC:00:00:01 (time delta: 0.00 ms)
2026/07/26 09:23:51 [INFO] collision: TX slot collision detected between AA:BB:CC:00:00:01 and AA:BB:CC:00:00:00 (time delta: 0.00 ms)
2026/07/26 09:23:51 [INFO] collision: TX slot collision detected between AA:BB:CC:00:00:01 and AA:BB:CC:00:00:03 (time delta: 0.00 ms)
2026/07/26 09:23:51 [INFO] collision: TX slot collision detected between AA:BB:CC:00:00:00 and AA:BB:CC:00:00:03 (time delta: 0.00 ms)
2026/07/26 09:23:51 [INFO] collision: TX slot collision detected between AA:BB:CC:00:00:00 and AA:BB:CC:00:00:01 (time delta: 0.00 ms)
2026/07/26 09:23:51 [INFO] collision: TX slot collision detected between AA:BB:CC:00:00:01 and AA:BB:CC:00:00:00 (time delta: 0.00 ms)
2026/07/26 09:23:51 [INFO] collision: TX slot collision detected between AA:BB:CC:00:00:01 and AA:BB:CC:00:00:03 (time delta: 0.00 ms)
2026/07/26 09:23:51 [INFO] collision: TX slot collision detected between AA:BB:CC:00:00:03 and AA:BB:CC:00:00:01 (time delta: 0.00 ms)
2026/07/26 09:23:51 [INFO] collision: TX slot collision detected between AA:BB:CC:00:00:03 and AA:BB:CC:00:00:00 (time delta: 0.00 ms)
2026/07/26 09:23:51 [INFO] collision: TX slot collision detected between AA:BB:CC:00:00:00 and AA:BB:CC:00:00:01 (time delta: 0.00 ms)
2026/07/26 09:23:51 [INFO] collision: TX slot collision detected between AA:BB:CC:00:00:00 and AA:BB:CC:00:00:03 (time delta: 0.00 ms)
2026/07/26 09:23:51 [INFO] collision: TX slot collision detected between AA:BB:CC:00:00:03 and AA:BB:CC:00:00:01 (time delta: 0.00 ms)
2026/07/26 09:23:51 [INFO] collision: TX slot collision detected between AA:BB:CC:00:00:03 and AA:BB:CC:00:00:00 (time delta: 0.00 ms)
2026/07/26 09:23:51 [INFO] collision: TX slot collision detected between AA:BB:CC:00:00:03 and AA:BB:CC:00:00:01 (time delta: 0.00 ms)
2026/07/26 09:23:51 [INFO] collision: TX slot collision detected between AA:BB:CC:00:00:00 and AA:BB:CC:00:00:01 (time delta: 0.00 ms)
2026/07/26 09:23:51 [INFO] collision: TX slot collision detected between AA:BB:CC:00:00:00 and AA:BB:CC:00:00:03 (time delta: 0.00 ms)
2026/07/26 09:23:51 [INFO] collision: TX slot collision detected between AA:BB:CC:00:00:00 and AA:BB:CC:00:00:01 (time delta: 0.00 ms)
2026/07/26 09:23:51 [INFO] collision: TX slot collision detected between AA:BB:CC:00:00:00 and AA:BB:CC:00:00:03 (time delta: 0.00 ms)
2026/07/26 09:23:51 [INFO] collision: TX slot collision detected between AA:BB:CC:00:00:00 and AA:BB:CC:00:00:01 (time delta: 0.00 ms)
2026/07/26 09:23:51 [INFO] collision: TX slot collision detected between AA:BB:CC:00:00:00 and AA:BB:CC:00:00:03 (time delta: 0.00 ms)
2026/07/26 09:23:51 [INFO] collision: TX slot collision detected between AA:BB:CC:00:00:01 and AA:BB:CC:00:00:00 (time delta: 0.00 ms)
2026/07/26 09:23:51 [INFO] collision: TX slot collision detected between AA:BB:CC:00:00:01 and AA:BB:CC:00:00:03 (time delta: 0.00 ms)
2026/07/26 09:23:51 [INFO] collision: TX slot collision detected between AA:BB:CC:00:00:01 and AA:BB:CC:00:00:00 (time delta: 0.00 ms)
2026/07/26 09:23:51 [INFO] collision: TX slot collision detected between AA:BB:CC:00:00:01 and AA:BB:CC:00:00:03 (time delta: 0.00 ms)
2026/07/26 09:23:51 [INFO] collision: TX slot collision detected between AA:BB:CC:00:00:03 and AA:BB:CC:00:00:00 (time delta: 0.00 ms)
2026/07/26 09:23:51 [INFO] collision: TX slot collision detected between AA:BB:CC:00:00:03 and AA:BB:CC:00:00:01 (time delta: 0.00 ms)
2026/07/26 09:23:51 [INFO] collision: TX slot collision detected between AA:BB:CC:00:00:03 and AA:BB:CC:00:00:01 (time delta: 0.00 ms)
2026/07/26 09:23:51 [INFO] collision: TX slot collision detected between AA:BB:CC:00:00:03 and AA:BB:CC:00:00:00 (time delta: 0.00 ms)
2026/07/26 09:23:51 [INFO] collision: TX slot collision detected between AA:BB:CC:00:00:00 and AA:BB:CC:00:00:01 (time delta: 0.00 ms)
2026/07/26 09:23:51 [INFO] collision: TX slot collision detected between AA:BB:CC:00:00:00 and AA:BB:CC:00:00:01 (time delta: 0.00 ms)
2026/07/26 09:23:51 [INFO] collision: TX slot collision detected between AA:BB:CC:00:00:03 and AA:BB:CC:00:00:00 (time delta: 0.00 ms)
2026/07/26 09:23:51 [INFO] collision: TX slot collision detected between AA:BB:CC:00:00:03 and AA:BB:CC:00:00:01 (time delta: 0.00 ms)
2026/07/26 09:23:51 [INFO] collision: TX slot collision detected between AA:BB:CC:00:00:01 and AA:BB:CC:00:00:00 (time delta: 0.00 ms)
2026/07/26 09:23:51 [INFO] collision: TX slot collision detected between AA:BB:CC:00:00:01 and AA:BB:CC:00:00:03 (time delta: 0.00 ms)
2026/07/26 09:23:51 [INFO] collision: TX slot collision detected between AA:BB:CC:00:00:03 and AA:BB:CC:00:00:01 (time delta: 0.00 ms)
2026/07/26 09:23:51 [INFO] collision: TX slot collision detected between AA:BB:CC:00:00:03 and AA:BB:CC:00:00:00 (time delta: 0.00 ms)
2026/07/26 09:23:51 [INFO] collision: TX slot collision detected between AA:BB:CC:00:00:00 and AA:BB:CC:00:00:01 (time delta: 0.00 ms)
2026/07/26 09:23:51 [INFO] collision: TX slot collision detected between AA:BB:CC:00:00:00 and AA:BB:CC:00:00:03 (time delta: 0.00 ms)
2026/07/26 09:23:51 [INFO] collision: TX slot collision detected between AA:BB:CC:00:00:01 and AA:BB:CC:00:00:00 (time delta: 0.00 ms)
2026/07/26 09:23:51 [INFO] collision: TX slot collision detected between AA:BB:CC:00:00:01 and AA:BB:CC:00:00:03 (time delta: 0.00 ms)
2026/07/26 09:23:51 [INFO] collision: TX slot collision detected between AA:BB:CC:00:00:03 and AA:BB:CC:00:00:01 (time delta: 0.00 ms)
2026/07/26 09:23:51 [INFO] collision: TX slot collision detected between AA:BB:CC:00:00:03 and AA:BB:CC:00:00:00 (time delta: 0.00 ms)
2026/07/26 09:23:51 [INFO] collision: TX slot collision detected between AA:BB:CC:00:00:00 and AA:BB:CC:00:00:01 (time delta: 0.00 ms)
2026/07/26 09:23:51 [INFO] collision: TX slot collision detected between AA:BB:CC:00:00:00 and AA:BB:CC:00:00:01 (time delta: 0.00 ms)
2026/07/26 09:23:51 [INFO] collision: TX slot collision detected between AA:BB:CC:00:00:03 and AA:BB:CC:00:00:01 (time delta: 0.00 ms)
2026/07/26 09:23:51 [INFO] collision: TX slot collision detected between AA:BB:CC:00:00:03 and AA:BB:CC:00:00:00 (time delta: 0.00 ms)
2026/07/26 09:23:51 [INFO] collision: TX slot collision detected between AA:BB:CC:00:00:01 and AA:BB:CC:00:00:00 (time delta: 0.00 ms)
2026/07/26 09:23:51 [INFO] collision: TX slot collision detected between AA:BB:CC:00:00:01 and AA:BB:CC:00:00:03 (time delta: 0.00 ms)
2026/07/26 09:23:51 [INFO] collision: TX slot collision detected between AA:BB:CC:00:00:03 and AA:BB:CC:00:00:01 (time delta: 0.00 ms)
2026/07/26 09:23:51 [INFO] collision: TX slot collision detected between AA:BB:CC:00:00:03 and AA:BB:CC:00:00:00 (time delta: 0.00 ms)
2026/07/26 09:23:51 [INFO] collision: TX slot collision detected between AA:BB:CC:00:00:00 and AA:BB:CC:00:00:01 (time delta: 0.00 ms)
2026/07/26 09:23:51 [INFO] collision: TX slot collision detected between AA:BB:CC:00:00:00 and AA:BB:CC:00:00:03 (time delta: 0.00 ms)
2026/07/26 09:23:51 [INFO] collision: TX slot collision detected between AA:BB:CC:00:00:01 and AA:BB:CC:00:00:00 (time delta: 0.00 ms)
2026/07/26 09:23:51 [INFO] collision: TX slot collision detected between AA:BB:CC:00:00:01 and AA:BB:CC:00:00:03 (time delta: 0.00 ms)
2026/07/26 09:23:51 [INFO] collision: TX slot collision detected between AA:BB:CC:00:00:03 and AA:BB:CC:00:00:01 (time delta: 0.00 ms)
2026/07/26 09:23:51 [INFO] collision: TX slot collision detected between AA:BB:CC:00:00:03 and AA:BB:CC:00:00:00 (time delta: 0.00 ms)
2026/07/26 09:23:51 [INFO] collision: TX slot collision detected between AA:BB:CC:00:00:03 and AA:BB:CC:00:00:01 (time delta: 0.00 ms)
2026/07/26 09:23:51 [INFO] collision: TX slot collision detected between AA:BB:CC:00:00:00 and AA:BB:CC:00:00:03 (time delta: 0.00 ms)
2026/07/26 09:23:51 [INFO] collision: TX slot collision detected between AA:BB:CC:00:00:00 and AA:BB:CC:00:00:01 (time delta: 0.00 ms)
2026/07/26 09:23:51 [INFO] collision: TX slot collision detected between AA:BB:CC:00:00:00 and AA:BB:CC:00:00:01 (time delta: 0.00 ms)
2026/07/26 09:23:51 [INFO] collision: TX slot collision detected between AA:BB:CC:00:00:00 and AA:BB:CC:00:00:03 (time delta: 0.00 ms)
2026/07/26 09:23:51 [INFO] collision: TX slot collision detected between AA:BB:CC:00:00:00 and AA:BB:CC:00:00:01 (time delta: 0.00 ms)
2026/07/26 09:23:51 [INFO] collision: TX slot collision detected between AA:BB:CC:00:00:00 and AA:BB:CC:00:00:03 (time delta: 0.00 ms)
2026/07/26 09:23:51 [INFO] collision: TX slot collision detected between AA:BB:CC:00:00:01 and AA:BB:CC:00:00:03 (time delta: 0.00 ms)
2026/07/26 09:23:51 [INFO] collision: TX slot collision detected between AA:BB:CC:00:00:01 and AA:BB:CC:00:00:00 (time delta: 0.00 ms)
2026/07/26 09:23:51 [INFO] collision: TX slot collision detected between AA:BB:CC:00:00:01 and AA:BB:CC:00:00:00 (time delta: 0.00 ms)
2026/07/26 09:23:51 [INFO] collision: TX slot collision detected between AA:BB:CC:00:00:01 and AA:BB:CC:00:00:03 (time delta: 0.00 ms)
2026/07/26 09:23:51 [INFO] collision: TX slot collision detected between AA:BB:CC:00:00:03 and AA:BB:CC:00:00:01 (time delta: 0.00 ms)
2026/07/26 09:23:51 [INFO] collision: TX slot collision detected between AA:BB:CC:00:00:03 and AA:BB:CC:00:00:00 (time delta: 0.00 ms)
2026/07/26 09:23:51 [INFO] collision: TX slot collision detected between AA:BB:CC:00:00:03 and AA:BB:CC:00:00:01 (time delta: 0.00 ms)
2026/07/26 09:23:51 [INFO] collision: TX slot collision detected between AA:BB:CC:00:00:03 and AA:BB:CC:00:00:00 (time delta: 0.00 ms)
2026/07/26 09:23:51 [INFO] collision: TX slot collision detected between AA:BB:CC:00:00:00 and AA:BB:CC:00:00:01 (time delta: 0.00 ms)
2026/07/26 09:23:51 [INFO] collision: TX slot collision detected between AA:BB:CC:00:00:03 and AA:BB:CC:00:00:01 (time delta: 0.00 ms)
2026/07/26 09:23:51 [INFO] collision: TX slot collision detected between AA:BB:CC:00:00:03 and AA:BB:CC:00:00:00 (time delta: 0.00 ms)
2026/07/26 09:23:51 [INFO] collision: TX slot collision detected between AA:BB:CC:00:00:00 and AA:BB:CC:00:00:01 (time delta: 0.00 ms)
2026/07/26 09:23:51 [INFO] collision: TX slot collision detected between AA:BB:CC:00:00:00 and AA:BB:CC:00:00:03 (time delta: 0.00 ms)
2026/07/26 09:23:51 [INFO] collision: TX slot collision detected between AA:BB:CC:00:00:00 and AA:BB:CC:00:00:01 (time delta: 0.00 ms)
2026/07/26 09:23:51 [INFO] collision: TX slot collision detected between AA:BB:CC:00:00:00 and AA:BB:CC:00:00:03 (time delta: 0.00 ms)
2026/07/26 09:23:51 [INFO] collision: TX slot collision detected between AA:BB:CC:00:00:01 and AA:BB:CC:00:00:00 (time delta: 0.00 ms)
2026/07/26 09:23:51 [INFO] collision: TX slot collision detected between AA:BB:CC:00:00:01 and AA:BB:CC:00:00:03 (time delta: 0.00 ms)
2026/07/26 09:23:51 [INFO] collision: TX slot collision detected between AA:BB:CC:00:00:01 and AA:BB:CC:00:00:00 (time delta: 0.00 ms)
2026/07/26 09:23:51 [INFO] collision: TX slot collision detected between AA:BB:CC:00:00:01 and AA:BB:CC:00:00:03 (time delta: 0.00 ms)
2026/07/26 09:23:51 [INFO] collision: TX slot collision detected between AA:BB:CC:00:00:03 and AA:BB:CC:00:00:01 (time delta: 0.00 ms)
2026/07/26 09:23:51 [INFO] collision: TX slot collision detected between AA:BB:CC:00:00:03 and AA:BB:CC:00:00:00 (time delta: 0.00 ms)
2026/07/26 09:23:51 [INFO] collision: TX slot collision detected between AA:BB:CC:00:00:03 and AA:BB:CC:00:00:01 (time delta: 0.00 ms)
2026/07/26 09:23:51 [INFO] collision: TX slot collision detected between AA:BB:CC:00:00:03 and AA:BB:CC:00:00:00 (time delta: 0.00 ms)
2026/07/26 09:23:51 [INFO] collision: TX slot collision detected between AA:BB:CC:00:00:00 and AA:BB:CC:00:00:01 (time delta: 0.00 ms)
2026/07/26 09:23:51 [INFO] collision: TX slot collision detected between AA:BB:CC:00:00:03 and AA:BB:CC:00:00:01 (time delta: 0.00 ms)
2026/07/26 09:23:51 [INFO] collision: TX slot collision detected between AA:BB:CC:00:00:03 and AA:BB:CC:00:00:00 (time delta: 0.00 ms)
2026/07/26 09:23:51 [INFO] collision: TX slot collision detected between AA:BB:CC:00:00:00 and AA:BB:CC:00:00:03 (time delta: 0.00 ms)
2026/07/26 09:23:51 [INFO] collision: TX slot collision detected between AA:BB:CC:00:00:00 and AA:BB:CC:00:00:01 (time delta: 0.00 ms)
2026/07/26 09:23:51 [INFO] collision: TX slot collision detected between AA:BB:CC:00:00:01 and AA:BB:CC:00:00:00 (time delta: 0.00 ms)
2026/07/26 09:23:51 [INFO] collision: TX slot collision detected between AA:BB:CC:00:00:01 and AA:BB:CC:00:00:03 (time delta: 0.00 ms)
2026/07/26 09:23:51 [INFO] collision: TX slot collision detected between AA:BB:CC:00:00:00 and AA:BB:CC:00:00:01 (time delta: 0.00 ms)
2026/07/26 09:23:51 [INFO] collision: TX slot collision detected between AA:BB:CC:00:00:00 and AA:BB:CC:00:00:03 (time delta: 0.00 ms)
2026/07/26 09:23:51 [INFO] collision: TX slot collision detected between AA:BB:CC:00:00:01 and AA:BB:CC:00:00:00 (time delta: 0.00 ms)
2026/07/26 09:23:51 [INFO] collision: TX slot collision detected between AA:BB:CC:00:00:01 and AA:BB:CC:00:00:03 (time delta: 0.00 ms)
2026/07/26 09:23:51 [INFO] collision: TX slot collision detected between AA:BB:CC:00:00:03 and AA:BB:CC:00:00:01 (time delta: 0.00 ms)
2026/07/26 09:23:51 [INFO] collision: TX slot collision detected between AA:BB:CC:00:00:03 and AA:BB:CC:00:00:00 (time delta: 0.00 ms)
2026/07/26 09:23:51 [INFO] collision: TX slot collision detected between AA:BB:CC:00:00:03 and AA:BB:CC:00:00:01 (time delta: 0.00 ms)
2026/07/26 09:23:51 [INFO] collision: TX slot collision detected between AA:BB:CC:00:00:03 and AA:BB:CC:00:00:00 (time delta: 0.00 ms)
2026/07/26 09:23:51 [INFO] collision: TX slot collision detected between AA:BB:CC:00:00:03 and AA:BB:CC:00:00:01 (time delta: 0.00 ms)
2026/07/26 09:23:51 [INFO] collision: TX slot collision detected between AA:BB:CC:00:00:00 and AA:BB:CC:00:00:01 (time delta: 0.00 ms)
2026/07/26 09:23:51 [INFO] collision: TX slot collision detected between AA:BB:CC:00:00:00 and AA:BB:CC:00:00:03 (time delta: 0.00 ms)
2026/07/26 09:23:51 [INFO] collision: TX slot collision detected between AA:BB:CC:00:00:00 and AA:BB:CC:00:00:01 (time delta: 0.00 ms)
2026/07/26 09:23:51 [INFO] collision: TX slot collision detected between AA:BB:CC:00:00:00 and AA:BB:CC:00:00:03 (time delta: 0.00 ms)
2026/07/26 09:23:51 [INFO] collision: TX slot collision detected between AA:BB:CC:00:00:01 and AA:BB:CC:00:00:00 (time delta: 0.00 ms)
2026/07/26 09:23:51 [INFO] collision: TX slot collision detected between AA:BB:CC:00:00:01 and AA:BB:CC:00:00:03 (time delta: 0.00 ms)
2026/07/26 09:23:51 [INFO] collision: TX slot collision detected between AA:BB:CC:00:00:00 and AA:BB:CC:00:00:01 (time delta: 0.00 ms)
2026/07/26 09:23:51 [INFO] collision: TX slot collision detected between AA:BB:CC:00:00:00 and AA:BB:CC:00:00:03 (time delta: 0.00 ms)
2026/07/26 09:23:51 [INFO] collision: TX slot collision detected between AA:BB:CC:00:00:01 and AA:BB:CC:00:00:00 (time delta: 0.00 ms)
2026/07/26 09:23:51 [INFO] collision: TX slot collision detected between AA:BB:CC:00:00:01 and AA:BB:CC:00:00:03 (time delta: 0.00 ms)
2026/07/26 09:23:51 [INFO] collision: TX slot collision detected between AA:BB:CC:00:00:03 and AA:BB:CC:00:00:00 (time delta: 0.00 ms)
2026/07/26 09:23:51 [INFO] collision: TX slot collision detected between AA:BB:CC:00:00:03 and AA:BB:CC:00:00:01 (time delta: 0.00 ms)
2026/07/26 09:23:51 [INFO] collision: TX slot collision detected between AA:BB:CC:00:00:03 and AA:BB:CC:00:00:01 (time delta: 0.00 ms)
2026/07/26 09:23:51 [INFO] collision: TX slot collision detected between AA:BB:CC:00:00:03 and AA:BB:CC:00:00:00 (time delta: 0.00 ms)
2026/07/26 09:23:51 [INFO] collision: TX slot collision detected between AA:BB:CC:00:00:00 and AA:BB:CC:00:00:01 (time delta: 0.00 ms)
2026/07/26 09:23:51 [INFO] collision: TX slot collision detected between AA:BB:CC:00:00:00 and AA:BB:CC:00:00:01 (time delta: 0.00 ms)
2026/07/26 09:23:51 [INFO] collision: TX slot collision detected between AA:BB:CC:00:00:00 and AA:BB:CC:00:00:01 (time delta: 0.00 ms)
2026/07/26 09:23:51 [INFO] collision: TX slot collision detected between AA:BB:CC:00:00:01 and AA:BB:CC:00:00:00 (time delta: 0.00 ms)
2026/07/26 09:23:51 [INFO] collision: TX slot collision detected between AA:BB:CC:00:00:03 and AA:BB:CC:00:00:01 (time delta: 0.00 ms)
2026/07/26 09:23:51 [INFO] collision: TX slot collision detected between AA:BB:CC:00:00:03 and AA:BB:CC:00:00:00 (time delta: 0.00 ms)
2026/07/26 09:23:51 [INFO] collision: TX slot collision detected between AA:BB:CC:00:00:03 and AA:BB:CC:00:00:01 (time delta: 0.00 ms)
2026/07/26 09:23:51 [INFO] collision: TX slot collision detected between AA:BB:CC:00:00:03 and AA:BB:CC:00:00:00 (time delta: 0.00 ms)
2026/07/26 09:23:51 [INFO] collision: TX slot collision detected between AA:BB:CC:00:00:01 and AA:BB:CC:00:00:00 (time delta: 0.00 ms)
2026/07/26 09:23:51 [INFO] collision: TX slot collision detected between AA:BB:CC:00:00:01 and AA:BB:CC:00:00:03 (time delta: 0.00 ms)
2026/07/26 09:23:51 [INFO] collision: TX slot collision detected between AA:BB:CC:00:00:03 and AA:BB:CC:00:00:01 (time delta: 0.00 ms)
2026/07/26 09:23:51 [INFO] collision: TX slot collision detected between AA:BB:CC:00:00:03 and AA:BB:CC:00:00:00 (time delta: 0.00 ms)
2026/07/26 09:23:51 [INFO] collision: TX slot collision detected between AA:BB:CC:00:00:03 and AA:BB:CC:00:00:01 (time delta: 0.00 ms)
2026/07/26 09:23:51 [INFO] collision: TX slot collision detected between AA:BB:CC:00:00:00 and AA:BB:CC:00:00:01 (time delta: 0.00 ms)
2026/07/26 09:23:51 [INFO] collision: TX slot collision detected between AA:BB:CC:00:00:00 and AA:BB:CC:00:00:03 (time delta: 0.00 ms)
2026/07/26 09:23:51 [INFO] collision: TX slot collision detected between AA:BB:CC:00:00:00 and AA:BB:CC:00:00:01 (time delta: 0.00 ms)
2026/07/26 09:23:51 [INFO] collision: TX slot collision detected between AA:BB:CC:00:00:00 and AA:BB:CC:00:00:03 (time delta: 0.00 ms)
2026/07/26 09:23:51 [INFO] collision: TX slot collision detected between AA:BB:CC:00:00:01 and AA:BB:CC:00:00:00 (time delta: 0.00 ms)
2026/07/26 09:23:51 [INFO] collision: TX slot collision detected between AA:BB:CC:00:00:01 and AA:BB:CC:00:00:03 (time delta: 0.00 ms)
2026/07/26 09:23:51 [INFO] collision: TX slot collision detected between AA:BB:CC:00:00:01 and AA:BB:CC:00:00:00 (time delta: 0.00 ms)
2026/07/26 09:23:51 [INFO] collision: TX slot collision detected between AA:BB:CC:00:00:01 and AA:BB:CC:00:00:03 (time delta: 0.00 ms)
2026/07/26 09:23:51 [INFO] collision: TX slot collision detected between AA:BB:CC:00:00:03 and AA:BB:CC:00:00:01 (time delta: 0.00 ms)
2026/07/26 09:23:51 [INFO] collision: TX slot collision detected between AA:BB:CC:00:00:03 and AA:BB:CC:00:00:00 (time delta: 0.00 ms)
2026/07/26 09:23:51 [INFO] collision: TX slot collision detected between AA:BB:CC:00:00:00 and AA:BB:CC:00:00:01 (time delta: 0.00 ms)
2026/07/26 09:23:51 [INFO] collision: TX slot collision detected between AA:BB:CC:00:00:00 and AA:BB:CC:00:00:03 (time delta: 0.00 ms)
2026/07/26 09:23:51 [INFO] collision: TX slot collision detected between AA:BB:CC:00:00:03 and AA:BB:CC:00:00:00 (time delta: 0.00 ms)
2026/07/26 09:23:51 [INFO] collision: TX slot collision detected between AA:BB:CC:00:00:03 and AA:BB:CC:00:00:01 (time delta: 0.00 ms)
2026/07/26 09:23:51 [INFO] collision: TX slot collision detected between AA:BB:CC:00:00:01 and AA:BB:CC:00:00:00 (time delta: 0.00 ms)
2026/07/26 09:23:51 [INFO] prediction: updated 0 predictions
2026/07/26 09:23:51 [INFO] Prediction: initial predictions computed
2026/07/26 09:23:51 [INFO] collision: TX slot collision detected between AA:BB:CC:00:00:01 and AA:BB:CC:00:00:00 (time delta: 0.00 ms)
2026/07/26 09:23:51 [INFO] collision: TX slot collision detected between AA:BB:CC:00:00:03 and AA:BB:CC:00:00:00 (time delta: 0.00 ms)
2026/07/26 09:23:51 [INFO] collision: TX slot collision detected between AA:BB:CC:00:00:03 and AA:BB:CC:00:00:01 (time delta: 0.00 ms)
2026/07/26 09:23:51 [INFO] collision: TX slot collision detected between AA:BB:CC:00:00:01 and AA:BB:CC:00:00:00 (time delta: 0.00 ms)
2026/07/26 09:23:51 [INFO] collision: TX slot collision detected between AA:BB:CC:00:00:01 and AA:BB:CC:00:00:03 (time delta: 0.00 ms)
2026/07/26 09:23:51 [INFO] collision: TX slot collision detected between AA:BB:CC:00:00:03 and AA:BB:CC:00:00:01 (time delta: 0.00 ms)
2026/07/26 09:23:51 [INFO] collision: TX slot collision detected between AA:BB:CC:00:00:03 and AA:BB:CC:00:00:00 (time delta: 0.00 ms)
2026/07/26 09:23:51 [INFO] collision: TX slot collision detected between AA:BB:CC:00:00:03 and AA:BB:CC:00:00:01 (time delta: 0.00 ms)
2026/07/26 09:23:51 [INFO] collision: TX slot collision detected between AA:BB:CC:00:00:03 and AA:BB:CC:00:00:00 (time delta: 0.00 ms)
2026/07/26 09:23:51 [INFO] collision: TX slot collision detected between AA:BB:CC:00:00:01 and AA:BB:CC:00:00:00 (time delta: 0.00 ms)
2026/07/26 09:23:51 [INFO] collision: TX slot collision detected between AA:BB:CC:00:00:00 and AA:BB:CC:00:00:01 (time delta: 0.00 ms)
2026/07/26 09:23:51 [INFO] collision: TX slot collision detected between AA:BB:CC:00:00:01 and AA:BB:CC:00:00:00 (time delta: 0.00 ms)
2026/07/26 09:23:51 [INFO] collision: TX slot collision detected between AA:BB:CC:00:00:00 and AA:BB:CC:00:00:01 (time delta: 0.00 ms)
2026/07/26 09:23:51 [INFO] collision: TX slot collision detected between AA:BB:CC:00:00:01 and AA:BB:CC:00:00:00 (time delta: 0.00 ms)
2026/07/26 09:23:51 [INFO] collision: TX slot collision detected between AA:BB:CC:00:00:03 and AA:BB:CC:00:00:00 (time delta: 0.00 ms)
2026/07/26 09:23:51 [INFO] collision: TX slot collision detected between AA:BB:CC:00:00:03 and AA:BB:CC:00:00:01 (time delta: 0.00 ms)
2026/07/26 09:23:51 [INFO] collision: TX slot collision detected between AA:BB:CC:00:00:03 and AA:BB:CC:00:00:01 (time delta: 0.00 ms)
2026/07/26 09:23:51 [INFO] collision: TX slot collision detected between AA:BB:CC:00:00:03 and AA:BB:CC:00:00:00 (time delta: 0.00 ms)
2026/07/26 09:23:51 [INFO] collision: TX slot collision detected between AA:BB:CC:00:00:03 and AA:BB:CC:00:00:01 (time delta: 0.00 ms)
2026/07/26 09:23:51 [INFO] collision: TX slot collision detected between AA:BB:CC:00:00:03 and AA:BB:CC:00:00:00 (time delta: 0.00 ms)
2026/07/26 09:23:51 [INFO] collision: TX slot collision detected between AA:BB:CC:00:00:01 and AA:BB:CC:00:00:00 (time delta: 0.00 ms)
2026/07/26 09:23:51 [INFO] collision: TX slot collision detected between AA:BB:CC:00:00:00 and AA:BB:CC:00:00:01 (time delta: 0.00 ms)
2026/07/26 09:23:51 [INFO] collision: TX slot collision detected between AA:BB:CC:00:00:00 and AA:BB:CC:00:00:01 (time delta: 0.00 ms)
2026/07/26 09:23:51 [INFO] collision: TX slot collision detected between AA:BB:CC:00:00:01 and AA:BB:CC:00:00:00 (time delta: 0.00 ms)
2026/07/26 09:23:51 [INFO] collision: TX slot collision detected between AA:BB:CC:00:00:01 and AA:BB:CC:00:00:00 (time delta: 0.00 ms)
2026/07/26 09:23:51 [INFO] collision: TX slot collision detected between AA:BB:CC:00:00:03 and AA:BB:CC:00:00:01 (time delta: 0.00 ms)
2026/07/26 09:23:51 [INFO] collision: TX slot collision detected between AA:BB:CC:00:00:03 and AA:BB:CC:00:00:00 (time delta: 0.00 ms)
2026/07/26 09:23:51 [INFO] collision: TX slot collision detected between AA:BB:CC:00:00:03 and AA:BB:CC:00:00:01 (time delta: 0.00 ms)
2026/07/26 09:23:51 [INFO] collision: TX slot collision detected between AA:BB:CC:00:00:03 and AA:BB:CC:00:00:00 (time delta: 0.00 ms)
2026/07/26 09:23:51 [INFO] collision: TX slot collision detected between AA:BB:CC:00:00:03 and AA:BB:CC:00:00:01 (time delta: 0.00 ms)
2026/07/26 09:23:51 [INFO] collision: TX slot collision detected between AA:BB:CC:00:00:03 and AA:BB:CC:00:00:00 (time delta: 0.00 ms)
2026/07/26 09:23:51 [INFO] collision: TX slot collision detected between AA:BB:CC:00:00:00 and AA:BB:CC:00:00:01 (time delta: 0.00 ms)
2026/07/26 09:23:51 [INFO] collision: TX slot collision detected between AA:BB:CC:00:00:00 and AA:BB:CC:00:00:01 (time delta: 0.00 ms)
2026/07/26 09:23:51 [INFO] collision: TX slot collision detected between AA:BB:CC:00:00:00 and AA:BB:CC:00:00:01 (time delta: 0.00 ms)
2026/07/26 09:23:51 [INFO] collision: TX slot collision detected between AA:BB:CC:00:00:03 and AA:BB:CC:00:00:01 (time delta: 0.00 ms)
2026/07/26 09:23:51 [INFO] collision: TX slot collision detected between AA:BB:CC:00:00:03 and AA:BB:CC:00:00:00 (time delta: 0.00 ms)
2026/07/26 09:23:51 [INFO] collision: TX slot collision detected between AA:BB:CC:00:00:03 and AA:BB:CC:00:00:01 (time delta: 0.00 ms)
2026/07/26 09:23:51 [INFO] collision: TX slot collision detected between AA:BB:CC:00:00:03 and AA:BB:CC:00:00:00 (time delta: 0.00 ms)
2026/07/26 09:23:51 [INFO] collision: TX slot collision detected between AA:BB:CC:00:00:01 and AA:BB:CC:00:00:00 (time delta: 0.00 ms)
2026/07/26 09:23:51 [INFO] collision: TX slot collision detected between AA:BB:CC:00:00:01 and AA:BB:CC:00:00:03 (time delta: 0.00 ms)
2026/07/26 09:23:51 [INFO] collision: TX slot collision detected between AA:BB:CC:00:00:01 and AA:BB:CC:00:00:00 (time delta: 0.00 ms)
2026/07/26 09:23:51 [INFO] collision: TX slot collision detected between AA:BB:CC:00:00:01 and AA:BB:CC:00:00:03 (time delta: 0.00 ms)
2026/07/26 09:23:51 [INFO] collision: TX slot collision detected between AA:BB:CC:00:00:03 and AA:BB:CC:00:00:01 (time delta: 0.00 ms)
2026/07/26 09:23:51 [INFO] collision: TX slot collision detected between AA:BB:CC:00:00:03 and AA:BB:CC:00:00:00 (time delta: 0.00 ms)
2026/07/26 09:23:51 [INFO] collision: TX slot collision detected between AA:BB:CC:00:00:03 and AA:BB:CC:00:00:01 (time delta: 0.00 ms)
2026/07/26 09:23:51 [INFO] collision: TX slot collision detected between AA:BB:CC:00:00:00 and AA:BB:CC:00:00:03 (time delta: 0.00 ms)
2026/07/26 09:23:51 [INFO] collision: TX slot collision detected between AA:BB:CC:00:00:00 and AA:BB:CC:00:00:01 (time delta: 0.00 ms)
2026/07/26 09:23:51 [INFO] collision: TX slot collision detected between AA:BB:CC:00:00:00 and AA:BB:CC:00:00:01 (time delta: 0.00 ms)
2026/07/26 09:23:51 [INFO] collision: TX slot collision detected between AA:BB:CC:00:00:00 and AA:BB:CC:00:00:03 (time delta: 0.00 ms)
2026/07/26 09:23:51 [INFO] collision: TX slot collision detected between AA:BB:CC:00:00:01 and AA:BB:CC:00:00:00 (time delta: 0.00 ms)
2026/07/26 09:23:51 [INFO] collision: TX slot collision detected between AA:BB:CC:00:00:01 and AA:BB:CC:00:00:03 (time delta: 0.00 ms)
2026/07/26 09:23:51 [INFO] collision: TX slot collision detected between AA:BB:CC:00:00:03 and AA:BB:CC:00:00:01 (time delta: 0.00 ms)
2026/07/26 09:23:51 [INFO] collision: TX slot collision detected between AA:BB:CC:00:00:03 and AA:BB:CC:00:00:00 (time delta: 0.00 ms)
2026/07/26 09:23:51 [INFO] collision: TX slot collision detected between AA:BB:CC:00:00:00 and AA:BB:CC:00:00:01 (time delta: 0.00 ms)
2026/07/26 09:23:51 [INFO] collision: TX slot collision detected between AA:BB:CC:00:00:00 and AA:BB:CC:00:00:03 (time delta: 0.00 ms)
2026/07/26 09:23:51 [INFO] collision: TX slot collision detected between AA:BB:CC:00:00:03 and AA:BB:CC:00:00:01 (time delta: 0.00 ms)
2026/07/26 09:23:51 [INFO] collision: TX slot collision detected between AA:BB:CC:00:00:03 and AA:BB:CC:00:00:00 (time delta: 0.00 ms)
2026/07/26 09:23:51 [INFO] collision: TX slot collision detected between AA:BB:CC:00:00:01 and AA:BB:CC:00:00:00 (time delta: 0.00 ms)
2026/07/26 09:23:51 [INFO] collision: TX slot collision detected between AA:BB:CC:00:00:01 and AA:BB:CC:00:00:03 (time delta: 0.00 ms)
2026/07/26 09:23:51 [INFO] collision: TX slot collision detected between AA:BB:CC:00:00:01 and AA:BB:CC:00:00:00 (time delta: 0.00 ms)
2026/07/26 09:23:51 [INFO] collision: TX slot collision detected between AA:BB:CC:00:00:00 and AA:BB:CC:00:00:01 (time delta: 0.00 ms)
2026/07/26 09:23:51 [INFO] collision: TX slot collision detected between AA:BB:CC:00:00:03 and AA:BB:CC:00:00:01 (time delta: 0.00 ms)
2026/07/26 09:23:51 [INFO] collision: TX slot collision detected between AA:BB:CC:00:00:03 and AA:BB:CC:00:00:00 (time delta: 0.00 ms)
2026/07/26 09:23:51 [INFO] collision: TX slot collision detected between AA:BB:CC:00:00:01 and AA:BB:CC:00:00:00 (time delta: 0.00 ms)
2026/07/26 09:23:51 [INFO] collision: TX slot collision detected between AA:BB:CC:00:00:01 and AA:BB:CC:00:00:03 (time delta: 0.00 ms)
2026/07/26 09:23:51 [INFO] collision: TX slot collision detected between AA:BB:CC:00:00:01 and AA:BB:CC:00:00:00 (time delta: 0.00 ms)
2026/07/26 09:23:51 [INFO] collision: TX slot collision detected between AA:BB:CC:00:00:01 and AA:BB:CC:00:00:03 (time delta: 0.00 ms)
2026/07/26 09:23:51 [INFO] collision: TX slot collision detected between AA:BB:CC:00:00:03 and AA:BB:CC:00:00:01 (time delta: 0.00 ms)
2026/07/26 09:23:51 [INFO] collision: TX slot collision detected between AA:BB:CC:00:00:03 and AA:BB:CC:00:00:00 (time delta: 0.00 ms)
2026/07/26 09:23:51 [INFO] collision: TX slot collision detected between AA:BB:CC:00:00:03 and AA:BB:CC:00:00:01 (time delta: 0.00 ms)
2026/07/26 09:23:51 [INFO] collision: TX slot collision detected between AA:BB:CC:00:00:03 and AA:BB:CC:00:00:00 (time delta: 0.00 ms)
2026/07/26 09:23:51 [INFO] collision: TX slot collision detected between AA:BB:CC:00:00:00 and AA:BB:CC:00:00:01 (time delta: 0.00 ms)
2026/07/26 09:23:51 [INFO] collision: TX slot collision detected between AA:BB:CC:00:00:00 and AA:BB:CC:00:00:01 (time delta: 0.00 ms)
2026/07/26 09:23:51 [INFO] collision: TX slot collision detected between AA:BB:CC:00:00:00 and AA:BB:CC:00:00:01 (time delta: 0.00 ms)
2026/07/26 09:23:51 [INFO] collision: TX slot collision detected between AA:BB:CC:00:00:01 and AA:BB:CC:00:00:00 (time delta: 0.00 ms)
2026/07/26 09:23:51 [INFO] collision: TX slot collision detected between AA:BB:CC:00:00:01 and AA:BB:CC:00:00:00 (time delta: 0.00 ms)
2026/07/26 09:23:51 [INFO] collision: TX slot collision detected between AA:BB:CC:00:00:03 and AA:BB:CC:00:00:01 (time delta: 0.00 ms)
2026/07/26 09:23:51 [INFO] collision: TX slot collision detected between AA:BB:CC:00:00:03 and AA:BB:CC:00:00:00 (time delta: 0.00 ms)
2026/07/26 09:23:51 [INFO] collision: TX slot collision detected between AA:BB:CC:00:00:03 and AA:BB:CC:00:00:01 (time delta: 0.00 ms)
2026/07/26 09:23:51 [INFO] collision: TX slot collision detected between AA:BB:CC:00:00:03 and AA:BB:CC:00:00:00 (time delta: 0.00 ms)
2026/07/26 09:23:51 [INFO] collision: TX slot collision detected between AA:BB:CC:00:00:03 and AA:BB:CC:00:00:01 (time delta: 0.00 ms)
2026/07/26 09:23:51 [INFO] collision: TX slot collision detected between AA:BB:CC:00:00:03 and AA:BB:CC:00:00:00 (time delta: 0.00 ms)
2026/07/26 09:23:51 [INFO] collision: TX slot collision detected between AA:BB:CC:00:00:00 and AA:BB:CC:00:00:01 (time delta: 0.00 ms)
2026/07/26 09:23:51 [INFO] collision: TX slot collision detected between AA:BB:CC:00:00:00 and AA:BB:CC:00:00:01 (time delta: 0.00 ms)
2026/07/26 09:23:51 [INFO] collision: TX slot collision detected between AA:BB:CC:00:00:00 and AA:BB:CC:00:00:01 (time delta: 0.00 ms)
2026/07/26 09:23:51 [INFO] collision: TX slot collision detected between AA:BB:CC:00:00:01 and AA:BB:CC:00:00:00 (time delta: 0.00 ms)
2026/07/26 09:23:51 [INFO] collision: TX slot collision detected between AA:BB:CC:00:00:03 and AA:BB:CC:00:00:01 (time delta: 0.00 ms)
2026/07/26 09:23:51 [INFO] collision: TX slot collision detected between AA:BB:CC:00:00:03 and AA:BB:CC:00:00:00 (time delta: 0.00 ms)
2026/07/26 09:23:51 [INFO] collision: TX slot collision detected between AA:BB:CC:00:00:01 and AA:BB:CC:00:00:00 (time delta: 0.00 ms)
2026/07/26 09:23:51 [INFO] collision: TX slot collision detected between AA:BB:CC:00:00:01 and AA:BB:CC:00:00:03 (time delta: 0.00 ms)
2026/07/26 09:23:51 [INFO] collision: TX slot collision detected between AA:BB:CC:00:00:03 and AA:BB:CC:00:00:01 (time delta: 0.00 ms)
2026/07/26 09:23:51 [INFO] collision: TX slot collision detected between AA:BB:CC:00:00:03 and AA:BB:CC:00:00:00 (time delta: 0.00 ms)
2026/07/26 09:23:51 [INFO] collision: TX slot collision detected between AA:BB:CC:00:00:03 and AA:BB:CC:00:00:01 (time delta: 0.00 ms)
2026/07/26 09:23:51 [INFO] collision: TX slot collision detected between AA:BB:CC:00:00:03 and AA:BB:CC:00:00:00 (time delta: 0.00 ms)
2026/07/26 09:23:51 [INFO] collision: TX slot collision detected between AA:BB:CC:00:00:00 and AA:BB:CC:00:00:01 (time delta: 0.00 ms)
2026/07/26 09:23:51 [INFO] collision: TX slot collision detected between AA:BB:CC:00:00:00 and AA:BB:CC:00:00:01 (time delta: 0.00 ms)
2026/07/26 09:23:51 [INFO] collision: TX slot collision detected between AA:BB:CC:00:00:00 and AA:BB:CC:00:00:01 (time delta: 0.00 ms)
2026/07/26 09:23:51 [INFO] collision: TX slot collision detected between AA:BB:CC:00:00:03 and AA:BB:CC:00:00:01 (time delta: 0.00 ms)
2026/07/26 09:23:51 [INFO] collision: TX slot collision detected between AA:BB:CC:00:00:03 and AA:BB:CC:00:00:00 (time delta: 0.00 ms)
2026/07/26 09:23:51 [INFO] collision: TX slot collision detected between AA:BB:CC:00:00:01 and AA:BB:CC:00:00:00 (time delta: 0.00 ms)
2026/07/26 09:23:51 [INFO] collision: TX slot collision detected between AA:BB:CC:00:00:01 and AA:BB:CC:00:00:03 (time delta: 0.00 ms)
2026/07/26 09:23:51 [INFO] collision: TX slot collision detected between AA:BB:CC:00:00:01 and AA:BB:CC:00:00:00 (time delta: 0.00 ms)
2026/07/26 09:23:51 [INFO] collision: TX slot collision detected between AA:BB:CC:00:00:01 and AA:BB:CC:00:00:03 (time delta: 0.00 ms)
2026/07/26 09:23:51 [INFO] collision: TX slot collision detected between AA:BB:CC:00:00:03 and AA:BB:CC:00:00:01 (time delta: 0.00 ms)
2026/07/26 09:23:51 [INFO] collision: TX slot collision detected between AA:BB:CC:00:00:03 and AA:BB:CC:00:00:00 (time delta: 0.00 ms)
2026/07/26 09:23:51 [INFO] collision: TX slot collision detected between AA:BB:CC:00:00:03 and AA:BB:CC:00:00:01 (time delta: 0.00 ms)
2026/07/26 09:23:51 [INFO] collision: TX slot collision detected between AA:BB:CC:00:00:03 and AA:BB:CC:00:00:00 (time delta: 0.00 ms)
2026/07/26 09:23:52 [INFO] collision: TX slot collision detected between AA:BB:CC:00:00:01 and AA:BB:CC:00:00:00 (time delta: 0.00 ms)
2026/07/26 09:23:52 [INFO] collision: TX slot collision detected between AA:BB:CC:00:00:01 and AA:BB:CC:00:00:00 (time delta: 0.00 ms)
2026/07/26 09:23:52 [INFO] collision: TX slot collision detected between AA:BB:CC:00:00:00 and AA:BB:CC:00:00:01 (time delta: 0.00 ms)
2026/07/26 09:23:52 [INFO] collision: TX slot collision detected between AA:BB:CC:00:00:01 and AA:BB:CC:00:00:00 (time delta: 0.00 ms)
2026/07/26 09:23:52 [INFO] collision: TX slot collision detected between AA:BB:CC:00:00:03 and AA:BB:CC:00:00:01 (time delta: 0.00 ms)
2026/07/26 09:23:52 [INFO] collision: TX slot collision detected between AA:BB:CC:00:00:03 and AA:BB:CC:00:00:00 (time delta: 0.00 ms)
2026/07/26 09:23:52 [INFO] collision: TX slot collision detected between AA:BB:CC:00:00:03 and AA:BB:CC:00:00:01 (time delta: 0.00 ms)
2026/07/26 09:23:52 [INFO] collision: TX slot collision detected between AA:BB:CC:00:00:03 and AA:BB:CC:00:00:00 (time delta: 0.00 ms)
2026/07/26 09:23:52 [INFO] collision: TX slot collision detected between AA:BB:CC:00:00:03 and AA:BB:CC:00:00:01 (time delta: 0.00 ms)
2026/07/26 09:23:52 [INFO] collision: TX slot collision detected between AA:BB:CC:00:00:03 and AA:BB:CC:00:00:00 (time delta: 1.00 ms)
2026/07/26 09:23:52 [INFO] collision: TX slot collision detected between AA:BB:CC:00:00:01 and AA:BB:CC:00:00:00 (time delta: 0.00 ms)
2026/07/26 09:23:52 [INFO] collision: TX slot collision detected between AA:BB:CC:00:00:00 and AA:BB:CC:00:00:01 (time delta: 0.00 ms)
2026/07/26 09:23:52 [INFO] collision: TX slot collision detected between AA:BB:CC:00:00:01 and AA:BB:CC:00:00:00 (time delta: 0.00 ms)
2026/07/26 09:23:52 [INFO] collision: TX slot collision detected between AA:BB:CC:00:00:00 and AA:BB:CC:00:00:01 (time delta: 0.00 ms)
2026/07/26 09:23:52 [INFO] collision: TX slot collision detected between AA:BB:CC:00:00:03 and AA:BB:CC:00:00:01 (time delta: 0.00 ms)
2026/07/26 09:23:52 [INFO] collision: TX slot collision detected between AA:BB:CC:00:00:03 and AA:BB:CC:00:00:01 (time delta: 0.00 ms)
2026/07/26 09:23:52 [INFO] collision: TX slot collision detected between AA:BB:CC:00:00:03 and AA:BB:CC:00:00:01 (time delta: 1.00 ms)
2026/07/26 09:23:52 [INFO] collision: TX slot collision detected between AA:BB:CC:00:00:01 and AA:BB:CC:00:00:00 (time delta: 0.00 ms)
2026/07/26 09:23:52 [INFO] collision: TX slot collision detected between AA:BB:CC:00:00:00 and AA:BB:CC:00:00:01 (time delta: 0.00 ms)
2026/07/26 09:23:52 [INFO] collision: TX slot collision detected between AA:BB:CC:00:00:00 and AA:BB:CC:00:00:01 (time delta: 0.00 ms)
2026/07/26 09:23:52 [INFO] collision: TX slot collision detected between AA:BB:CC:00:00:01 and AA:BB:CC:00:00:00 (time delta: 0.00 ms)
2026/07/26 09:23:52 [INFO] collision: TX slot collision detected between AA:BB:CC:00:00:03 and AA:BB:CC:00:00:01 (time delta: 0.00 ms)
2026/07/26 09:23:52 [INFO] collision: TX slot collision detected between AA:BB:CC:00:00:03 and AA:BB:CC:00:00:00 (time delta: 0.00 ms)
2026/07/26 09:23:52 [INFO] collision: TX slot collision detected between AA:BB:CC:00:00:03 and AA:BB:CC:00:00:01 (time delta: 0.00 ms)
2026/07/26 09:23:52 [INFO] collision: TX slot collision detected between AA:BB:CC:00:00:03 and AA:BB:CC:00:00:00 (time delta: 0.00 ms)
2026/07/26 09:23:52 [INFO] collision: TX slot collision detected between AA:BB:CC:00:00:03 and AA:BB:CC:00:00:01 (time delta: 0.00 ms)
2026/07/26 09:23:52 [INFO] collision: TX slot collision detected between AA:BB:CC:00:00:03 and AA:BB:CC:00:00:00 (time delta: 1.00 ms)
2026/07/26 09:23:52 [INFO] collision: TX slot collision detected between AA:BB:CC:00:00:01 and AA:BB:CC:00:00:03 (time delta: 0.00 ms)
2026/07/26 09:23:52 [INFO] collision: TX slot collision detected between AA:BB:CC:00:00:01 and AA:BB:CC:00:00:00 (time delta: 1.00 ms)
2026/07/26 09:23:52 [INFO] collision: TX slot collision detected between AA:BB:CC:00:00:01 and AA:BB:CC:00:00:00 (time delta: 0.00 ms)
2026/07/26 09:23:52 [INFO] collision: TX slot collision detected between AA:BB:CC:00:00:01 and AA:BB:CC:00:00:00 (time delta: 0.00 ms)
2026/07/26 09:23:52 [INFO] collision: TX slot collision detected between AA:BB:CC:00:00:00 and AA:BB:CC:00:00:01 (time delta: 0.00 ms)
2026/07/26 09:23:52 [INFO] collision: TX slot collision detected between AA:BB:CC:00:00:01 and AA:BB:CC:00:00:00 (time delta: 0.00 ms)
2026/07/26 09:23:52 [INFO] collision: TX slot collision detected between AA:BB:CC:00:00:03 and AA:BB:CC:00:00:01 (time delta: 0.00 ms)
2026/07/26 09:23:52 [INFO] collision: TX slot collision detected between AA:BB:CC:00:00:03 and AA:BB:CC:00:00:00 (time delta: 0.00 ms)
2026/07/26 09:23:52 [INFO] collision: TX slot collision detected between AA:BB:CC:00:00:03 and AA:BB:CC:00:00:01 (time delta: 1.00 ms)
2026/07/26 09:23:52 [INFO] collision: TX slot collision detected between AA:BB:CC:00:00:03 and AA:BB:CC:00:00:00 (time delta: 1.00 ms)
2026/07/26 09:23:52 [INFO] collision: TX slot collision detected between AA:BB:CC:00:00:03 and AA:BB:CC:00:00:01 (time delta: 1.00 ms)
2026/07/26 09:23:52 [INFO] collision: TX slot collision detected between AA:BB:CC:00:00:03 and AA:BB:CC:00:00:00 (time delta: 1.00 ms)
2026/07/26 09:23:52 [INFO] collision: TX slot collision detected between AA:BB:CC:00:00:01 and AA:BB:CC:00:00:00 (time delta: 0.00 ms)
2026/07/26 09:23:52 [INFO] collision: TX slot collision detected between AA:BB:CC:00:00:03 and AA:BB:CC:00:00:01 (time delta: 0.00 ms)
2026/07/26 09:23:52 [INFO] collision: TX slot collision detected between AA:BB:CC:00:00:03 and AA:BB:CC:00:00:00 (time delta: 0.00 ms)
2026/07/26 09:23:52 [INFO] collision: TX slot collision detected between AA:BB:CC:00:00:00 and AA:BB:CC:00:00:03 (time delta: 0.00 ms)
2026/07/26 09:23:52 [INFO] collision: TX slot collision detected between AA:BB:CC:00:00:00 and AA:BB:CC:00:00:01 (time delta: 1.00 ms)
2026/07/26 09:23:52 [INFO] collision: TX slot collision detected between AA:BB:CC:00:00:01 and AA:BB:CC:00:00:00 (time delta: 0.00 ms)
2026/07/26 09:23:52 [INFO] collision: TX slot collision detected between AA:BB:CC:00:00:01 and AA:BB:CC:00:00:03 (time delta: 1.00 ms)
2026/07/26 09:23:52 [INFO] collision: TX slot collision detected between AA:BB:CC:00:00:00 and AA:BB:CC:00:00:01 (time delta: 0.00 ms)
2026/07/26 09:23:52 [INFO] collision: TX slot collision detected between AA:BB:CC:00:00:00 and AA:BB:CC:00:00:03 (time delta: 1.00 ms)
2026/07/26 09:23:52 [INFO] collision: TX slot collision detected between AA:BB:CC:00:00:01 and AA:BB:CC:00:00:00 (time delta: 0.00 ms)
2026/07/26 09:23:52 [INFO] collision: TX slot collision detected between AA:BB:CC:00:00:01 and AA:BB:CC:00:00:03 (time delta: 1.00 ms)
2026/07/26 09:23:52 [INFO] collision: TX slot collision detected between AA:BB:CC:00:00:03 and AA:BB:CC:00:00:01 (time delta: 0.00 ms)
2026/07/26 09:23:52 [INFO] collision: TX slot collision detected between AA:BB:CC:00:00:03 and AA:BB:CC:00:00:00 (time delta: 0.00 ms)
2026/07/26 09:23:52 [INFO] collision: TX slot collision detected between AA:BB:CC:00:00:03 and AA:BB:CC:00:00:01 (time delta: 0.00 ms)
2026/07/26 09:23:52 [INFO] collision: TX slot collision detected between AA:BB:CC:00:00:03 and AA:BB:CC:00:00:00 (time delta: 0.00 ms)
2026/07/26 09:23:52 [INFO] collision: TX slot collision detected between AA:BB:CC:00:00:01 and AA:BB:CC:00:00:00 (time delta: 0.00 ms)
2026/07/26 09:23:52 [INFO] collision: TX slot collision detected between AA:BB:CC:00:00:00 and AA:BB:CC:00:00:01 (time delta: 0.00 ms)
2026/07/26 09:23:52 [INFO] collision: TX slot collision detected between AA:BB:CC:00:00:01 and AA:BB:CC:00:00:00 (time delta: 0.00 ms)
2026/07/26 09:23:52 [INFO] collision: TX slot collision detected between AA:BB:CC:00:00:03 and AA:BB:CC:00:00:01 (time delta: 0.00 ms)
2026/07/26 09:23:52 [INFO] collision: TX slot collision detected between AA:BB:CC:00:00:03 and AA:BB:CC:00:00:00 (time delta: 0.00 ms)
2026/07/26 09:23:52 [INFO] collision: TX slot collision detected between AA:BB:CC:00:00:00 and AA:BB:CC:00:00:03 (time delta: 0.00 ms)
2026/07/26 09:23:52 [INFO] collision: TX slot collision detected between AA:BB:CC:00:00:00 and AA:BB:CC:00:00:01 (time delta: 0.00 ms)
2026/07/26 09:23:52 [INFO] collision: TX slot collision detected between AA:BB:CC:00:00:01 and AA:BB:CC:00:00:00 (time delta: 0.00 ms)
2026/07/26 09:23:52 [INFO] collision: TX slot collision detected between AA:BB:CC:00:00:01 and AA:BB:CC:00:00:03 (time delta: 0.00 ms)
2026/07/26 09:23:52 [INFO] collision: TX slot collision detected between AA:BB:CC:00:00:03 and AA:BB:CC:00:00:01 (time delta: 0.00 ms)
2026/07/26 09:23:52 [INFO] collision: TX slot collision detected between AA:BB:CC:00:00:03 and AA:BB:CC:00:00:00 (time delta: 0.00 ms)
2026/07/26 09:23:52 [INFO] collision: TX slot collision detected between AA:BB:CC:00:00:03 and AA:BB:CC:00:00:01 (time delta: 0.00 ms)
2026/07/26 09:23:52 [INFO] collision: TX slot collision detected between AA:BB:CC:00:00:03 and AA:BB:CC:00:00:00 (time delta: 0.00 ms)
2026/07/26 09:23:52 [INFO] collision: TX slot collision detected between AA:BB:CC:00:00:00 and AA:BB:CC:00:00:01 (time delta: 0.00 ms)
2026/07/26 09:23:52 [INFO] collision: TX slot collision detected between AA:BB:CC:00:00:00 and AA:BB:CC:00:00:01 (time delta: 0.00 ms)
2026/07/26 09:23:52 [INFO] collision: TX slot collision detected between AA:BB:CC:00:00:00 and AA:BB:CC:00:00:01 (time delta: 0.00 ms)
2026/07/26 09:23:52 [INFO] collision: TX slot collision detected between AA:BB:CC:00:00:01 and AA:BB:CC:00:00:00 (time delta: 0.00 ms)
2026/07/26 09:23:52 [INFO] collision: TX slot collision detected between AA:BB:CC:00:00:03 and AA:BB:CC:00:00:01 (time delta: 0.00 ms)
2026/07/26 09:23:52 [INFO] collision: TX slot collision detected between AA:BB:CC:00:00:03 and AA:BB:CC:00:00:00 (time delta: 0.00 ms)
2026/07/26 09:23:52 [INFO] collision: TX slot collision detected between AA:BB:CC:00:00:01 and AA:BB:CC:00:00:03 (time delta: 0.00 ms)
2026/07/26 09:23:52 [INFO] collision: TX slot collision detected between AA:BB:CC:00:00:01 and AA:BB:CC:00:00:00 (time delta: 0.00 ms)
2026/07/26 09:23:52 [INFO] collision: TX slot collision detected between AA:BB:CC:00:00:03 and AA:BB:CC:00:00:01 (time delta: 0.00 ms)
2026/07/26 09:23:52 [INFO] collision: TX slot collision detected between AA:BB:CC:00:00:03 and AA:BB:CC:00:00:00 (time delta: 0.00 ms)
2026/07/26 09:23:52 [INFO] collision: TX slot collision detected between AA:BB:CC:00:00:03 and AA:BB:CC:00:00:01 (time delta: 0.00 ms)
2026/07/26 09:23:52 [INFO] collision: TX slot collision detected between AA:BB:CC:00:00:03 and AA:BB:CC:00:00:00 (time delta: 0.00 ms)
2026/07/26 09:23:52 [INFO] collision: TX slot collision detected between AA:BB:CC:00:00:01 and AA:BB:CC:00:00:00 (time delta: 0.00 ms)
2026/07/26 09:23:52 [INFO] collision: TX slot collision detected between AA:BB:CC:00:00:01 and AA:BB:CC:00:00:00 (time delta: 0.00 ms)
2026/07/26 09:23:52 [INFO] collision: TX slot collision detected between AA:BB:CC:00:00:00 and AA:BB:CC:00:00:01 (time delta: 0.00 ms)
2026/07/26 09:23:52 [INFO] collision: TX slot collision detected between AA:BB:CC:00:00:01 and AA:BB:CC:00:00:00 (time delta: 0.00 ms)
2026/07/26 09:23:52 [INFO] collision: TX slot collision detected between AA:BB:CC:00:00:03 and AA:BB:CC:00:00:01 (time delta: 0.00 ms)
2026/07/26 09:23:52 [INFO] collision: TX slot collision detected between AA:BB:CC:00:00:03 and AA:BB:CC:00:00:00 (time delta: 0.00 ms)
2026/07/26 09:23:52 [INFO] collision: TX slot collision detected between AA:BB:CC:00:00:03 and AA:BB:CC:00:00:01 (time delta: 0.00 ms)
2026/07/26 09:23:52 [INFO] collision: TX slot collision detected between AA:BB:CC:00:00:03 and AA:BB:CC:00:00:00 (time delta: 0.00 ms)
2026/07/26 09:23:52 [INFO] collision: TX slot collision detected between AA:BB:CC:00:00:00 and AA:BB:CC:00:00:01 (time delta: 0.00 ms)
2026/07/26 09:23:52 [INFO] collision: TX slot collision detected between AA:BB:CC:00:00:00 and AA:BB:CC:00:00:01 (time delta: 0.00 ms)
2026/07/26 09:23:52 [INFO] collision: TX slot collision detected between AA:BB:CC:00:00:03 and AA:BB:CC:00:00:01 (time delta: 0.00 ms)
2026/07/26 09:23:52 [INFO] collision: TX slot collision detected between AA:BB:CC:00:00:03 and AA:BB:CC:00:00:00 (time delta: 0.00 ms)
2026/07/26 09:23:52 [INFO] collision: TX slot collision detected between AA:BB:CC:00:00:01 and AA:BB:CC:00:00:00 (time delta: 0.00 ms)
2026/07/26 09:23:52 [INFO] collision: TX slot collision detected between AA:BB:CC:00:00:01 and AA:BB:CC:00:00:03 (time delta: 0.00 ms)
2026/07/26 09:23:52 [INFO] collision: TX slot collision detected between AA:BB:CC:00:00:00 and AA:BB:CC:00:00:01 (time delta: 0.00 ms)
2026/07/26 09:23:52 [INFO] collision: TX slot collision detected between AA:BB:CC:00:00:00 and AA:BB:CC:00:00:03 (time delta: 0.00 ms)
2026/07/26 09:23:52 [INFO] collision: TX slot collision detected between AA:BB:CC:00:00:03 and AA:BB:CC:00:00:01 (time delta: 0.00 ms)
2026/07/26 09:23:52 [INFO] collision: TX slot collision detected between AA:BB:CC:00:00:03 and AA:BB:CC:00:00:00 (time delta: 0.00 ms)
2026/07/26 09:23:52 [INFO] collision: TX slot collision detected between AA:BB:CC:00:00:01 and AA:BB:CC:00:00:00 (time delta: 0.00 ms)
2026/07/26 09:23:52 [INFO] collision: TX slot collision detected between AA:BB:CC:00:00:01 and AA:BB:CC:00:00:03 (time delta: 0.00 ms)
2026/07/26 09:23:52 [INFO] collision: TX slot collision detected between AA:BB:CC:00:00:03 and AA:BB:CC:00:00:01 (time delta: 0.00 ms)
2026/07/26 09:23:52 [INFO] collision: TX slot collision detected between AA:BB:CC:00:00:03 and AA:BB:CC:00:00:00 (time delta: 0.00 ms)
2026/07/26 09:23:52 [INFO] collision: TX slot collision detected between AA:BB:CC:00:00:00 and AA:BB:CC:00:00:01 (time delta: 0.00 ms)
2026/07/26 09:23:52 [INFO] collision: TX slot collision detected between AA:BB:CC:00:00:00 and AA:BB:CC:00:00:01 (time delta: 0.00 ms)
2026/07/26 09:23:52 [INFO] collision: TX slot collision detected between AA:BB:CC:00:00:03 and AA:BB:CC:00:00:01 (time delta: 0.00 ms)
2026/07/26 09:23:52 [INFO] collision: TX slot collision detected between AA:BB:CC:00:00:03 and AA:BB:CC:00:00:00 (time delta: 0.00 ms)
2026/07/26 09:23:52 [INFO] collision: TX slot collision detected between AA:BB:CC:00:00:00 and AA:BB:CC:00:00:03 (time delta: 0.00 ms)
2026/07/26 09:23:52 [INFO] collision: TX slot collision detected between AA:BB:CC:00:00:00 and AA:BB:CC:00:00:01 (time delta: 0.00 ms)
2026/07/26 09:23:52 [INFO] collision: TX slot collision detected between AA:BB:CC:00:00:01 and AA:BB:CC:00:00:00 (time delta: 0.00 ms)
2026/07/26 09:23:52 [INFO] collision: TX slot collision detected between AA:BB:CC:00:00:01 and AA:BB:CC:00:00:03 (time delta: 0.00 ms)
2026/07/26 09:23:52 [INFO] collision: TX slot collision detected between AA:BB:CC:00:00:03 and AA:BB:CC:00:00:01 (time delta: 0.00 ms)
2026/07/26 09:23:52 [INFO] collision: TX slot collision detected between AA:BB:CC:00:00:03 and AA:BB:CC:00:00:00 (time delta: 0.00 ms)
2026/07/26 09:23:52 [INFO] collision: TX slot collision detected between AA:BB:CC:00:00:01 and AA:BB:CC:00:00:00 (time delta: 0.00 ms)
2026/07/26 09:23:52 [INFO] collision: TX slot collision detected between AA:BB:CC:00:00:01 and AA:BB:CC:00:00:03 (time delta: 0.00 ms)
2026/07/26 09:23:52 [INFO] collision: TX slot collision detected between AA:BB:CC:00:00:03 and AA:BB:CC:00:00:00 (time delta: 0.00 ms)
2026/07/26 09:23:52 [INFO] collision: TX slot collision detected between AA:BB:CC:00:00:03 and AA:BB:CC:00:00:01 (time delta: 0.00 ms)
2026/07/26 09:23:52 [INFO] collision: TX slot collision detected between AA:BB:CC:00:00:00 and AA:BB:CC:00:00:01 (time delta: 0.00 ms)
2026/07/26 09:23:52 [INFO] collision: TX slot collision detected between AA:BB:CC:00:00:00 and AA:BB:CC:00:00:01 (time delta: 0.00 ms)
2026/07/26 09:23:52 [INFO] collision: TX slot collision detected between AA:BB:CC:00:00:00 and AA:BB:CC:00:00:01 (time delta: 0.00 ms)
2026/07/26 09:23:52 [INFO] collision: TX slot collision detected between AA:BB:CC:00:00:01 and AA:BB:CC:00:00:00 (time delta: 0.00 ms)
2026/07/26 09:23:52 [INFO] collision: TX slot collision detected between AA:BB:CC:00:00:03 and AA:BB:CC:00:00:01 (time delta: 0.00 ms)
2026/07/26 09:23:52 [INFO] collision: TX slot collision detected between AA:BB:CC:00:00:03 and AA:BB:CC:00:00:00 (time delta: 0.00 ms)
2026/07/26 09:23:52 [INFO] collision: TX slot collision detected between AA:BB:CC:00:00:03 and AA:BB:CC:00:00:01 (time delta: 0.00 ms)
2026/07/26 09:23:52 [INFO] collision: TX slot collision detected between AA:BB:CC:00:00:03 and AA:BB:CC:00:00:00 (time delta: 0.00 ms)
2026/07/26 09:23:52 [INFO] collision: TX slot collision detected between AA:BB:CC:00:00:03 and AA:BB:CC:00:00:01 (time delta: 0.00 ms)
2026/07/26 09:23:52 [INFO] collision: TX slot collision detected between AA:BB:CC:00:00:03 and AA:BB:CC:00:00:00 (time delta: 0.00 ms)
2026/07/26 09:23:52 [INFO] collision: TX slot collision detected between AA:BB:CC:00:00:01 and AA:BB:CC:00:00:00 (time delta: 0.00 ms)
2026/07/26 09:23:52 [INFO] collision: TX slot collision detected between AA:BB:CC:00:00:01 and AA:BB:CC:00:00:03 (time delta: 0.00 ms)
2026/07/26 09:23:52 [INFO] collision: TX slot collision detected between AA:BB:CC:00:00:00 and AA:BB:CC:00:00:01 (time delta: 0.00 ms)
2026/07/26 09:23:52 [INFO] collision: TX slot collision detected between AA:BB:CC:00:00:00 and AA:BB:CC:00:00:01 (time delta: 0.00 ms)
2026/07/26 09:23:52 [INFO] collision: TX slot collision detected between AA:BB:CC:00:00:01 and AA:BB:CC:00:00:00 (time delta: 0.00 ms)
2026/07/26 09:23:52 [INFO] collision: TX slot collision detected between AA:BB:CC:00:00:00 and AA:BB:CC:00:00:01 (time delta: 0.00 ms)
2026/07/26 09:23:52 [INFO] collision: TX slot collision detected between AA:BB:CC:00:00:01 and AA:BB:CC:00:00:00 (time delta: 0.00 ms)
2026/07/26 09:23:52 [INFO] collision: TX slot collision detected between AA:BB:CC:00:00:03 and AA:BB:CC:00:00:01 (time delta: 0.00 ms)
2026/07/26 09:23:52 [INFO] collision: TX slot collision detected between AA:BB:CC:00:00:03 and AA:BB:CC:00:00:00 (time delta: 0.00 ms)
2026/07/26 09:23:52 [INFO] collision: TX slot collision detected between AA:BB:CC:00:00:03 and AA:BB:CC:00:00:01 (time delta: 0.00 ms)
2026/07/26 09:23:52 [INFO] collision: TX slot collision detected between AA:BB:CC:00:00:03 and AA:BB:CC:00:00:00 (time delta: 0.00 ms)
2026/07/26 09:23:52 [INFO] collision: TX slot collision detected between AA:BB:CC:00:00:03 and AA:BB:CC:00:00:01 (time delta: 0.00 ms)
2026/07/26 09:23:52 [INFO] collision: TX slot collision detected between AA:BB:CC:00:00:03 and AA:BB:CC:00:00:00 (time delta: 0.00 ms)
2026/07/26 09:23:52 [INFO] collision: TX slot collision detected between AA:BB:CC:00:00:03 and AA:BB:CC:00:00:01 (time delta: 0.00 ms)
2026/07/26 09:23:52 [INFO] collision: TX slot collision detected between AA:BB:CC:00:00:00 and AA:BB:CC:00:00:01 (time delta: 0.00 ms)
2026/07/26 09:23:52 [INFO] collision: TX slot collision detected between AA:BB:CC:00:00:00 and AA:BB:CC:00:00:03 (time delta: 0.00 ms)
2026/07/26 09:23:52 [INFO] collision: TX slot collision detected between AA:BB:CC:00:00:00 and AA:BB:CC:00:00:01 (time delta: 0.00 ms)
2026/07/26 09:23:52 [INFO] collision: TX slot collision detected between AA:BB:CC:00:00:00 and AA:BB:CC:00:00:03 (time delta: 0.00 ms)
2026/07/26 09:23:52 [INFO] collision: TX slot collision detected between AA:BB:CC:00:00:01 and AA:BB:CC:00:00:00 (time delta: 0.00 ms)
2026/07/26 09:23:52 [INFO] collision: TX slot collision detected between AA:BB:CC:00:00:01 and AA:BB:CC:00:00:03 (time delta: 0.00 ms)
2026/07/26 09:23:52 [INFO] collision: TX slot collision detected between AA:BB:CC:00:00:00 and AA:BB:CC:00:00:03 (time delta: 0.00 ms)
2026/07/26 09:23:52 [INFO] collision: TX slot collision detected between AA:BB:CC:00:00:00 and AA:BB:CC:00:00:01 (time delta: 0.00 ms)
2026/07/26 09:23:52 [INFO] collision: TX slot collision detected between AA:BB:CC:00:00:01 and AA:BB:CC:00:00:03 (time delta: 0.00 ms)
2026/07/26 09:23:52 [INFO] collision: TX slot collision detected between AA:BB:CC:00:00:01 and AA:BB:CC:00:00:00 (time delta: 0.00 ms)
2026/07/26 09:23:52 [INFO] collision: TX slot collision detected between AA:BB:CC:00:00:03 and AA:BB:CC:00:00:01 (time delta: 0.00 ms)
2026/07/26 09:23:52 [INFO] collision: TX slot collision detected between AA:BB:CC:00:00:03 and AA:BB:CC:00:00:00 (time delta: 0.00 ms)
2026/07/26 09:23:52 [INFO] collision: TX slot collision detected between AA:BB:CC:00:00:03 and AA:BB:CC:00:00:01 (time delta: 0.00 ms)
2026/07/26 09:23:52 [INFO] collision: TX slot collision detected between AA:BB:CC:00:00:03 and AA:BB:CC:00:00:00 (time delta: 0.00 ms)
2026/07/26 09:23:52 [INFO] collision: TX slot collision detected between AA:BB:CC:00:00:00 and AA:BB:CC:00:00:01 (time delta: 0.00 ms)
2026/07/26 09:23:52 [INFO] collision: TX slot collision detected between AA:BB:CC:00:00:00 and AA:BB:CC:00:00:01 (time delta: 0.00 ms)
2026/07/26 09:23:52 [INFO] collision: TX slot collision detected between AA:BB:CC:00:00:00 and AA:BB:CC:00:00:01 (time delta: 0.00 ms)
2026/07/26 09:23:52 [INFO] collision: TX slot collision detected between AA:BB:CC:00:00:01 and AA:BB:CC:00:00:00 (time delta: 0.00 ms)
2026/07/26 09:23:52 [INFO] collision: TX slot collision detected between AA:BB:CC:00:00:03 and AA:BB:CC:00:00:00 (time delta: 0.00 ms)
2026/07/26 09:23:52 [INFO] collision: TX slot collision detected between AA:BB:CC:00:00:03 and AA:BB:CC:00:00:01 (time delta: 0.00 ms)
2026/07/26 09:23:52 [INFO] collision: TX slot collision detected between AA:BB:CC:00:00:01 and AA:BB:CC:00:00:00 (time delta: 0.00 ms)
2026/07/26 09:23:52 [INFO] collision: TX slot collision detected between AA:BB:CC:00:00:01 and AA:BB:CC:00:00:03 (time delta: 0.00 ms)
2026/07/26 09:23:52 [INFO] collision: TX slot collision detected between AA:BB:CC:00:00:03 and AA:BB:CC:00:00:00 (time delta: 0.00 ms)
2026/07/26 09:23:52 [INFO] collision: TX slot collision detected between AA:BB:CC:00:00:03 and AA:BB:CC:00:00:01 (time delta: 0.00 ms)
2026/07/26 09:23:52 [INFO] collision: TX slot collision detected between AA:BB:CC:00:00:03 and AA:BB:CC:00:00:01 (time delta: 0.00 ms)
2026/07/26 09:23:52 [INFO] collision: TX slot collision detected between AA:BB:CC:00:00:03 and AA:BB:CC:00:00:00 (time delta: 0.00 ms)
2026/07/26 09:23:52 [INFO] collision: TX slot collision detected between AA:BB:CC:00:00:01 and AA:BB:CC:00:00:00 (time delta: 0.00 ms)
2026/07/26 09:23:52 [INFO] collision: TX slot collision detected between AA:BB:CC:00:00:03 and AA:BB:CC:00:00:01 (time delta: 0.00 ms)
2026/07/26 09:23:52 [INFO] collision: TX slot collision detected between AA:BB:CC:00:00:03 and AA:BB:CC:00:00:00 (time delta: 0.00 ms)
2026/07/26 09:23:52 [INFO] collision: TX slot collision detected between AA:BB:CC:00:00:00 and AA:BB:CC:00:00:01 (time delta: 1.00 ms)
2026/07/26 09:23:52 [INFO] collision: TX slot collision detected between AA:BB:CC:00:00:00 and AA:BB:CC:00:00:03 (time delta: 0.00 ms)
2026/07/26 09:23:52 [INFO] collision: TX slot collision detected between AA:BB:CC:00:00:01 and AA:BB:CC:00:00:00 (time delta: 0.00 ms)
2026/07/26 09:23:52 [INFO] collision: TX slot collision detected between AA:BB:CC:00:00:01 and AA:BB:CC:00:00:03 (time delta: 0.00 ms)
2026/07/26 09:23:52 [INFO] collision: TX slot collision detected between AA:BB:CC:00:00:00 and AA:BB:CC:00:00:01 (time delta: 0.00 ms)
2026/07/26 09:23:52 [INFO] collision: TX slot collision detected between AA:BB:CC:00:00:00 and AA:BB:CC:00:00:03 (time delta: 1.00 ms)
2026/07/26 09:23:52 [INFO] collision: TX slot collision detected between AA:BB:CC:00:00:01 and AA:BB:CC:00:00:03 (time delta: 1.00 ms)
2026/07/26 09:23:52 [INFO] collision: TX slot collision detected between AA:BB:CC:00:00:01 and AA:BB:CC:00:00:00 (time delta: 0.00 ms)
2026/07/26 09:23:52 [INFO] collision: TX slot collision detected between AA:BB:CC:00:00:03 and AA:BB:CC:00:00:01 (time delta: 0.00 ms)
2026/07/26 09:23:52 [INFO] collision: TX slot collision detected between AA:BB:CC:00:00:03 and AA:BB:CC:00:00:00 (time delta: 0.00 ms)
2026/07/26 09:23:52 [INFO] collision: TX slot collision detected between AA:BB:CC:00:00:03 and AA:BB:CC:00:00:01 (time delta: 0.00 ms)
2026/07/26 09:23:52 [INFO] collision: TX slot collision detected between AA:BB:CC:00:00:03 and AA:BB:CC:00:00:00 (time delta: 0.00 ms)
2026/07/26 09:23:52 [INFO] collision: TX slot collision detected between AA:BB:CC:00:00:00 and AA:BB:CC:00:00:01 (time delta: 0.00 ms)
2026/07/26 09:23:52 [INFO] collision: TX slot collision detected between AA:BB:CC:00:00:03 and AA:BB:CC:00:00:01 (time delta: 0.00 ms)
2026/07/26 09:23:52 [INFO] collision: TX slot collision detected between AA:BB:CC:00:00:03 and AA:BB:CC:00:00:00 (time delta: 0.00 ms)
2026/07/26 09:23:52 [INFO] collision: TX slot collision detected between AA:BB:CC:00:00:03 and AA:BB:CC:00:00:01 (time delta: 1.00 ms)
2026/07/26 09:23:52 [INFO] collision: TX slot collision detected between AA:BB:CC:00:00:03 and AA:BB:CC:00:00:00 (time delta: 0.00 ms)
2026/07/26 09:23:52 [INFO] collision: TX slot collision detected between AA:BB:CC:00:00:00 and AA:BB:CC:00:00:01 (time delta: 1.00 ms)
2026/07/26 09:23:52 [INFO] collision: TX slot collision detected between AA:BB:CC:00:00:00 and AA:BB:CC:00:00:03 (time delta: 0.00 ms)
2026/07/26 09:23:52 [INFO] collision: TX slot collision detected between AA:BB:CC:00:00:00 and AA:BB:CC:00:00:01 (time delta: 1.00 ms)
2026/07/26 09:23:52 [INFO] collision: TX slot collision detected between AA:BB:CC:00:00:00 and AA:BB:CC:00:00:03 (time delta: 0.00 ms)
2026/07/26 09:23:52 [INFO] collision: TX slot collision detected between AA:BB:CC:00:00:01 and AA:BB:CC:00:00:00 (time delta: 0.00 ms)
2026/07/26 09:23:52 [INFO] collision: TX slot collision detected between AA:BB:CC:00:00:01 and AA:BB:CC:00:00:03 (time delta: 0.00 ms)
2026/07/26 09:23:52 [INFO] collision: TX slot collision detected between AA:BB:CC:00:00:01 and AA:BB:CC:00:00:00 (time delta: 0.00 ms)
2026/07/26 09:23:52 [INFO] collision: TX slot collision detected between AA:BB:CC:00:00:01 and AA:BB:CC:00:00:03 (time delta: 0.00 ms)
2026/07/26 09:23:52 [INFO] collision: TX slot collision detected between AA:BB:CC:00:00:03 and AA:BB:CC:00:00:01 (time delta: 0.00 ms)
2026/07/26 09:23:52 [INFO] collision: TX slot collision detected between AA:BB:CC:00:00:03 and AA:BB:CC:00:00:00 (time delta: 0.00 ms)
2026/07/26 09:23:52 [INFO] collision: TX slot collision detected between AA:BB:CC:00:00:01 and AA:BB:CC:00:00:00 (time delta: 0.00 ms)
2026/07/26 09:23:52 [INFO] collision: TX slot collision detected between AA:BB:CC:00:00:01 and AA:BB:CC:00:00:00 (time delta: 0.00 ms)
2026/07/26 09:23:52 [INFO] collision: TX slot collision detected between AA:BB:CC:00:00:00 and AA:BB:CC:00:00:01 (time delta: 0.00 ms)
2026/07/26 09:23:52 [INFO] collision: TX slot collision detected between AA:BB:CC:00:00:00 and AA:BB:CC:00:00:01 (time delta: 0.00 ms)
2026/07/26 09:23:52 [INFO] collision: TX slot collision detected between AA:BB:CC:00:00:03 and AA:BB:CC:00:00:01 (time delta: 0.00 ms)
2026/07/26 09:23:52 [INFO] collision: TX slot collision detected between AA:BB:CC:00:00:03 and AA:BB:CC:00:00:00 (time delta: 0.00 ms)
2026/07/26 09:23:52 [INFO] collision: TX slot collision detected between AA:BB:CC:00:00:01 and AA:BB:CC:00:00:03 (time delta: 0.00 ms)
2026/07/26 09:23:52 [INFO] collision: TX slot collision detected between AA:BB:CC:00:00:01 and AA:BB:CC:00:00:00 (time delta: 1.00 ms)
2026/07/26 09:23:52 [INFO] collision: TX slot collision detected between AA:BB:CC:00:00:03 and AA:BB:CC:00:00:01 (time delta: 0.00 ms)
2026/07/26 09:23:52 [INFO] collision: TX slot collision detected between AA:BB:CC:00:00:03 and AA:BB:CC:00:00:00 (time delta: 1.00 ms)
2026/07/26 09:23:52 [INFO] collision: TX slot collision detected between AA:BB:CC:00:00:03 and AA:BB:CC:00:00:00 (time delta: 1.00 ms)
2026/07/26 09:23:52 [INFO] collision: TX slot collision detected between AA:BB:CC:00:00:03 and AA:BB:CC:00:00:01 (time delta: 0.00 ms)
2026/07/26 09:23:52 [INFO] collision: TX slot collision detected between AA:BB:CC:00:00:00 and AA:BB:CC:00:00:01 (time delta: 0.00 ms)
2026/07/26 09:23:52 [INFO] collision: TX slot collision detected between AA:BB:CC:00:00:00 and AA:BB:CC:00:00:01 (time delta: 0.00 ms)
2026/07/26 09:23:52 [INFO] collision: TX slot collision detected between AA:BB:CC:00:00:00 and AA:BB:CC:00:00:01 (time delta: 0.00 ms)
2026/07/26 09:23:52 [INFO] collision: TX slot collision detected between AA:BB:CC:00:00:03 and AA:BB:CC:00:00:00 (time delta: 0.00 ms)
2026/07/26 09:23:52 [INFO] collision: TX slot collision detected between AA:BB:CC:00:00:03 and AA:BB:CC:00:00:01 (time delta: 0.00 ms)
2026/07/26 09:23:52 [INFO] collision: TX slot collision detected between AA:BB:CC:00:00:01 and AA:BB:CC:00:00:00 (time delta: 0.00 ms)
2026/07/26 09:23:52 [INFO] collision: TX slot collision detected between AA:BB:CC:00:00:01 and AA:BB:CC:00:00:03 (time delta: 0.00 ms)
2026/07/26 09:23:52 [INFO] collision: TX slot collision detected between AA:BB:CC:00:00:01 and AA:BB:CC:00:00:00 (time delta: 0.00 ms)
2026/07/26 09:23:52 [INFO] collision: TX slot collision detected between AA:BB:CC:00:00:01 and AA:BB:CC:00:00:03 (time delta: 0.00 ms)
2026/07/26 09:23:52 [INFO] collision: TX slot collision detected between AA:BB:CC:00:00:03 and AA:BB:CC:00:00:01 (time delta: 0.00 ms)
2026/07/26 09:23:52 [INFO] collision: TX slot collision detected between AA:BB:CC:00:00:03 and AA:BB:CC:00:00:00 (time delta: 0.00 ms)
2026/07/26 09:23:52 [INFO] collision: TX slot collision detected between AA:BB:CC:00:00:03 and AA:BB:CC:00:00:00 (time delta: 0.00 ms)
2026/07/26 09:23:52 [INFO] collision: TX slot collision detected between AA:BB:CC:00:00:03 and AA:BB:CC:00:00:01 (time delta: 0.00 ms)
2026/07/26 09:23:52 [INFO] collision: TX slot collision detected between AA:BB:CC:00:00:00 and AA:BB:CC:00:00:01 (time delta: 0.00 ms)
2026/07/26 09:23:52 [INFO] collision: TX slot collision detected between AA:BB:CC:00:00:00 and AA:BB:CC:00:00:01 (time delta: 0.00 ms)
2026/07/26 09:23:52 [INFO] collision: TX slot collision detected between AA:BB:CC:00:00:01 and AA:BB:CC:00:00:00 (time delta: 0.00 ms)
2026/07/26 09:23:52 [INFO] collision: TX slot collision detected between AA:BB:CC:00:00:01 and AA:BB:CC:00:00:00 (time delta: 0.00 ms)
2026/07/26 09:23:52 [INFO] collision: TX slot collision detected between AA:BB:CC:00:00:00 and AA:BB:CC:00:00:01 (time delta: 0.00 ms)
2026/07/26 09:23:52 [INFO] collision: TX slot collision detected between AA:BB:CC:00:00:03 and AA:BB:CC:00:00:01 (time delta: 0.00 ms)
2026/07/26 09:23:52 [INFO] collision: TX slot collision detected between AA:BB:CC:00:00:03 and AA:BB:CC:00:00:00 (time delta: 0.00 ms)
2026/07/26 09:23:52 [INFO] collision: TX slot collision detected between AA:BB:CC:00:00:03 and AA:BB:CC:00:00:01 (time delta: 0.00 ms)
2026/07/26 09:23:52 [INFO] collision: TX slot collision detected between AA:BB:CC:00:00:03 and AA:BB:CC:00:00:00 (time delta: 0.00 ms)
2026/07/26 09:23:52 [INFO] collision: TX slot collision detected between AA:BB:CC:00:00:03 and AA:BB:CC:00:00:01 (time delta: 0.00 ms)
2026/07/26 09:23:52 [INFO] collision: TX slot collision detected between AA:BB:CC:00:00:03 and AA:BB:CC:00:00:00 (time delta: 0.00 ms)
2026/07/26 09:23:52 [INFO] collision: TX slot collision detected between AA:BB:CC:00:00:03 and AA:BB:CC:00:00:01 (time delta: 1.00 ms)
2026/07/26 09:23:52 [INFO] collision: TX slot collision detected between AA:BB:CC:00:00:00 and AA:BB:CC:00:00:03 (time delta: 0.00 ms)
2026/07/26 09:23:52 [INFO] collision: TX slot collision detected between AA:BB:CC:00:00:00 and AA:BB:CC:00:00:01 (time delta: 1.00 ms)
2026/07/26 09:23:52 [INFO] collision: TX slot collision detected between AA:BB:CC:00:00:03 and AA:BB:CC:00:00:01 (time delta: 2.00 ms)
2026/07/26 09:23:52 [INFO] collision: TX slot collision detected between AA:BB:CC:00:00:03 and AA:BB:CC:00:00:00 (time delta: 1.00 ms)
2026/07/26 09:23:52 [INFO] collision: TX slot collision detected between AA:BB:CC:00:00:00 and AA:BB:CC:00:00:03 (time delta: 0.00 ms)
2026/07/26 09:23:52 [INFO] collision: TX slot collision detected between AA:BB:CC:00:00:01 and AA:BB:CC:00:00:03 (time delta: 0.00 ms)
2026/07/26 09:23:52 [INFO] collision: TX slot collision detected between AA:BB:CC:00:00:01 and AA:BB:CC:00:00:00 (time delta: 0.00 ms)
2026/07/26 09:23:52 [INFO] collision: TX slot collision detected between AA:BB:CC:00:00:03 and AA:BB:CC:00:00:01 (time delta: 0.00 ms)
2026/07/26 09:23:52 [INFO] collision: TX slot collision detected between AA:BB:CC:00:00:03 and AA:BB:CC:00:00:00 (time delta: 0.00 ms)
2026/07/26 09:23:52 [INFO] collision: TX slot collision detected between AA:BB:CC:00:00:00 and AA:BB:CC:00:00:03 (time delta: 0.00 ms)
2026/07/26 09:23:52 [INFO] collision: TX slot collision detected between AA:BB:CC:00:00:00 and AA:BB:CC:00:00:01 (time delta: 0.00 ms)
2026/07/26 09:23:52 [INFO] collision: TX slot collision detected between AA:BB:CC:00:00:01 and AA:BB:CC:00:00:00 (time delta: 0.00 ms)
2026/07/26 09:23:52 [INFO] collision: TX slot collision detected between AA:BB:CC:00:00:01 and AA:BB:CC:00:00:03 (time delta: 0.00 ms)
2026/07/26 09:23:52 [INFO] collision: TX slot collision detected between AA:BB:CC:00:00:00 and AA:BB:CC:00:00:01 (time delta: 0.00 ms)
2026/07/26 09:23:52 [INFO] collision: TX slot collision detected between AA:BB:CC:00:00:00 and AA:BB:CC:00:00:01 (time delta: 0.00 ms)
2026/07/26 09:23:52 [INFO] collision: TX slot collision detected between AA:BB:CC:00:00:00 and AA:BB:CC:00:00:01 (time delta: 1.00 ms)
2026/07/26 09:23:52 [INFO] collision: TX slot collision detected between AA:BB:CC:00:00:03 and AA:BB:CC:00:00:01 (time delta: 1.00 ms)
2026/07/26 09:23:52 [INFO] collision: TX slot collision detected between AA:BB:CC:00:00:03 and AA:BB:CC:00:00:00 (time delta: 0.00 ms)
2026/07/26 09:23:52 [INFO] collision: TX slot collision detected between AA:BB:CC:00:00:01 and AA:BB:CC:00:00:00 (time delta: 0.00 ms)
2026/07/26 09:23:52 [INFO] collision: TX slot collision detected between AA:BB:CC:00:00:01 and AA:BB:CC:00:00:03 (time delta: 0.00 ms)
2026/07/26 09:23:52 [INFO] collision: TX slot collision detected between AA:BB:CC:00:00:03 and AA:BB:CC:00:00:01 (time delta: 0.00 ms)
2026/07/26 09:23:52 [INFO] collision: TX slot collision detected between AA:BB:CC:00:00:03 and AA:BB:CC:00:00:00 (time delta: 0.00 ms)
2026/07/26 09:23:52 [INFO] collision: TX slot collision detected between AA:BB:CC:00:00:03 and AA:BB:CC:00:00:01 (time delta: 0.00 ms)
2026/07/26 09:23:52 [INFO] collision: TX slot collision detected between AA:BB:CC:00:00:03 and AA:BB:CC:00:00:00 (time delta: 0.00 ms)
2026/07/26 09:23:52 [INFO] collision: TX slot collision detected between AA:BB:CC:00:00:01 and AA:BB:CC:00:00:03 (time delta: 0.00 ms)
2026/07/26 09:23:52 [INFO] collision: TX slot collision detected between AA:BB:CC:00:00:01 and AA:BB:CC:00:00:00 (time delta: 0.00 ms)
2026/07/26 09:23:52 [INFO] collision: TX slot collision detected between AA:BB:CC:00:00:01 and AA:BB:CC:00:00:00 (time delta: 0.00 ms)
2026/07/26 09:23:52 [INFO] collision: TX slot collision detected between AA:BB:CC:00:00:01 and AA:BB:CC:00:00:00 (time delta: 0.00 ms)
2026/07/26 09:23:52 [INFO] collision: TX slot collision detected between AA:BB:CC:00:00:00 and AA:BB:CC:00:00:01 (time delta: 0.00 ms)
2026/07/26 09:23:52 [INFO] collision: TX slot collision detected between AA:BB:CC:00:00:00 and AA:BB:CC:00:00:01 (time delta: 0.00 ms)
2026/07/26 09:23:52 [INFO] collision: TX slot collision detected between AA:BB:CC:00:00:03 and AA:BB:CC:00:00:01 (time delta: 0.00 ms)
2026/07/26 09:23:52 [INFO] collision: TX slot collision detected between AA:BB:CC:00:00:03 and AA:BB:CC:00:00:00 (time delta: 0.00 ms)
2026/07/26 09:23:52 [INFO] collision: TX slot collision detected between AA:BB:CC:00:00:01 and AA:BB:CC:00:00:00 (time delta: 1.00 ms)
2026/07/26 09:23:52 [INFO] collision: TX slot collision detected between AA:BB:CC:00:00:01 and AA:BB:CC:00:00:03 (time delta: 0.00 ms)
2026/07/26 09:23:52 [INFO] collision: TX slot collision detected between AA:BB:CC:00:00:03 and AA:BB:CC:00:00:01 (time delta: 0.00 ms)
2026/07/26 09:23:52 [INFO] collision: TX slot collision detected between AA:BB:CC:00:00:03 and AA:BB:CC:00:00:00 (time delta: 1.00 ms)
2026/07/26 09:23:52 [INFO] collision: TX slot collision detected between AA:BB:CC:00:00:03 and AA:BB:CC:00:00:01 (time delta: 0.00 ms)
2026/07/26 09:23:52 [INFO] collision: TX slot collision detected between AA:BB:CC:00:00:03 and AA:BB:CC:00:00:00 (time delta: 1.00 ms)
2026/07/26 09:23:52 [INFO] collision: TX slot collision detected between AA:BB:CC:00:00:00 and AA:BB:CC:00:00:01 (time delta: 0.00 ms)
2026/07/26 09:23:52 [INFO] collision: TX slot collision detected between AA:BB:CC:00:00:00 and AA:BB:CC:00:00:01 (time delta: 0.00 ms)
2026/07/26 09:23:52 [INFO] collision: TX slot collision detected between AA:BB:CC:00:00:00 and AA:BB:CC:00:00:01 (time delta: 0.00 ms)
2026/07/26 09:23:52 [INFO] collision: TX slot collision detected between AA:BB:CC:00:00:03 and AA:BB:CC:00:00:01 (time delta: 0.00 ms)
2026/07/26 09:23:52 [INFO] collision: TX slot collision detected between AA:BB:CC:00:00:03 and AA:BB:CC:00:00:00 (time delta: 0.00 ms)
2026/07/26 09:23:52 [INFO] collision: TX slot collision detected between AA:BB:CC:00:00:01 and AA:BB:CC:00:00:00 (time delta: 0.00 ms)
2026/07/26 09:23:52 [INFO] collision: TX slot collision detected between AA:BB:CC:00:00:01 and AA:BB:CC:00:00:03 (time delta: 0.00 ms)
2026/07/26 09:23:52 [INFO] collision: TX slot collision detected between AA:BB:CC:00:00:03 and AA:BB:CC:00:00:00 (time delta: 0.00 ms)
2026/07/26 09:23:52 [INFO] collision: TX slot collision detected between AA:BB:CC:00:00:03 and AA:BB:CC:00:00:01 (time delta: 0.00 ms)
2026/07/26 09:23:52 [INFO] collision: TX slot collision detected between AA:BB:CC:00:00:01 and AA:BB:CC:00:00:00 (time delta: 0.00 ms)
2026/07/26 09:23:52 [INFO] collision: TX slot collision detected between AA:BB:CC:00:00:01 and AA:BB:CC:00:00:03 (time delta: 0.00 ms)
2026/07/26 09:23:52 [INFO] collision: TX slot collision detected between AA:BB:CC:00:00:03 and AA:BB:CC:00:00:01 (time delta: 0.00 ms)
2026/07/26 09:23:52 [INFO] collision: TX slot collision detected between AA:BB:CC:00:00:03 and AA:BB:CC:00:00:00 (time delta: 1.00 ms)
2026/07/26 09:23:52 [INFO] Dashboard client connected (total: 1)
2026/07/26 09:23:52 [INFO] collision: TX slot collision detected between AA:BB:CC:00:00:03 and AA:BB:CC:00:00:01 (time delta: 0.00 ms)
2026/07/26 09:23:52 [INFO] collision: TX slot collision detected between AA:BB:CC:00:00:00 and AA:BB:CC:00:00:01 (time delta: 0.00 ms)
2026/07/26 09:23:52 [INFO] collision: TX slot collision detected between AA:BB:CC:00:00:00 and AA:BB:CC:00:00:03 (time delta: 0.00 ms)
2026/07/26 09:23:52 [INFO] collision: TX slot collision detected between AA:BB:CC:00:00:01 and AA:BB:CC:00:00:00 (time delta: 0.00 ms)
2026/07/26 09:23:52 [INFO] collision: TX slot collision detected between AA:BB:CC:00:00:01 and AA:BB:CC:00:00:03 (time delta: 0.00 ms)
2026/07/26 09:23:52 [INFO] collision: TX slot collision detected between AA:BB:CC:00:00:00 and AA:BB:CC:00:00:03 (time delta: 0.00 ms)
2026/07/26 09:23:52 [INFO] collision: TX slot collision detected between AA:BB:CC:00:00:00 and AA:BB:CC:00:00:01 (time delta: 0.00 ms)
2026/07/26 09:23:52 [INFO] collision: TX slot collision detected between AA:BB:CC:00:00:01 and AA:BB:CC:00:00:00 (time delta: 0.00 ms)
2026/07/26 09:23:52 [INFO] collision: TX slot collision detected between AA:BB:CC:00:00:01 and AA:BB:CC:00:00:03 (time delta: 0.00 ms)
2026/07/26 09:23:52 [INFO] collision: TX slot collision detected between AA:BB:CC:00:00:03 and AA:BB:CC:00:00:01 (time delta: 0.00 ms)
2026/07/26 09:23:52 [INFO] collision: TX slot collision detected between AA:BB:CC:00:00:03 and AA:BB:CC:00:00:00 (time delta: 0.00 ms)
2026/07/26 09:23:52 [INFO] collision: TX slot collision detected between AA:BB:CC:00:00:00 and AA:BB:CC:00:00:01 (time delta: 0.00 ms)
2026/07/26 09:23:52 [INFO] collision: TX slot collision detected between AA:BB:CC:00:00:00 and AA:BB:CC:00:00:03 (time delta: 0.00 ms)
2026/07/26 09:23:52 [INFO] collision: TX slot collision detected between AA:BB:CC:00:00:03 and AA:BB:CC:00:00:01 (time delta: 0.00 ms)
2026/07/26 09:23:52 [INFO] collision: TX slot collision detected between AA:BB:CC:00:00:03 and AA:BB:CC:00:00:00 (time delta: 0.00 ms)
2026/07/26 09:23:52 [INFO] collision: TX slot collision detected between AA:BB:CC:00:00:00 and AA:BB:CC:00:00:01 (time delta: 0.00 ms)
2026/07/26 09:23:52 [INFO] collision: TX slot collision detected between AA:BB:CC:00:00:00 and AA:BB:CC:00:00:01 (time delta: 0.00 ms)
2026/07/26 09:23:52 [INFO] collision: TX slot collision detected between AA:BB:CC:00:00:00 and AA:BB:CC:00:00:01 (time delta: 0.00 ms)
2026/07/26 09:23:52 [INFO] collision: TX slot collision detected between AA:BB:CC:00:00:03 and AA:BB:CC:00:00:01 (time delta: 0.00 ms)
2026/07/26 09:23:52 [INFO] collision: TX slot collision detected between AA:BB:CC:00:00:03 and AA:BB:CC:00:00:00 (time delta: 0.00 ms)
2026/07/26 09:23:52 [INFO] collision: TX slot collision detected between AA:BB:CC:00:00:03 and AA:BB:CC:00:00:01 (time delta: 0.00 ms)
2026/07/26 09:23:52 [INFO] collision: TX slot collision detected between AA:BB:CC:00:00:03 and AA:BB:CC:00:00:00 (time delta: 0.00 ms)
2026/07/26 09:23:52 [INFO] collision: TX slot collision detected between AA:BB:CC:00:00:01 and AA:BB:CC:00:00:00 (time delta: 0.00 ms)
2026/07/26 09:23:52 [INFO] collision: TX slot collision detected between AA:BB:CC:00:00:01 and AA:BB:CC:00:00:03 (time delta: 0.00 ms)
2026/07/26 09:23:52 [INFO] collision: TX slot collision detected between AA:BB:CC:00:00:01 and AA:BB:CC:00:00:00 (time delta: 0.00 ms)
2026/07/26 09:23:52 [INFO] collision: TX slot collision detected between AA:BB:CC:00:00:01 and AA:BB:CC:00:00:03 (time delta: 0.00 ms)
2026/07/26 09:23:52 [INFO] collision: TX slot collision detected between AA:BB:CC:00:00:03 and AA:BB:CC:00:00:01 (time delta: 0.00 ms)
2026/07/26 09:23:52 [INFO] collision: TX slot collision detected between AA:BB:CC:00:00:03 and AA:BB:CC:00:00:00 (time delta: 0.00 ms)
2026/07/26 09:23:52 [INFO] collision: TX slot collision detected between AA:BB:CC:00:00:00 and AA:BB:CC:00:00:01 (time delta: 0.00 ms)
2026/07/26 09:23:52 [INFO] collision: TX slot collision detected between AA:BB:CC:00:00:00 and AA:BB:CC:00:00:01 (time delta: 0.00 ms)
2026/07/26 09:23:52 [INFO] collision: TX slot collision detected between AA:BB:CC:00:00:00 and AA:BB:CC:00:00:01 (time delta: 0.00 ms)
2026/07/26 09:23:52 [INFO] collision: TX slot collision detected between AA:BB:CC:00:00:03 and AA:BB:CC:00:00:01 (time delta: 0.00 ms)
2026/07/26 09:23:52 [INFO] collision: TX slot collision detected between AA:BB:CC:00:00:03 and AA:BB:CC:00:00:00 (time delta: 0.00 ms)
2026/07/26 09:23:52 [INFO] collision: TX slot collision detected between AA:BB:CC:00:00:01 and AA:BB:CC:00:00:00 (time delta: 0.00 ms)
2026/07/26 09:23:52 [INFO] collision: TX slot collision detected between AA:BB:CC:00:00:01 and AA:BB:CC:00:00:03 (time delta: 0.00 ms)
2026/07/26 09:23:52 [INFO] collision: TX slot collision detected between AA:BB:CC:00:00:03 and AA:BB:CC:00:00:01 (time delta: 0.00 ms)
2026/07/26 09:23:52 [INFO] collision: TX slot collision detected between AA:BB:CC:00:00:03 and AA:BB:CC:00:00:00 (time delta: 0.00 ms)
2026/07/26 09:23:52 [INFO] collision: TX slot collision detected between AA:BB:CC:00:00:03 and AA:BB:CC:00:00:01 (time delta: 0.00 ms)
2026/07/26 09:23:52 [INFO] collision: TX slot collision detected between AA:BB:CC:00:00:03 and AA:BB:CC:00:00:00 (time delta: 0.00 ms)
2026/07/26 09:23:52 [INFO] collision: TX slot collision detected between AA:BB:CC:00:00:01 and AA:BB:CC:00:00:00 (time delta: 0.00 ms)
2026/07/26 09:23:52 [INFO] collision: TX slot collision detected between AA:BB:CC:00:00:01 and AA:BB:CC:00:00:03 (time delta: 0.00 ms)
2026/07/26 09:23:52 [INFO] collision: TX slot collision detected between AA:BB:CC:00:00:00 and AA:BB:CC:00:00:01 (time delta: 0.00 ms)
2026/07/26 09:23:52 [INFO] collision: TX slot collision detected between AA:BB:CC:00:00:00 and AA:BB:CC:00:00:01 (time delta: 0.00 ms)
2026/07/26 09:23:52 [INFO] collision: TX slot collision detected between AA:BB:CC:00:00:00 and AA:BB:CC:00:00:01 (time delta: 0.00 ms)
2026/07/26 09:23:52 [INFO] collision: TX slot collision detected between AA:BB:CC:00:00:01 and AA:BB:CC:00:00:00 (time delta: 0.00 ms)
2026/07/26 09:23:52 [INFO] collision: TX slot collision detected between AA:BB:CC:00:00:03 and AA:BB:CC:00:00:01 (time delta: 0.00 ms)
2026/07/26 09:23:52 [INFO] collision: TX slot collision detected between AA:BB:CC:00:00:03 and AA:BB:CC:00:00:00 (time delta: 0.00 ms)
2026/07/26 09:23:52 [INFO] collision: TX slot collision detected between AA:BB:CC:00:00:01 and AA:BB:CC:00:00:00 (time delta: 0.00 ms)
2026/07/26 09:23:52 [INFO] collision: TX slot collision detected between AA:BB:CC:00:00:01 and AA:BB:CC:00:00:03 (time delta: 0.00 ms)
2026/07/26 09:23:52 [INFO] collision: TX slot collision detected between AA:BB:CC:00:00:03 and AA:BB:CC:00:00:01 (time delta: 0.00 ms)
2026/07/26 09:23:52 [INFO] collision: TX slot collision detected between AA:BB:CC:00:00:03 and AA:BB:CC:00:00:00 (time delta: 0.00 ms)
2026/07/26 09:23:52 [INFO] collision: TX slot collision detected between AA:BB:CC:00:00:03 and AA:BB:CC:00:00:01 (time delta: 0.00 ms)
2026/07/26 09:23:52 [INFO] collision: TX slot collision detected between AA:BB:CC:00:00:03 and AA:BB:CC:00:00:00 (time delta: 0.00 ms)
2026/07/26 09:23:52 [INFO] collision: TX slot collision detected between AA:BB:CC:00:00:00 and AA:BB:CC:00:00:01 (time delta: 0.00 ms)
2026/07/26 09:23:52 [INFO] collision: TX slot collision detected between AA:BB:CC:00:00:00 and AA:BB:CC:00:00:01 (time delta: 0.00 ms)
2026/07/26 09:23:52 [INFO] collision: TX slot collision detected between AA:BB:CC:00:00:01 and AA:BB:CC:00:00:00 (time delta: 0.00 ms)
2026/07/26 09:23:52 [INFO] collision: TX slot collision detected between AA:BB:CC:00:00:03 and AA:BB:CC:00:00:01 (time delta: 0.00 ms)
2026/07/26 09:23:52 [INFO] collision: TX slot collision detected between AA:BB:CC:00:00:03 and AA:BB:CC:00:00:00 (time delta: 0.00 ms)
2026/07/26 09:23:52 [INFO] collision: TX slot collision detected between AA:BB:CC:00:00:03 and AA:BB:CC:00:00:01 (time delta: 0.00 ms)
2026/07/26 09:23:52 [INFO] collision: TX slot collision detected between AA:BB:CC:00:00:03 and AA:BB:CC:00:00:00 (time delta: 0.00 ms)
2026/07/26 09:23:52 [INFO] collision: TX slot collision detected between AA:BB:CC:00:00:00 and AA:BB:CC:00:00:01 (time delta: 0.00 ms)
2026/07/26 09:23:52 [INFO] collision: TX slot collision detected between AA:BB:CC:00:00:00 and AA:BB:CC:00:00:03 (time delta: 0.00 ms)
2026/07/26 09:23:52 [INFO] collision: TX slot collision detected between AA:BB:CC:00:00:03 and AA:BB:CC:00:00:01 (time delta: 0.00 ms)
2026/07/26 09:23:52 [INFO] collision: TX slot collision detected between AA:BB:CC:00:00:03 and AA:BB:CC:00:00:00 (time delta: 0.00 ms)
2026/07/26 09:23:52 [INFO] collision: TX slot collision detected between AA:BB:CC:00:00:01 and AA:BB:CC:00:00:00 (time delta: 0.00 ms)
2026/07/26 09:23:52 [INFO] collision: TX slot collision detected between AA:BB:CC:00:00:01 and AA:BB:CC:00:00:03 (time delta: 0.00 ms)
2026/07/26 09:23:52 [INFO] collision: TX slot collision detected between AA:BB:CC:00:00:00 and AA:BB:CC:00:00:01 (time delta: 0.00 ms)
2026/07/26 09:23:52 [INFO] collision: TX slot collision detected between AA:BB:CC:00:00:00 and AA:BB:CC:00:00:01 (time delta: 0.00 ms)
2026/07/26 09:23:52 [INFO] collision: TX slot collision detected between AA:BB:CC:00:00:03 and AA:BB:CC:00:00:01 (time delta: 0.00 ms)
2026/07/26 09:23:52 [INFO] collision: TX slot collision detected between AA:BB:CC:00:00:03 and AA:BB:CC:00:00:00 (time delta: 0.00 ms)
2026/07/26 09:23:52 [INFO] collision: TX slot collision detected between AA:BB:CC:00:00:01 and AA:BB:CC:00:00:00 (time delta: 0.00 ms)
2026/07/26 09:23:52 [INFO] collision: TX slot collision detected between AA:BB:CC:00:00:01 and AA:BB:CC:00:00:03 (time delta: 0.00 ms)
2026/07/26 09:23:52 [INFO] collision: TX slot collision detected between AA:BB:CC:00:00:00 and AA:BB:CC:00:00:01 (time delta: 0.00 ms)
2026/07/26 09:23:52 [INFO] collision: TX slot collision detected between AA:BB:CC:00:00:00 and AA:BB:CC:00:00:03 (time delta: 0.00 ms)
2026/07/26 09:23:52 [INFO] collision: TX slot collision detected between AA:BB:CC:00:00:03 and AA:BB:CC:00:00:01 (time delta: 0.00 ms)
2026/07/26 09:23:52 [INFO] collision: TX slot collision detected between AA:BB:CC:00:00:03 and AA:BB:CC:00:00:00 (time delta: 0.00 ms)
2026/07/26 09:23:52 [INFO] collision: TX slot collision detected between AA:BB:CC:00:00:01 and AA:BB:CC:00:00:03 (time delta: 0.00 ms)
2026/07/26 09:23:52 [INFO] collision: TX slot collision detected between AA:BB:CC:00:00:01 and AA:BB:CC:00:00:00 (time delta: 0.00 ms)
2026/07/26 09:23:52 [INFO] collision: TX slot collision detected between AA:BB:CC:00:00:03 and AA:BB:CC:00:00:01 (time delta: 0.00 ms)
2026/07/26 09:23:52 [INFO] collision: TX slot collision detected between AA:BB:CC:00:00:03 and AA:BB:CC:00:00:00 (time delta: 0.00 ms)
2026/07/26 09:23:52 [INFO] collision: TX slot collision detected between AA:BB:CC:00:00:00 and AA:BB:CC:00:00:01 (time delta: 0.00 ms)
2026/07/26 09:23:52 [INFO] collision: TX slot collision detected between AA:BB:CC:00:00:00 and AA:BB:CC:00:00:01 (time delta: 0.00 ms)
2026/07/26 09:23:52 [INFO] collision: TX slot collision detected between AA:BB:CC:00:00:00 and AA:BB:CC:00:00:01 (time delta: 0.00 ms)
2026/07/26 09:23:52 [INFO] collision: TX slot collision detected between AA:BB:CC:00:00:03 and AA:BB:CC:00:00:01 (time delta: 0.00 ms)
2026/07/26 09:23:52 [INFO] collision: TX slot collision detected between AA:BB:CC:00:00:03 and AA:BB:CC:00:00:00 (time delta: 0.00 ms)
2026/07/26 09:23:52 [INFO] collision: TX slot collision detected between AA:BB:CC:00:00:01 and AA:BB:CC:00:00:00 (time delta: 0.00 ms)
2026/07/26 09:23:52 [INFO] collision: TX slot collision detected between AA:BB:CC:00:00:01 and AA:BB:CC:00:00:03 (time delta: 0.00 ms)
2026/07/26 09:23:52 [INFO] collision: TX slot collision detected between AA:BB:CC:00:00:01 and AA:BB:CC:00:00:00 (time delta: 0.00 ms)
2026/07/26 09:23:52 [INFO] collision: TX slot collision detected between AA:BB:CC:00:00:01 and AA:BB:CC:00:00:03 (time delta: 0.00 ms)
2026/07/26 09:23:52 [INFO] collision: TX slot collision detected between AA:BB:CC:00:00:03 and AA:BB:CC:00:00:00 (time delta: 0.00 ms)
2026/07/26 09:23:52 [INFO] collision: TX slot collision detected between AA:BB:CC:00:00:03 and AA:BB:CC:00:00:01 (time delta: 0.00 ms)
2026/07/26 09:23:52 [INFO] collision: TX slot collision detected between AA:BB:CC:00:00:03 and AA:BB:CC:00:00:01 (time delta: 0.00 ms)
2026/07/26 09:23:52 [INFO] collision: TX slot collision detected between AA:BB:CC:00:00:03 and AA:BB:CC:00:00:00 (time delta: 0.00 ms)
2026/07/26 09:23:52 [INFO] collision: TX slot collision detected between AA:BB:CC:00:00:00 and AA:BB:CC:00:00:01 (time delta: 0.00 ms)
2026/07/26 09:23:52 [INFO] collision: TX slot collision detected between AA:BB:CC:00:00:00 and AA:BB:CC:00:00:01 (time delta: 0.00 ms)
2026/07/26 09:23:52 [INFO] collision: TX slot collision detected between AA:BB:CC:00:00:00 and AA:BB:CC:00:00:01 (time delta: 0.00 ms)
2026/07/26 09:23:52 [INFO] collision: TX slot collision detected between AA:BB:CC:00:00:03 and AA:BB:CC:00:00:01 (time delta: 0.00 ms)
2026/07/26 09:23:52 [INFO] collision: TX slot collision detected between AA:BB:CC:00:00:03 and AA:BB:CC:00:00:00 (time delta: 0.00 ms)
2026/07/26 09:23:52 [INFO] collision: TX slot collision detected between AA:BB:CC:00:00:03 and AA:BB:CC:00:00:01 (time delta: 0.00 ms)
2026/07/26 09:23:52 [INFO] collision: TX slot collision detected between AA:BB:CC:00:00:03 and AA:BB:CC:00:00:00 (time delta: 0.00 ms)
2026/07/26 09:23:52 [INFO] collision: TX slot collision detected between AA:BB:CC:00:00:01 and AA:BB:CC:00:00:00 (time delta: 0.00 ms)
2026/07/26 09:23:52 [INFO] collision: TX slot collision detected between AA:BB:CC:00:00:01 and AA:BB:CC:00:00:03 (time delta: 0.00 ms)
2026/07/26 09:23:52 [INFO] collision: TX slot collision detected between AA:BB:CC:00:00:01 and AA:BB:CC:00:00:03 (time delta: 0.00 ms)
2026/07/26 09:23:52 [INFO] collision: TX slot collision detected between AA:BB:CC:00:00:01 and AA:BB:CC:00:00:00 (time delta: 0.00 ms)
2026/07/26 09:23:52 [INFO] collision: TX slot collision detected between AA:BB:CC:00:00:03 and AA:BB:CC:00:00:01 (time delta: 0.00 ms)
2026/07/26 09:23:52 [INFO] collision: TX slot collision detected between AA:BB:CC:00:00:03 and AA:BB:CC:00:00:00 (time delta: 0.00 ms)
2026/07/26 09:23:53 [INFO] collision: TX slot collision detected between AA:BB:CC:00:00:00 and AA:BB:CC:00:00:01 (time delta: 0.00 ms)
2026/07/26 09:23:53 [INFO] collision: TX slot collision detected between AA:BB:CC:00:00:00 and AA:BB:CC:00:00:01 (time delta: 0.00 ms)
2026/07/26 09:23:53 [INFO] collision: TX slot collision detected between AA:BB:CC:00:00:03 and AA:BB:CC:00:00:01 (time delta: 0.00 ms)
2026/07/26 09:23:53 [INFO] collision: TX slot collision detected between AA:BB:CC:00:00:03 and AA:BB:CC:00:00:00 (time delta: 0.00 ms)
2026/07/26 09:23:53 [INFO] collision: TX slot collision detected between AA:BB:CC:00:00:01 and AA:BB:CC:00:00:00 (time delta: 0.00 ms)
2026/07/26 09:23:53 [INFO] collision: TX slot collision detected between AA:BB:CC:00:00:01 and AA:BB:CC:00:00:03 (time delta: 0.00 ms)
2026/07/26 09:23:53 [INFO] collision: TX slot collision detected between AA:BB:CC:00:00:03 and AA:BB:CC:00:00:01 (time delta: 0.00 ms)
2026/07/26 09:23:53 [INFO] collision: TX slot collision detected between AA:BB:CC:00:00:03 and AA:BB:CC:00:00:00 (time delta: 0.00 ms)
2026/07/26 09:23:53 [INFO] collision: TX slot collision detected between AA:BB:CC:00:00:03 and AA:BB:CC:00:00:00 (time delta: 0.00 ms)
2026/07/26 09:23:53 [INFO] collision: TX slot collision detected between AA:BB:CC:00:00:03 and AA:BB:CC:00:00:01 (time delta: 0.00 ms)
2026/07/26 09:23:53 [INFO] collision: TX slot collision detected between AA:BB:CC:00:00:00 and AA:BB:CC:00:00:03 (time delta: 0.00 ms)
2026/07/26 09:23:53 [INFO] collision: TX slot collision detected between AA:BB:CC:00:00:00 and AA:BB:CC:00:00:01 (time delta: 0.00 ms)
2026/07/26 09:23:53 [INFO] collision: TX slot collision detected between AA:BB:CC:00:00:01 and AA:BB:CC:00:00:00 (time delta: 0.00 ms)
2026/07/26 09:23:53 [INFO] collision: TX slot collision detected between AA:BB:CC:00:00:01 and AA:BB:CC:00:00:03 (time delta: 0.00 ms)
2026/07/26 09:23:53 [INFO] collision: TX slot collision detected between AA:BB:CC:00:00:01 and AA:BB:CC:00:00:00 (time delta: 0.00 ms)
2026/07/26 09:23:53 [INFO] collision: TX slot collision detected between AA:BB:CC:00:00:03 and AA:BB:CC:00:00:01 (time delta: 0.00 ms)
2026/07/26 09:23:53 [INFO] collision: TX slot collision detected between AA:BB:CC:00:00:03 and AA:BB:CC:00:00:00 (time delta: 0.00 ms)
2026/07/26 09:23:53 [INFO] collision: TX slot collision detected between AA:BB:CC:00:00:01 and AA:BB:CC:00:00:00 (time delta: 0.00 ms)
2026/07/26 09:23:53 [INFO] collision: TX slot collision detected between AA:BB:CC:00:00:01 and AA:BB:CC:00:00:03 (time delta: 0.00 ms)
2026/07/26 09:23:53 [INFO] collision: TX slot collision detected between AA:BB:CC:00:00:01 and AA:BB:CC:00:00:00 (time delta: 0.00 ms)
2026/07/26 09:23:53 [INFO] collision: TX slot collision detected between AA:BB:CC:00:00:01 and AA:BB:CC:00:00:03 (time delta: 0.00 ms)
2026/07/26 09:23:53 [INFO] collision: TX slot collision detected between AA:BB:CC:00:00:03 and AA:BB:CC:00:00:01 (time delta: 0.00 ms)
2026/07/26 09:23:53 [INFO] collision: TX slot collision detected between AA:BB:CC:00:00:03 and AA:BB:CC:00:00:00 (time delta: 0.00 ms)
2026/07/26 09:23:53 [INFO] collision: TX slot collision detected between AA:BB:CC:00:00:03 and AA:BB:CC:00:00:01 (time delta: 0.00 ms)
2026/07/26 09:23:53 [INFO] collision: TX slot collision detected between AA:BB:CC:00:00:03 and AA:BB:CC:00:00:00 (time delta: 0.00 ms)
2026/07/26 09:23:53 [INFO] collision: TX slot collision detected between AA:BB:CC:00:00:00 and AA:BB:CC:00:00:01 (time delta: 0.00 ms)
2026/07/26 09:23:53 [INFO] collision: TX slot collision detected between AA:BB:CC:00:00:01 and AA:BB:CC:00:00:00 (time delta: 0.00 ms)
2026/07/26 09:23:53 [INFO] collision: TX slot collision detected between AA:BB:CC:00:00:00 and AA:BB:CC:00:00:01 (time delta: 0.00 ms)
2026/07/26 09:23:53 [INFO] collision: TX slot collision detected between AA:BB:CC:00:00:00 and AA:BB:CC:00:00:01 (time delta: 0.00 ms)
2026/07/26 09:23:53 [INFO] collision: TX slot collision detected between AA:BB:CC:00:00:03 and AA:BB:CC:00:00:00 (time delta: 0.00 ms)
2026/07/26 09:23:53 [INFO] collision: TX slot collision detected between AA:BB:CC:00:00:03 and AA:BB:CC:00:00:01 (time delta: 0.00 ms)
2026/07/26 09:23:53 [INFO] collision: TX slot collision detected between AA:BB:CC:00:00:03 and AA:BB:CC:00:00:01 (time delta: 0.00 ms)
2026/07/26 09:23:53 [INFO] collision: TX slot collision detected between AA:BB:CC:00:00:03 and AA:BB:CC:00:00:00 (time delta: 0.00 ms)
2026/07/26 09:23:53 [INFO] collision: TX slot collision detected between AA:BB:CC:00:00:01 and AA:BB:CC:00:00:00 (time delta: 0.00 ms)
2026/07/26 09:23:53 [INFO] collision: TX slot collision detected between AA:BB:CC:00:00:01 and AA:BB:CC:00:00:03 (time delta: 0.00 ms)
2026/07/26 09:23:53 [INFO] collision: TX slot collision detected between AA:BB:CC:00:00:03 and AA:BB:CC:00:00:01 (time delta: 0.00 ms)
2026/07/26 09:23:53 [INFO] collision: TX slot collision detected between AA:BB:CC:00:00:03 and AA:BB:CC:00:00:00 (time delta: 0.00 ms)
2026/07/26 09:23:53 [INFO] collision: TX slot collision detected between AA:BB:CC:00:00:00 and AA:BB:CC:00:00:01 (time delta: 1.00 ms)
2026/07/26 09:23:53 [INFO] collision: TX slot collision detected between AA:BB:CC:00:00:00 and AA:BB:CC:00:00:01 (time delta: 1.00 ms)
2026/07/26 09:23:53 [INFO] collision: TX slot collision detected between AA:BB:CC:00:00:00 and AA:BB:CC:00:00:01 (time delta: 1.00 ms)
2026/07/26 09:23:53 [INFO] collision: TX slot collision detected between AA:BB:CC:00:00:03 and AA:BB:CC:00:00:00 (time delta: 1.00 ms)
2026/07/26 09:23:53 [INFO] collision: TX slot collision detected between AA:BB:CC:00:00:01 and AA:BB:CC:00:00:00 (time delta: 1.00 ms)
2026/07/26 09:23:53 [INFO] collision: TX slot collision detected between AA:BB:CC:00:00:01 and AA:BB:CC:00:00:03 (time delta: 0.00 ms)
2026/07/26 09:23:53 [INFO] collision: TX slot collision detected between AA:BB:CC:00:00:01 and AA:BB:CC:00:00:00 (time delta: 1.00 ms)
2026/07/26 09:23:53 [INFO] collision: TX slot collision detected between AA:BB:CC:00:00:01 and AA:BB:CC:00:00:03 (time delta: 0.00 ms)
2026/07/26 09:23:53 [INFO] collision: TX slot collision detected between AA:BB:CC:00:00:03 and AA:BB:CC:00:00:01 (time delta: 0.00 ms)
2026/07/26 09:23:53 [INFO] collision: TX slot collision detected between AA:BB:CC:00:00:03 and AA:BB:CC:00:00:00 (time delta: 2.00 ms)
2026/07/26 09:23:53 [INFO] collision: TX slot collision detected between AA:BB:CC:00:00:03 and AA:BB:CC:00:00:01 (time delta: 0.00 ms)
2026/07/26 09:23:53 [INFO] collision: TX slot collision detected between AA:BB:CC:00:00:03 and AA:BB:CC:00:00:00 (time delta: 2.00 ms)
2026/07/26 09:23:53 [INFO] collision: TX slot collision detected between AA:BB:CC:00:00:03 and AA:BB:CC:00:00:01 (time delta: 0.00 ms)
2026/07/26 09:23:53 [INFO] collision: TX slot collision detected between AA:BB:CC:00:00:00 and AA:BB:CC:00:00:03 (time delta: 0.00 ms)
2026/07/26 09:23:53 [INFO] collision: TX slot collision detected between AA:BB:CC:00:00:00 and AA:BB:CC:00:00:01 (time delta: 0.00 ms)
2026/07/26 09:23:53 [INFO] collision: TX slot collision detected between AA:BB:CC:00:00:00 and AA:BB:CC:00:00:01 (time delta: 0.00 ms)
2026/07/26 09:23:53 [INFO] collision: TX slot collision detected between AA:BB:CC:00:00:00 and AA:BB:CC:00:00:03 (time delta: 0.00 ms)
2026/07/26 09:23:53 [INFO] collision: TX slot collision detected between AA:BB:CC:00:00:01 and AA:BB:CC:00:00:00 (time delta: 0.00 ms)
2026/07/26 09:23:53 [INFO] collision: TX slot collision detected between AA:BB:CC:00:00:01 and AA:BB:CC:00:00:03 (time delta: 0.00 ms)
2026/07/26 09:23:53 [INFO] collision: TX slot collision detected between AA:BB:CC:00:00:01 and AA:BB:CC:00:00:00 (time delta: 0.00 ms)
2026/07/26 09:23:53 [INFO] collision: TX slot collision detected between AA:BB:CC:00:00:01 and AA:BB:CC:00:00:03 (time delta: 0.00 ms)
2026/07/26 09:23:53 [INFO] collision: TX slot collision detected between AA:BB:CC:00:00:00 and AA:BB:CC:00:00:01 (time delta: 0.00 ms)
2026/07/26 09:23:53 [INFO] collision: TX slot collision detected between AA:BB:CC:00:00:00 and AA:BB:CC:00:00:03 (time delta: 0.00 ms)
2026/07/26 09:23:53 [INFO] collision: TX slot collision detected between AA:BB:CC:00:00:03 and AA:BB:CC:00:00:01 (time delta: 0.00 ms)
2026/07/26 09:23:53 [INFO] collision: TX slot collision detected between AA:BB:CC:00:00:03 and AA:BB:CC:00:00:00 (time delta: 0.00 ms)
2026/07/26 09:23:53 [INFO] collision: TX slot collision detected between AA:BB:CC:00:00:03 and AA:BB:CC:00:00:01 (time delta: 1.00 ms)
2026/07/26 09:23:53 [INFO] collision: TX slot collision detected between AA:BB:CC:00:00:03 and AA:BB:CC:00:00:00 (time delta: 1.00 ms)
2026/07/26 09:23:53 [INFO] collision: TX slot collision detected between AA:BB:CC:00:00:00 and AA:BB:CC:00:00:01 (time delta: 0.00 ms)
2026/07/26 09:23:53 [INFO] collision: TX slot collision detected between AA:BB:CC:00:00:00 and AA:BB:CC:00:00:01 (time delta: 0.00 ms)
2026/07/26 09:23:53 [INFO] collision: TX slot collision detected between AA:BB:CC:00:00:00 and AA:BB:CC:00:00:01 (time delta: 0.00 ms)
2026/07/26 09:23:53 [INFO] collision: TX slot collision detected between AA:BB:CC:00:00:03 and AA:BB:CC:00:00:01 (time delta: 0.00 ms)
2026/07/26 09:23:53 [INFO] collision: TX slot collision detected between AA:BB:CC:00:00:03 and AA:BB:CC:00:00:00 (time delta: 0.00 ms)
2026/07/26 09:23:53 [INFO] collision: TX slot collision detected between AA:BB:CC:00:00:01 and AA:BB:CC:00:00:03 (time delta: 0.00 ms)
2026/07/26 09:23:53 [INFO] collision: TX slot collision detected between AA:BB:CC:00:00:01 and AA:BB:CC:00:00:00 (time delta: 0.00 ms)
2026/07/26 09:23:53 [INFO] collision: TX slot collision detected between AA:BB:CC:00:00:01 and AA:BB:CC:00:00:03 (time delta: 0.00 ms)
2026/07/26 09:23:53 [INFO] collision: TX slot collision detected between AA:BB:CC:00:00:01 and AA:BB:CC:00:00:00 (time delta: 0.00 ms)
2026/07/26 09:23:53 [INFO] collision: TX slot collision detected between AA:BB:CC:00:00:03 and AA:BB:CC:00:00:01 (time delta: 0.00 ms)
2026/07/26 09:23:53 [INFO] collision: TX slot collision detected between AA:BB:CC:00:00:03 and AA:BB:CC:00:00:00 (time delta: 0.00 ms)
2026/07/26 09:23:53 [INFO] collision: TX slot collision detected between AA:BB:CC:00:00:03 and AA:BB:CC:00:00:00 (time delta: 0.00 ms)
2026/07/26 09:23:53 [INFO] collision: TX slot collision detected between AA:BB:CC:00:00:03 and AA:BB:CC:00:00:01 (time delta: 0.00 ms)
2026/07/26 09:23:53 [INFO] collision: TX slot collision detected between AA:BB:CC:00:00:00 and AA:BB:CC:00:00:01 (time delta: 0.00 ms)
2026/07/26 09:23:53 [INFO] collision: TX slot collision detected between AA:BB:CC:00:00:00 and AA:BB:CC:00:00:01 (time delta: 0.00 ms)
2026/07/26 09:23:53 [INFO] collision: TX slot collision detected between AA:BB:CC:00:00:00 and AA:BB:CC:00:00:01 (time delta: 0.00 ms)
2026/07/26 09:23:53 [INFO] collision: TX slot collision detected between AA:BB:CC:00:00:03 and AA:BB:CC:00:00:01 (time delta: 0.00 ms)
2026/07/26 09:23:53 [INFO] collision: TX slot collision detected between AA:BB:CC:00:00:03 and AA:BB:CC:00:00:00 (time delta: 0.00 ms)
2026/07/26 09:23:53 [INFO] collision: TX slot collision detected between AA:BB:CC:00:00:01 and AA:BB:CC:00:00:00 (time delta: 0.00 ms)
2026/07/26 09:23:53 [INFO] collision: TX slot collision detected between AA:BB:CC:00:00:01 and AA:BB:CC:00:00:03 (time delta: 0.00 ms)
2026/07/26 09:23:53 [INFO] collision: TX slot collision detected between AA:BB:CC:00:00:01 and AA:BB:CC:00:00:00 (time delta: 0.00 ms)
2026/07/26 09:23:53 [INFO] collision: TX slot collision detected between AA:BB:CC:00:00:01 and AA:BB:CC:00:00:03 (time delta: 0.00 ms)
2026/07/26 09:23:53 [INFO] collision: TX slot collision detected between AA:BB:CC:00:00:03 and AA:BB:CC:00:00:01 (time delta: 0.00 ms)
2026/07/26 09:23:53 [INFO] collision: TX slot collision detected between AA:BB:CC:00:00:03 and AA:BB:CC:00:00:00 (time delta: 0.00 ms)
2026/07/26 09:23:53 [INFO] collision: TX slot collision detected between AA:BB:CC:00:00:03 and AA:BB:CC:00:00:01 (time delta: 0.00 ms)
2026/07/26 09:23:53 [INFO] collision: TX slot collision detected between AA:BB:CC:00:00:03 and AA:BB:CC:00:00:00 (time delta: 0.00 ms)
2026/07/26 09:23:53 [INFO] collision: TX slot collision detected between AA:BB:CC:00:00:00 and AA:BB:CC:00:00:01 (time delta: 0.00 ms)
2026/07/26 09:23:53 [INFO] collision: TX slot collision detected between AA:BB:CC:00:00:00 and AA:BB:CC:00:00:01 (time delta: 0.00 ms)
2026/07/26 09:23:53 [INFO] collision: TX slot collision detected between AA:BB:CC:00:00:00 and AA:BB:CC:00:00:01 (time delta: 0.00 ms)
2026/07/26 09:23:53 [INFO] collision: TX slot collision detected between AA:BB:CC:00:00:01 and AA:BB:CC:00:00:00 (time delta: 2.00 ms)
2026/07/26 09:23:53 [INFO] collision: TX slot collision detected between AA:BB:CC:00:00:03 and AA:BB:CC:00:00:01 (time delta: 0.00 ms)
2026/07/26 09:23:53 [INFO] collision: TX slot collision detected between AA:BB:CC:00:00:03 and AA:BB:CC:00:00:00 (time delta: 2.00 ms)
2026/07/26 09:23:53 [INFO] collision: TX slot collision detected between AA:BB:CC:00:00:01 and AA:BB:CC:00:00:00 (time delta: 2.00 ms)
2026/07/26 09:23:53 [INFO] collision: TX slot collision detected between AA:BB:CC:00:00:01 and AA:BB:CC:00:00:03 (time delta: 0.00 ms)
2026/07/26 09:23:53 [INFO] collision: TX slot collision detected between AA:BB:CC:00:00:03 and AA:BB:CC:00:00:01 (time delta: 0.00 ms)
2026/07/26 09:23:53 [INFO] collision: TX slot collision detected between AA:BB:CC:00:00:03 and AA:BB:CC:00:00:01 (time delta: 0.00 ms)
2026/07/26 09:23:53 [INFO] collision: TX slot collision detected between AA:BB:CC:00:00:00 and AA:BB:CC:00:00:01 (time delta: 0.00 ms)
2026/07/26 09:23:53 [INFO] collision: TX slot collision detected between AA:BB:CC:00:00:00 and AA:BB:CC:00:00:01 (time delta: 0.00 ms)
2026/07/26 09:23:53 [INFO] collision: TX slot collision detected between AA:BB:CC:00:00:00 and AA:BB:CC:00:00:01 (time delta: 0.00 ms)
2026/07/26 09:23:53 [INFO] collision: TX slot collision detected between AA:BB:CC:00:00:01 and AA:BB:CC:00:00:00 (time delta: 0.00 ms)
2026/07/26 09:23:53 [INFO] collision: TX slot collision detected between AA:BB:CC:00:00:03 and AA:BB:CC:00:00:01 (time delta: 0.00 ms)
2026/07/26 09:23:53 [INFO] collision: TX slot collision detected between AA:BB:CC:00:00:03 and AA:BB:CC:00:00:00 (time delta: 0.00 ms)
2026/07/26 09:23:53 [INFO] collision: TX slot collision detected between AA:BB:CC:00:00:03 and AA:BB:CC:00:00:01 (time delta: 0.00 ms)
2026/07/26 09:23:53 [INFO] collision: TX slot collision detected between AA:BB:CC:00:00:03 and AA:BB:CC:00:00:00 (time delta: 0.00 ms)
2026/07/26 09:23:53 [INFO] collision: TX slot collision detected between AA:BB:CC:00:00:01 and AA:BB:CC:00:00:00 (time delta: 0.00 ms)
2026/07/26 09:23:53 [INFO] collision: TX slot collision detected between AA:BB:CC:00:00:01 and AA:BB:CC:00:00:03 (time delta: 0.00 ms)
2026/07/26 09:23:53 [INFO] collision: TX slot collision detected between AA:BB:CC:00:00:03 and AA:BB:CC:00:00:01 (time delta: 0.00 ms)
2026/07/26 09:23:53 [INFO] collision: TX slot collision detected between AA:BB:CC:00:00:03 and AA:BB:CC:00:00:00 (time delta: 0.00 ms)
2026/07/26 09:23:53 [INFO] collision: TX slot collision detected between AA:BB:CC:00:00:01 and AA:BB:CC:00:00:00 (time delta: 0.00 ms)
2026/07/26 09:23:53 [INFO] collision: TX slot collision detected between AA:BB:CC:00:00:01 and AA:BB:CC:00:00:00 (time delta: 0.00 ms)
2026/07/26 09:23:53 [INFO] collision: TX slot collision detected between AA:BB:CC:00:00:00 and AA:BB:CC:00:00:01 (time delta: 0.00 ms)
2026/07/26 09:23:53 [INFO] collision: TX slot collision detected between AA:BB:CC:00:00:03 and AA:BB:CC:00:00:01 (time delta: 0.00 ms)
2026/07/26 09:23:53 [INFO] collision: TX slot collision detected between AA:BB:CC:00:00:03 and AA:BB:CC:00:00:00 (time delta: 0.00 ms)
2026/07/26 09:23:53 [INFO] collision: TX slot collision detected between AA:BB:CC:00:00:00 and AA:BB:CC:00:00:01 (time delta: 0.00 ms)
2026/07/26 09:23:53 [INFO] collision: TX slot collision detected between AA:BB:CC:00:00:00 and AA:BB:CC:00:00:03 (time delta: 0.00 ms)
2026/07/26 09:23:53 [INFO] collision: TX slot collision detected between AA:BB:CC:00:00:01 and AA:BB:CC:00:00:00 (time delta: 1.00 ms)
2026/07/26 09:23:53 [INFO] collision: TX slot collision detected between AA:BB:CC:00:00:01 and AA:BB:CC:00:00:03 (time delta: 0.00 ms)
2026/07/26 09:23:53 [INFO] collision: TX slot collision detected between AA:BB:CC:00:00:03 and AA:BB:CC:00:00:01 (time delta: 0.00 ms)
2026/07/26 09:23:53 [INFO] collision: TX slot collision detected between AA:BB:CC:00:00:03 and AA:BB:CC:00:00:00 (time delta: 1.00 ms)
2026/07/26 09:23:53 [INFO] collision: TX slot collision detected between AA:BB:CC:00:00:03 and AA:BB:CC:00:00:00 (time delta: 1.00 ms)
2026/07/26 09:23:53 [INFO] collision: TX slot collision detected between AA:BB:CC:00:00:03 and AA:BB:CC:00:00:01 (time delta: 0.00 ms)
2026/07/26 09:23:53 [INFO] collision: TX slot collision detected between AA:BB:CC:00:00:00 and AA:BB:CC:00:00:01 (time delta: 0.00 ms)
2026/07/26 09:23:53 [INFO] collision: TX slot collision detected between AA:BB:CC:00:00:00 and AA:BB:CC:00:00:01 (time delta: 0.00 ms)
2026/07/26 09:23:53 [INFO] collision: TX slot collision detected between AA:BB:CC:00:00:00 and AA:BB:CC:00:00:01 (time delta: 0.00 ms)
2026/07/26 09:23:53 [INFO] collision: TX slot collision detected between AA:BB:CC:00:00:03 and AA:BB:CC:00:00:01 (time delta: 0.00 ms)
2026/07/26 09:23:53 [INFO] collision: TX slot collision detected between AA:BB:CC:00:00:03 and AA:BB:CC:00:00:00 (time delta: 0.00 ms)
2026/07/26 09:23:53 [INFO] collision: TX slot collision detected between AA:BB:CC:00:00:01 and AA:BB:CC:00:00:00 (time delta: 0.00 ms)
2026/07/26 09:23:53 [INFO] collision: TX slot collision detected between AA:BB:CC:00:00:01 and AA:BB:CC:00:00:03 (time delta: 0.00 ms)
2026/07/26 09:23:53 [INFO] collision: TX slot collision detected between AA:BB:CC:00:00:03 and AA:BB:CC:00:00:01 (time delta: 0.00 ms)
2026/07/26 09:23:53 [INFO] collision: TX slot collision detected between AA:BB:CC:00:00:03 and AA:BB:CC:00:00:00 (time delta: 0.00 ms)
2026/07/26 09:23:53 [INFO] collision: TX slot collision detected between AA:BB:CC:00:00:03 and AA:BB:CC:00:00:00 (time delta: 0.00 ms)
2026/07/26 09:23:53 [INFO] collision: TX slot collision detected between AA:BB:CC:00:00:03 and AA:BB:CC:00:00:01 (time delta: 0.00 ms)
2026/07/26 09:23:53 [INFO] collision: TX slot collision detected between AA:BB:CC:00:00:01 and AA:BB:CC:00:00:03 (time delta: 0.00 ms)
2026/07/26 09:23:53 [INFO] collision: TX slot collision detected between AA:BB:CC:00:00:01 and AA:BB:CC:00:00:00 (time delta: 0.00 ms)
2026/07/26 09:23:53 [INFO] collision: TX slot collision detected between AA:BB:CC:00:00:00 and AA:BB:CC:00:00:01 (time delta: 0.00 ms)
2026/07/26 09:23:53 [INFO] collision: TX slot collision detected between AA:BB:CC:00:00:00 and AA:BB:CC:00:00:01 (time delta: 0.00 ms)
2026/07/26 09:23:53 [INFO] collision: TX slot collision detected between AA:BB:CC:00:00:00 and AA:BB:CC:00:00:01 (time delta: 0.00 ms)
2026/07/26 09:23:53 [INFO] collision: TX slot collision detected between AA:BB:CC:00:00:01 and AA:BB:CC:00:00:00 (time delta: 0.00 ms)
2026/07/26 09:23:53 [INFO] collision: TX slot collision detected between AA:BB:CC:00:00:03 and AA:BB:CC:00:00:01 (time delta: 0.00 ms)
2026/07/26 09:23:53 [INFO] collision: TX slot collision detected between AA:BB:CC:00:00:03 and AA:BB:CC:00:00:00 (time delta: 0.00 ms)
2026/07/26 09:23:53 [INFO] collision: TX slot collision detected between AA:BB:CC:00:00:01 and AA:BB:CC:00:00:00 (time delta: 0.00 ms)
2026/07/26 09:23:53 [INFO] collision: TX slot collision detected between AA:BB:CC:00:00:01 and AA:BB:CC:00:00:03 (time delta: 0.00 ms)
2026/07/26 09:23:53 [INFO] collision: TX slot collision detected between AA:BB:CC:00:00:03 and AA:BB:CC:00:00:00 (time delta: 0.00 ms)
2026/07/26 09:23:53 [INFO] collision: TX slot collision detected between AA:BB:CC:00:00:03 and AA:BB:CC:00:00:01 (time delta: 0.00 ms)
2026/07/26 09:23:53 [INFO] collision: TX slot collision detected between AA:BB:CC:00:00:03 and AA:BB:CC:00:00:00 (time delta: 0.00 ms)
2026/07/26 09:23:53 [INFO] collision: TX slot collision detected between AA:BB:CC:00:00:03 and AA:BB:CC:00:00:01 (time delta: 0.00 ms)
2026/07/26 09:23:53 [INFO] collision: TX slot collision detected between AA:BB:CC:00:00:00 and AA:BB:CC:00:00:01 (time delta: 0.00 ms)
2026/07/26 09:23:53 [INFO] collision: TX slot collision detected between AA:BB:CC:00:00:00 and AA:BB:CC:00:00:01 (time delta: 0.00 ms)
2026/07/26 09:23:53 [INFO] collision: TX slot collision detected between AA:BB:CC:00:00:00 and AA:BB:CC:00:00:01 (time delta: 0.00 ms)
2026/07/26 09:23:53 [INFO] collision: TX slot collision detected between AA:BB:CC:00:00:01 and AA:BB:CC:00:00:00 (time delta: 0.00 ms)
2026/07/26 09:23:53 [INFO] collision: TX slot collision detected between AA:BB:CC:00:00:03 and AA:BB:CC:00:00:01 (time delta: 0.00 ms)
2026/07/26 09:23:53 [INFO] collision: TX slot collision detected between AA:BB:CC:00:00:03 and AA:BB:CC:00:00:00 (time delta: 0.00 ms)
2026/07/26 09:23:53 [INFO] collision: TX slot collision detected between AA:BB:CC:00:00:01 and AA:BB:CC:00:00:00 (time delta: 0.00 ms)
2026/07/26 09:23:53 [INFO] collision: TX slot collision detected between AA:BB:CC:00:00:01 and AA:BB:CC:00:00:03 (time delta: 0.00 ms)
2026/07/26 09:23:53 [INFO] collision: TX slot collision detected between AA:BB:CC:00:00:03 and AA:BB:CC:00:00:00 (time delta: 0.00 ms)
2026/07/26 09:23:53 [INFO] collision: TX slot collision detected between AA:BB:CC:00:00:03 and AA:BB:CC:00:00:01 (time delta: 0.00 ms)
2026/07/26 09:23:53 [INFO] collision: TX slot collision detected between AA:BB:CC:00:00:03 and AA:BB:CC:00:00:00 (time delta: 0.00 ms)
2026/07/26 09:23:53 [INFO] collision: TX slot collision detected between AA:BB:CC:00:00:03 and AA:BB:CC:00:00:01 (time delta: 0.00 ms)
2026/07/26 09:23:53 [INFO] collision: TX slot collision detected between AA:BB:CC:00:00:01 and AA:BB:CC:00:00:00 (time delta: 0.00 ms)
2026/07/26 09:23:53 [INFO] collision: TX slot collision detected between AA:BB:CC:00:00:00 and AA:BB:CC:00:00:01 (time delta: 0.00 ms)
2026/07/26 09:23:53 [INFO] collision: TX slot collision detected between AA:BB:CC:00:00:00 and AA:BB:CC:00:00:01 (time delta: 0.00 ms)
2026/07/26 09:23:53 [INFO] collision: TX slot collision detected between AA:BB:CC:00:00:01 and AA:BB:CC:00:00:00 (time delta: 0.00 ms)
2026/07/26 09:23:53 [INFO] collision: TX slot collision detected between AA:BB:CC:00:00:01 and AA:BB:CC:00:00:00 (time delta: 0.00 ms)
2026/07/26 09:23:53 [INFO] collision: TX slot collision detected between AA:BB:CC:00:00:03 and AA:BB:CC:00:00:00 (time delta: 0.00 ms)
2026/07/26 09:23:53 [INFO] collision: TX slot collision detected between AA:BB:CC:00:00:03 and AA:BB:CC:00:00:01 (time delta: 0.00 ms)
2026/07/26 09:23:53 [INFO] collision: TX slot collision detected between AA:BB:CC:00:00:03 and AA:BB:CC:00:00:01 (time delta: 0.00 ms)
2026/07/26 09:23:53 [INFO] collision: TX slot collision detected between AA:BB:CC:00:00:03 and AA:BB:CC:00:00:00 (time delta: 1.00 ms)
2026/07/26 09:23:53 [INFO] collision: TX slot collision detected between AA:BB:CC:00:00:03 and AA:BB:CC:00:00:00 (time delta: 1.00 ms)
2026/07/26 09:23:53 [INFO] collision: TX slot collision detected between AA:BB:CC:00:00:03 and AA:BB:CC:00:00:01 (time delta: 0.00 ms)
2026/07/26 09:23:53 [INFO] collision: TX slot collision detected between AA:BB:CC:00:00:00 and AA:BB:CC:00:00:01 (time delta: 0.00 ms)
2026/07/26 09:23:53 [INFO] collision: TX slot collision detected between AA:BB:CC:00:00:00 and AA:BB:CC:00:00:01 (time delta: 0.00 ms)
2026/07/26 09:23:53 [INFO] collision: TX slot collision detected between AA:BB:CC:00:00:00 and AA:BB:CC:00:00:01 (time delta: 0.00 ms)
2026/07/26 09:23:53 [INFO] collision: TX slot collision detected between AA:BB:CC:00:00:01 and AA:BB:CC:00:00:00 (time delta: 0.00 ms)
2026/07/26 09:23:53 [INFO] collision: TX slot collision detected between AA:BB:CC:00:00:01 and AA:BB:CC:00:00:00 (time delta: 0.00 ms)
2026/07/26 09:23:53 [INFO] collision: TX slot collision detected between AA:BB:CC:00:00:03 and AA:BB:CC:00:00:01 (time delta: 0.00 ms)
2026/07/26 09:23:53 [INFO] collision: TX slot collision detected between AA:BB:CC:00:00:03 and AA:BB:CC:00:00:00 (time delta: 0.00 ms)
2026/07/26 09:23:53 [INFO] collision: TX slot collision detected between AA:BB:CC:00:00:03 and AA:BB:CC:00:00:01 (time delta: 0.00 ms)
2026/07/26 09:23:53 [INFO] collision: TX slot collision detected between AA:BB:CC:00:00:03 and AA:BB:CC:00:00:00 (time delta: 0.00 ms)
2026/07/26 09:23:53 [INFO] collision: TX slot collision detected between AA:BB:CC:00:00:03 and AA:BB:CC:00:00:01 (time delta: 0.00 ms)
2026/07/26 09:23:53 [INFO] collision: TX slot collision detected between AA:BB:CC:00:00:03 and AA:BB:CC:00:00:00 (time delta: 0.00 ms)
2026/07/26 09:23:53 [INFO] collision: TX slot collision detected between AA:BB:CC:00:00:00 and AA:BB:CC:00:00:01 (time delta: 0.00 ms)
2026/07/26 09:23:53 [INFO] collision: TX slot collision detected between AA:BB:CC:00:00:00 and AA:BB:CC:00:00:01 (time delta: 0.00 ms)
2026/07/26 09:23:53 [INFO] collision: TX slot collision detected between AA:BB:CC:00:00:00 and AA:BB:CC:00:00:01 (time delta: 0.00 ms)
2026/07/26 09:23:53 [INFO] collision: TX slot collision detected between AA:BB:CC:00:00:03 and AA:BB:CC:00:00:01 (time delta: 1.00 ms)
2026/07/26 09:23:53 [INFO] collision: TX slot collision detected between AA:BB:CC:00:00:03 and AA:BB:CC:00:00:00 (time delta: 0.00 ms)
2026/07/26 09:23:53 [INFO] collision: TX slot collision detected between AA:BB:CC:00:00:01 and AA:BB:CC:00:00:00 (time delta: 0.00 ms)
2026/07/26 09:23:53 [INFO] collision: TX slot collision detected between AA:BB:CC:00:00:01 and AA:BB:CC:00:00:03 (time delta: 0.00 ms)
2026/07/26 09:23:53 [INFO] collision: TX slot collision detected between AA:BB:CC:00:00:03 and AA:BB:CC:00:00:01 (time delta: 0.00 ms)
2026/07/26 09:23:53 [INFO] collision: TX slot collision detected between AA:BB:CC:00:00:03 and AA:BB:CC:00:00:00 (time delta: 1.00 ms)
2026/07/26 09:23:53 [INFO] collision: TX slot collision detected between AA:BB:CC:00:00:01 and AA:BB:CC:00:00:00 (time delta: 1.00 ms)
2026/07/26 09:23:53 [INFO] collision: TX slot collision detected between AA:BB:CC:00:00:01 and AA:BB:CC:00:00:03 (time delta: 0.00 ms)
2026/07/26 09:23:53 [INFO] collision: TX slot collision detected between AA:BB:CC:00:00:03 and AA:BB:CC:00:00:01 (time delta: 0.00 ms)
2026/07/26 09:23:53 [INFO] collision: TX slot collision detected between AA:BB:CC:00:00:03 and AA:BB:CC:00:00:00 (time delta: 1.00 ms)
2026/07/26 09:23:53 [INFO] collision: TX slot collision detected between AA:BB:CC:00:00:00 and AA:BB:CC:00:00:01 (time delta: 0.00 ms)
2026/07/26 09:23:53 [INFO] collision: TX slot collision detected between AA:BB:CC:00:00:00 and AA:BB:CC:00:00:01 (time delta: 0.00 ms)
2026/07/26 09:23:53 [INFO] collision: TX slot collision detected between AA:BB:CC:00:00:00 and AA:BB:CC:00:00:01 (time delta: 0.00 ms)
2026/07/26 09:23:53 [INFO] collision: TX slot collision detected between AA:BB:CC:00:00:01 and AA:BB:CC:00:00:00 (time delta: 0.00 ms)
2026/07/26 09:23:53 [INFO] collision: TX slot collision detected between AA:BB:CC:00:00:01 and AA:BB:CC:00:00:00 (time delta: 0.00 ms)
2026/07/26 09:23:53 [INFO] collision: TX slot collision detected between AA:BB:CC:00:00:03 and AA:BB:CC:00:00:01 (time delta: 0.00 ms)
2026/07/26 09:23:53 [INFO] collision: TX slot collision detected between AA:BB:CC:00:00:03 and AA:BB:CC:00:00:00 (time delta: 0.00 ms)
2026/07/26 09:23:53 [INFO] collision: TX slot collision detected between AA:BB:CC:00:00:03 and AA:BB:CC:00:00:01 (time delta: 0.00 ms)
2026/07/26 09:23:53 [INFO] collision: TX slot collision detected between AA:BB:CC:00:00:03 and AA:BB:CC:00:00:00 (time delta: 0.00 ms)
2026/07/26 09:23:53 [INFO] collision: TX slot collision detected between AA:BB:CC:00:00:03 and AA:BB:CC:00:00:01 (time delta: 0.00 ms)
2026/07/26 09:23:53 [INFO] collision: TX slot collision detected between AA:BB:CC:00:00:03 and AA:BB:CC:00:00:00 (time delta: 0.00 ms)
2026/07/26 09:23:53 [INFO] collision: TX slot collision detected between AA:BB:CC:00:00:01 and AA:BB:CC:00:00:00 (time delta: 0.00 ms)
2026/07/26 09:23:53 [INFO] collision: TX slot collision detected between AA:BB:CC:00:00:00 and AA:BB:CC:00:00:01 (time delta: 0.00 ms)
2026/07/26 09:23:53 [INFO] collision: TX slot collision detected between AA:BB:CC:00:00:01 and AA:BB:CC:00:00:00 (time delta: 0.00 ms)
2026/07/26 09:23:53 [INFO] collision: TX slot collision detected between AA:BB:CC:00:00:03 and AA:BB:CC:00:00:00 (time delta: 0.00 ms)
2026/07/26 09:23:53 [INFO] collision: TX slot collision detected between AA:BB:CC:00:00:03 and AA:BB:CC:00:00:01 (time delta: 0.00 ms)
2026/07/26 09:23:53 [INFO] collision: TX slot collision detected between AA:BB:CC:00:00:00 and AA:BB:CC:00:00:03 (time delta: 0.00 ms)
2026/07/26 09:23:53 [INFO] collision: TX slot collision detected between AA:BB:CC:00:00:00 and AA:BB:CC:00:00:01 (time delta: 0.00 ms)
2026/07/26 09:23:53 [INFO] collision: TX slot collision detected between AA:BB:CC:00:00:01 and AA:BB:CC:00:00:03 (time delta: 0.00 ms)
2026/07/26 09:23:53 [INFO] collision: TX slot collision detected between AA:BB:CC:00:00:01 and AA:BB:CC:00:00:00 (time delta: 0.00 ms)
2026/07/26 09:23:53 [INFO] collision: TX slot collision detected between AA:BB:CC:00:00:03 and AA:BB:CC:00:00:00 (time delta: 0.00 ms)
2026/07/26 09:23:53 [INFO] collision: TX slot collision detected between AA:BB:CC:00:00:03 and AA:BB:CC:00:00:01 (time delta: 0.00 ms)
2026/07/26 09:23:53 [INFO] collision: TX slot collision detected between AA:BB:CC:00:00:03 and AA:BB:CC:00:00:01 (time delta: 0.00 ms)
2026/07/26 09:23:53 [INFO] collision: TX slot collision detected between AA:BB:CC:00:00:03 and AA:BB:CC:00:00:00 (time delta: 0.00 ms)
2026/07/26 09:23:53 [INFO] collision: TX slot collision detected between AA:BB:CC:00:00:00 and AA:BB:CC:00:00:01 (time delta: 0.00 ms)
2026/07/26 09:23:53 [INFO] collision: TX slot collision detected between AA:BB:CC:00:00:00 and AA:BB:CC:00:00:01 (time delta: 0.00 ms)
2026/07/26 09:23:53 [INFO] collision: TX slot collision detected between AA:BB:CC:00:00:00 and AA:BB:CC:00:00:01 (time delta: 0.00 ms)
2026/07/26 09:23:53 [INFO] collision: TX slot collision detected between AA:BB:CC:00:00:01 and AA:BB:CC:00:00:00 (time delta: 0.00 ms)
2026/07/26 09:23:53 [INFO] collision: TX slot collision detected between AA:BB:CC:00:00:03 and AA:BB:CC:00:00:00 (time delta: 0.00 ms)
2026/07/26 09:23:53 [INFO] collision: TX slot collision detected between AA:BB:CC:00:00:03 and AA:BB:CC:00:00:01 (time delta: 0.00 ms)
2026/07/26 09:23:53 [INFO] collision: TX slot collision detected between AA:BB:CC:00:00:03 and AA:BB:CC:00:00:01 (time delta: 0.00 ms)
2026/07/26 09:23:53 [INFO] collision: TX slot collision detected between AA:BB:CC:00:00:03 and AA:BB:CC:00:00:00 (time delta: 0.00 ms)
2026/07/26 09:23:53 [INFO] collision: TX slot collision detected between AA:BB:CC:00:00:01 and AA:BB:CC:00:00:00 (time delta: 0.00 ms)
2026/07/26 09:23:53 [INFO] collision: TX slot collision detected between AA:BB:CC:00:00:01 and AA:BB:CC:00:00:03 (time delta: 0.00 ms)
2026/07/26 09:23:53 [INFO] collision: TX slot collision detected between AA:BB:CC:00:00:03 and AA:BB:CC:00:00:01 (time delta: 0.00 ms)
2026/07/26 09:23:53 [INFO] collision: TX slot collision detected between AA:BB:CC:00:00:03 and AA:BB:CC:00:00:00 (time delta: 0.00 ms)
2026/07/26 09:23:53 [INFO] collision: TX slot collision detected between AA:BB:CC:00:00:01 and AA:BB:CC:00:00:00 (time delta: 0.00 ms)
2026/07/26 09:23:53 [INFO] collision: TX slot collision detected between AA:BB:CC:00:00:00 and AA:BB:CC:00:00:01 (time delta: 0.00 ms)
2026/07/26 09:23:53 [INFO] collision: TX slot collision detected between AA:BB:CC:00:00:00 and AA:BB:CC:00:00:01 (time delta: 0.00 ms)
2026/07/26 09:23:53 [INFO] collision: TX slot collision detected between AA:BB:CC:00:00:01 and AA:BB:CC:00:00:00 (time delta: 0.00 ms)
2026/07/26 09:23:53 [INFO] collision: TX slot collision detected between AA:BB:CC:00:00:01 and AA:BB:CC:00:00:00 (time delta: 0.00 ms)
2026/07/26 09:23:53 [INFO] collision: TX slot collision detected between AA:BB:CC:00:00:03 and AA:BB:CC:00:00:01 (time delta: 0.00 ms)
2026/07/26 09:23:53 [INFO] collision: TX slot collision detected between AA:BB:CC:00:00:03 and AA:BB:CC:00:00:00 (time delta: 0.00 ms)
2026/07/26 09:23:53 [INFO] collision: TX slot collision detected between AA:BB:CC:00:00:03 and AA:BB:CC:00:00:01 (time delta: 0.00 ms)
2026/07/26 09:23:53 [INFO] collision: TX slot collision detected between AA:BB:CC:00:00:03 and AA:BB:CC:00:00:00 (time delta: 0.00 ms)
2026/07/26 09:23:53 [INFO] collision: TX slot collision detected between AA:BB:CC:00:00:03 and AA:BB:CC:00:00:01 (time delta: 0.00 ms)
2026/07/26 09:23:53 [INFO] collision: TX slot collision detected between AA:BB:CC:00:00:03 and AA:BB:CC:00:00:00 (time delta: 0.00 ms)
2026/07/26 09:23:53 [INFO] collision: TX slot collision detected between AA:BB:CC:00:00:00 and AA:BB:CC:00:00:01 (time delta: 0.00 ms)
2026/07/26 09:23:53 [INFO] collision: TX slot collision detected between AA:BB:CC:00:00:00 and AA:BB:CC:00:00:01 (time delta: 0.00 ms)
2026/07/26 09:23:53 [INFO] collision: TX slot collision detected between AA:BB:CC:00:00:00 and AA:BB:CC:00:00:01 (time delta: 0.00 ms)
2026/07/26 09:23:53 [INFO] collision: TX slot collision detected between AA:BB:CC:00:00:01 and AA:BB:CC:00:00:00 (time delta: 0.00 ms)
2026/07/26 09:23:53 [INFO] collision: TX slot collision detected between AA:BB:CC:00:00:03 and AA:BB:CC:00:00:01 (time delta: 0.00 ms)
2026/07/26 09:23:53 [INFO] collision: TX slot collision detected between AA:BB:CC:00:00:03 and AA:BB:CC:00:00:00 (time delta: 0.00 ms)
2026/07/26 09:23:53 [INFO] collision: TX slot collision detected between AA:BB:CC:00:00:01 and AA:BB:CC:00:00:00 (time delta: 0.00 ms)
2026/07/26 09:23:53 [INFO] collision: TX slot collision detected between AA:BB:CC:00:00:01 and AA:BB:CC:00:00:03 (time delta: 0.00 ms)
2026/07/26 09:23:53 [INFO] collision: TX slot collision detected between AA:BB:CC:00:00:03 and AA:BB:CC:00:00:01 (time delta: 0.00 ms)
2026/07/26 09:23:53 [INFO] collision: TX slot collision detected between AA:BB:CC:00:00:03 and AA:BB:CC:00:00:00 (time delta: 0.00 ms)
2026/07/26 09:23:53 [INFO] collision: TX slot collision detected between AA:BB:CC:00:00:03 and AA:BB:CC:00:00:01 (time delta: 0.00 ms)
2026/07/26 09:23:53 [INFO] collision: TX slot collision detected between AA:BB:CC:00:00:03 and AA:BB:CC:00:00:00 (time delta: 0.00 ms)
2026/07/26 09:23:53 [INFO] collision: TX slot collision detected between AA:BB:CC:00:00:01 and AA:BB:CC:00:00:00 (time delta: 0.00 ms)
2026/07/26 09:23:53 [INFO] collision: TX slot collision detected between AA:BB:CC:00:00:00 and AA:BB:CC:00:00:01 (time delta: 0.00 ms)
2026/07/26 09:23:53 [INFO] collision: TX slot collision detected between AA:BB:CC:00:00:01 and AA:BB:CC:00:00:00 (time delta: 0.00 ms)
2026/07/26 09:23:53 [INFO] collision: TX slot collision detected between AA:BB:CC:00:00:00 and AA:BB:CC:00:00:01 (time delta: 0.00 ms)
2026/07/26 09:23:53 [INFO] collision: TX slot collision detected between AA:BB:CC:00:00:03 and AA:BB:CC:00:00:01 (time delta: 0.00 ms)
2026/07/26 09:23:53 [INFO] collision: TX slot collision detected between AA:BB:CC:00:00:03 and AA:BB:CC:00:00:00 (time delta: 0.00 ms)
2026/07/26 09:23:53 [INFO] collision: TX slot collision detected between AA:BB:CC:00:00:01 and AA:BB:CC:00:00:00 (time delta: 0.00 ms)
2026/07/26 09:23:53 [INFO] collision: TX slot collision detected between AA:BB:CC:00:00:01 and AA:BB:CC:00:00:03 (time delta: 0.00 ms)
2026/07/26 09:23:53 [INFO] collision: TX slot collision detected between AA:BB:CC:00:00:03 and AA:BB:CC:00:00:00 (time delta: 1.00 ms)
2026/07/26 09:23:53 [INFO] collision: TX slot collision detected between AA:BB:CC:00:00:03 and AA:BB:CC:00:00:01 (time delta: 0.00 ms)
2026/07/26 09:23:53 [INFO] collision: TX slot collision detected between AA:BB:CC:00:00:03 and AA:BB:CC:00:00:01 (time delta: 0.00 ms)
2026/07/26 09:23:53 [INFO] collision: TX slot collision detected between AA:BB:CC:00:00:03 and AA:BB:CC:00:00:00 (time delta: 0.00 ms)
2026/07/26 09:23:53 [INFO] collision: TX slot collision detected between AA:BB:CC:00:00:00 and AA:BB:CC:00:00:01 (time delta: 2.00 ms)
2026/07/26 09:23:53 [INFO] collision: TX slot collision detected between AA:BB:CC:00:00:01 and AA:BB:CC:00:00:00 (time delta: 0.00 ms)
2026/07/26 09:23:53 [INFO] collision: TX slot collision detected between AA:BB:CC:00:00:00 and AA:BB:CC:00:00:01 (time delta: 0.00 ms)
2026/07/26 09:23:53 [INFO] collision: TX slot collision detected between AA:BB:CC:00:00:00 and AA:BB:CC:00:00:01 (time delta: 0.00 ms)
2026/07/26 09:23:53 [INFO] collision: TX slot collision detected between AA:BB:CC:00:00:03 and AA:BB:CC:00:00:01 (time delta: 0.00 ms)
2026/07/26 09:23:53 [INFO] collision: TX slot collision detected between AA:BB:CC:00:00:03 and AA:BB:CC:00:00:00 (time delta: 0.00 ms)
2026/07/26 09:23:53 [INFO] collision: TX slot collision detected between AA:BB:CC:00:00:01 and AA:BB:CC:00:00:00 (time delta: 0.00 ms)
2026/07/26 09:23:53 [INFO] collision: TX slot collision detected between AA:BB:CC:00:00:01 and AA:BB:CC:00:00:03 (time delta: 0.00 ms)
2026/07/26 09:23:53 [INFO] collision: TX slot collision detected between AA:BB:CC:00:00:03 and AA:BB:CC:00:00:01 (time delta: 0.00 ms)
2026/07/26 09:23:53 [INFO] collision: TX slot collision detected between AA:BB:CC:00:00:03 and AA:BB:CC:00:00:00 (time delta: 0.00 ms)
2026/07/26 09:23:53 [INFO] collision: TX slot collision detected between AA:BB:CC:00:00:03 and AA:BB:CC:00:00:01 (time delta: 0.00 ms)
2026/07/26 09:23:53 [INFO] collision: TX slot collision detected between AA:BB:CC:00:00:03 and AA:BB:CC:00:00:00 (time delta: 0.00 ms)
2026/07/26 09:23:53 [INFO] collision: TX slot collision detected between AA:BB:CC:00:00:00 and AA:BB:CC:00:00:01 (time delta: 0.00 ms)
2026/07/26 09:23:53 [INFO] collision: TX slot collision detected between AA:BB:CC:00:00:00 and AA:BB:CC:00:00:01 (time delta: 0.00 ms)
2026/07/26 09:23:53 [INFO] collision: TX slot collision detected between AA:BB:CC:00:00:01 and AA:BB:CC:00:00:00 (time delta: 0.00 ms)
2026/07/26 09:23:53 [INFO] collision: TX slot collision detected between AA:BB:CC:00:00:03 and AA:BB:CC:00:00:01 (time delta: 0.00 ms)
2026/07/26 09:23:53 [INFO] collision: TX slot collision detected between AA:BB:CC:00:00:03 and AA:BB:CC:00:00:00 (time delta: 0.00 ms)
2026/07/26 09:23:53 [INFO] collision: TX slot collision detected between AA:BB:CC:00:00:00 and AA:BB:CC:00:00:03 (time delta: 0.00 ms)
2026/07/26 09:23:53 [INFO] collision: TX slot collision detected between AA:BB:CC:00:00:00 and AA:BB:CC:00:00:01 (time delta: 0.00 ms)
2026/07/26 09:23:53 [INFO] collision: TX slot collision detected between AA:BB:CC:00:00:03 and AA:BB:CC:00:00:01 (time delta: 0.00 ms)
2026/07/26 09:23:53 [INFO] collision: TX slot collision detected between AA:BB:CC:00:00:03 and AA:BB:CC:00:00:00 (time delta: 0.00 ms)
2026/07/26 09:23:53 [INFO] collision: TX slot collision detected between AA:BB:CC:00:00:01 and AA:BB:CC:00:00:00 (time delta: 0.00 ms)
2026/07/26 09:23:53 [INFO] collision: TX slot collision detected between AA:BB:CC:00:00:01 and AA:BB:CC:00:00:03 (time delta: 0.00 ms)
2026/07/26 09:23:53 [INFO] collision: TX slot collision detected between AA:BB:CC:00:00:03 and AA:BB:CC:00:00:01 (time delta: 0.00 ms)
2026/07/26 09:23:53 [INFO] collision: TX slot collision detected between AA:BB:CC:00:00:03 and AA:BB:CC:00:00:00 (time delta: 0.00 ms)
2026/07/26 09:23:53 [INFO] collision: TX slot collision detected between AA:BB:CC:00:00:00 and AA:BB:CC:00:00:01 (time delta: 1.00 ms)
2026/07/26 09:23:53 [INFO] collision: TX slot collision detected between AA:BB:CC:00:00:00 and AA:BB:CC:00:00:01 (time delta: 1.00 ms)
2026/07/26 09:23:53 [INFO] collision: TX slot collision detected between AA:BB:CC:00:00:00 and AA:BB:CC:00:00:01 (time delta: 1.00 ms)
2026/07/26 09:23:53 [INFO] collision: TX slot collision detected between AA:BB:CC:00:00:01 and AA:BB:CC:00:00:00 (time delta: 0.00 ms)
2026/07/26 09:23:53 [INFO] collision: TX slot collision detected between AA:BB:CC:00:00:03 and AA:BB:CC:00:00:01 (time delta: 0.00 ms)
2026/07/26 09:23:53 [INFO] collision: TX slot collision detected between AA:BB:CC:00:00:03 and AA:BB:CC:00:00:00 (time delta: 0.00 ms)
2026/07/26 09:23:53 [INFO] collision: TX slot collision detected between AA:BB:CC:00:00:01 and AA:BB:CC:00:00:00 (time delta: 0.00 ms)
2026/07/26 09:23:53 [INFO] collision: TX slot collision detected between AA:BB:CC:00:00:01 and AA:BB:CC:00:00:03 (time delta: 0.00 ms)
2026/07/26 09:23:53 [INFO] collision: TX slot collision detected between AA:BB:CC:00:00:03 and AA:BB:CC:00:00:01 (time delta: 0.00 ms)
2026/07/26 09:23:53 [INFO] collision: TX slot collision detected between AA:BB:CC:00:00:03 and AA:BB:CC:00:00:00 (time delta: 1.00 ms)
2026/07/26 09:23:53 [INFO] collision: TX slot collision detected between AA:BB:CC:00:00:03 and AA:BB:CC:00:00:00 (time delta: 1.00 ms)
2026/07/26 09:23:53 [INFO] collision: TX slot collision detected between AA:BB:CC:00:00:03 and AA:BB:CC:00:00:01 (time delta: 0.00 ms)
2026/07/26 09:23:53 [INFO] collision: TX slot collision detected between AA:BB:CC:00:00:01 and AA:BB:CC:00:00:00 (time delta: 0.00 ms)
2026/07/26 09:23:53 [INFO] collision: TX slot collision detected between AA:BB:CC:00:00:00 and AA:BB:CC:00:00:01 (time delta: 0.00 ms)
2026/07/26 09:23:53 [INFO] collision: TX slot collision detected between AA:BB:CC:00:00:01 and AA:BB:CC:00:00:00 (time delta: 0.00 ms)
2026/07/26 09:23:53 [INFO] collision: TX slot collision detected between AA:BB:CC:00:00:03 and AA:BB:CC:00:00:01 (time delta: 0.00 ms)
2026/07/26 09:23:53 [INFO] collision: TX slot collision detected between AA:BB:CC:00:00:03 and AA:BB:CC:00:00:00 (time delta: 0.00 ms)
2026/07/26 09:23:53 [INFO] collision: TX slot collision detected between AA:BB:CC:00:00:00 and AA:BB:CC:00:00:01 (time delta: 0.00 ms)
2026/07/26 09:23:53 [INFO] collision: TX slot collision detected between AA:BB:CC:00:00:00 and AA:BB:CC:00:00:03 (time delta: 0.00 ms)
2026/07/26 09:23:53 [INFO] collision: TX slot collision detected between AA:BB:CC:00:00:03 and AA:BB:CC:00:00:01 (time delta: 0.00 ms)
2026/07/26 09:23:53 [INFO] collision: TX slot collision detected between AA:BB:CC:00:00:03 and AA:BB:CC:00:00:00 (time delta: 0.00 ms)
2026/07/26 09:23:53 [INFO] collision: TX slot collision detected between AA:BB:CC:00:00:01 and AA:BB:CC:00:00:00 (time delta: 0.00 ms)
2026/07/26 09:23:53 [INFO] collision: TX slot collision detected between AA:BB:CC:00:00:01 and AA:BB:CC:00:00:03 (time delta: 0.00 ms)
2026/07/26 09:23:53 [INFO] collision: TX slot collision detected between AA:BB:CC:00:00:03 and AA:BB:CC:00:00:01 (time delta: 0.00 ms)
2026/07/26 09:23:53 [INFO] collision: TX slot collision detected between AA:BB:CC:00:00:03 and AA:BB:CC:00:00:00 (time delta: 0.00 ms)
2026/07/26 09:23:53 [INFO] collision: TX slot collision detected between AA:BB:CC:00:00:00 and AA:BB:CC:00:00:01 (time delta: 0.00 ms)
2026/07/26 09:23:53 [INFO] collision: TX slot collision detected between AA:BB:CC:00:00:00 and AA:BB:CC:00:00:01 (time delta: 0.00 ms)
2026/07/26 09:23:53 [INFO] collision: TX slot collision detected between AA:BB:CC:00:00:00 and AA:BB:CC:00:00:01 (time delta: 0.00 ms)
2026/07/26 09:23:53 [INFO] collision: TX slot collision detected between AA:BB:CC:00:00:03 and AA:BB:CC:00:00:01 (time delta: 0.00 ms)
2026/07/26 09:23:53 [INFO] collision: TX slot collision detected between AA:BB:CC:00:00:03 and AA:BB:CC:00:00:00 (time delta: 0.00 ms)
2026/07/26 09:23:53 [INFO] collision: TX slot collision detected between AA:BB:CC:00:00:03 and AA:BB:CC:00:00:01 (time delta: 0.00 ms)
2026/07/26 09:23:53 [INFO] collision: TX slot collision detected between AA:BB:CC:00:00:03 and AA:BB:CC:00:00:00 (time delta: 0.00 ms)
2026/07/26 09:23:53 [INFO] collision: TX slot collision detected between AA:BB:CC:00:00:01 and AA:BB:CC:00:00:00 (time delta: 0.00 ms)
2026/07/26 09:23:53 [INFO] collision: TX slot collision detected between AA:BB:CC:00:00:01 and AA:BB:CC:00:00:03 (time delta: 0.00 ms)
2026/07/26 09:23:53 [INFO] collision: TX slot collision detected between AA:BB:CC:00:00:01 and AA:BB:CC:00:00:00 (time delta: 0.00 ms)
2026/07/26 09:23:53 [INFO] collision: TX slot collision detected between AA:BB:CC:00:00:01 and AA:BB:CC:00:00:03 (time delta: 0.00 ms)
2026/07/26 09:23:53 [INFO] collision: TX slot collision detected between AA:BB:CC:00:00:03 and AA:BB:CC:00:00:01 (time delta: 0.00 ms)
2026/07/26 09:23:53 [INFO] collision: TX slot collision detected between AA:BB:CC:00:00:03 and AA:BB:CC:00:00:00 (time delta: 0.00 ms)
2026/07/26 09:23:53 [INFO] collision: TX slot collision detected between AA:BB:CC:00:00:03 and AA:BB:CC:00:00:01 (time delta: 0.00 ms)
2026/07/26 09:23:53 [INFO] collision: TX slot collision detected between AA:BB:CC:00:00:00 and AA:BB:CC:00:00:01 (time delta: 0.00 ms)
2026/07/26 09:23:53 [INFO] collision: TX slot collision detected between AA:BB:CC:00:00:00 and AA:BB:CC:00:00:03 (time delta: 0.00 ms)
2026/07/26 09:23:53 [INFO] collision: TX slot collision detected between AA:BB:CC:00:00:00 and AA:BB:CC:00:00:03 (time delta: 0.00 ms)
2026/07/26 09:23:53 [INFO] collision: TX slot collision detected between AA:BB:CC:00:00:00 and AA:BB:CC:00:00:01 (time delta: 0.00 ms)
2026/07/26 09:23:53 [INFO] collision: TX slot collision detected between AA:BB:CC:00:00:00 and AA:BB:CC:00:00:01 (time delta: 1.00 ms)
2026/07/26 09:23:53 [INFO] collision: TX slot collision detected between AA:BB:CC:00:00:00 and AA:BB:CC:00:00:03 (time delta: 0.00 ms)
2026/07/26 09:23:53 [INFO] collision: TX slot collision detected between AA:BB:CC:00:00:01 and AA:BB:CC:00:00:00 (time delta: 0.00 ms)
2026/07/26 09:23:53 [INFO] collision: TX slot collision detected between AA:BB:CC:00:00:01 and AA:BB:CC:00:00:03 (time delta: 0.00 ms)
2026/07/26 09:23:53 [INFO] collision: TX slot collision detected between AA:BB:CC:00:00:01 and AA:BB:CC:00:00:00 (time delta: 0.00 ms)
2026/07/26 09:23:53 [INFO] collision: TX slot collision detected between AA:BB:CC:00:00:01 and AA:BB:CC:00:00:03 (time delta: 0.00 ms)
2026/07/26 09:23:53 [INFO] collision: TX slot collision detected between AA:BB:CC:00:00:03 and AA:BB:CC:00:00:01 (time delta: 0.00 ms)
2026/07/26 09:23:53 [INFO] collision: TX slot collision detected between AA:BB:CC:00:00:03 and AA:BB:CC:00:00:00 (time delta: 0.00 ms)
2026/07/26 09:23:53 [INFO] collision: TX slot collision detected between AA:BB:CC:00:00:03 and AA:BB:CC:00:00:01 (time delta: 0.00 ms)
2026/07/26 09:23:53 [INFO] collision: TX slot collision detected between AA:BB:CC:00:00:03 and AA:BB:CC:00:00:00 (time delta: 0.00 ms)
2026/07/26 09:23:53 [INFO] collision: TX slot collision detected between AA:BB:CC:00:00:00 and AA:BB:CC:00:00:01 (time delta: 0.00 ms)
2026/07/26 09:23:53 [INFO] collision: TX slot collision detected between AA:BB:CC:00:00:00 and AA:BB:CC:00:00:01 (time delta: 0.00 ms)
2026/07/26 09:23:53 [INFO] collision: TX slot collision detected between AA:BB:CC:00:00:00 and AA:BB:CC:00:00:01 (time delta: 0.00 ms)
2026/07/26 09:23:53 [INFO] collision: TX slot collision detected between AA:BB:CC:00:00:03 and AA:BB:CC:00:00:01 (time delta: 1.00 ms)
2026/07/26 09:23:53 [INFO] collision: TX slot collision detected between AA:BB:CC:00:00:03 and AA:BB:CC:00:00:00 (time delta: 1.00 ms)
2026/07/26 09:23:53 [INFO] collision: TX slot collision detected between AA:BB:CC:00:00:03 and AA:BB:CC:00:00:01 (time delta: 2.00 ms)
2026/07/26 09:23:53 [INFO] collision: TX slot collision detected between AA:BB:CC:00:00:03 and AA:BB:CC:00:00:00 (time delta: 1.00 ms)
2026/07/26 09:23:53 [INFO] collision: TX slot collision detected between AA:BB:CC:00:00:01 and AA:BB:CC:00:00:00 (time delta: 2.00 ms)
2026/07/26 09:23:53 [INFO] collision: TX slot collision detected between AA:BB:CC:00:00:01 and AA:BB:CC:00:00:03 (time delta: 0.00 ms)
2026/07/26 09:23:53 [INFO] collision: TX slot collision detected between AA:BB:CC:00:00:01 and AA:BB:CC:00:00:00 (time delta: 2.00 ms)
2026/07/26 09:23:53 [INFO] collision: TX slot collision detected between AA:BB:CC:00:00:01 and AA:BB:CC:00:00:03 (time delta: 0.00 ms)
2026/07/26 09:23:53 [INFO] collision: TX slot collision detected between AA:BB:CC:00:00:03 and AA:BB:CC:00:00:01 (time delta: 0.00 ms)
2026/07/26 09:23:53 [INFO] collision: TX slot collision detected between AA:BB:CC:00:00:03 and AA:BB:CC:00:00:00 (time delta: 2.00 ms)
2026/07/26 09:23:53 [INFO] collision: TX slot collision detected between AA:BB:CC:00:00:00 and AA:BB:CC:00:00:01 (time delta: 0.00 ms)
2026/07/26 09:23:53 [INFO] collision: TX slot collision detected between AA:BB:CC:00:00:00 and AA:BB:CC:00:00:01 (time delta: 0.00 ms)
2026/07/26 09:23:53 [INFO] collision: TX slot collision detected between AA:BB:CC:00:00:00 and AA:BB:CC:00:00:01 (time delta: 0.00 ms)
2026/07/26 09:23:53 [INFO] collision: TX slot collision detected between AA:BB:CC:00:00:03 and AA:BB:CC:00:00:01 (time delta: 2.00 ms)
2026/07/26 09:23:53 [INFO] collision: TX slot collision detected between AA:BB:CC:00:00:03 and AA:BB:CC:00:00:00 (time delta: 1.00 ms)
2026/07/26 09:23:53 [INFO] collision: TX slot collision detected between AA:BB:CC:00:00:03 and AA:BB:CC:00:00:01 (time delta: 2.00 ms)
2026/07/26 09:23:53 [INFO] collision: TX slot collision detected between AA:BB:CC:00:00:03 and AA:BB:CC:00:00:00 (time delta: 1.00 ms)
2026/07/26 09:23:53 [INFO] collision: TX slot collision detected between AA:BB:CC:00:00:01 and AA:BB:CC:00:00:00 (time delta: 2.00 ms)
2026/07/26 09:23:53 [INFO] collision: TX slot collision detected between AA:BB:CC:00:00:01 and AA:BB:CC:00:00:03 (time delta: 0.00 ms)
2026/07/26 09:23:53 [INFO] collision: TX slot collision detected between AA:BB:CC:00:00:03 and AA:BB:CC:00:00:01 (time delta: 0.00 ms)
2026/07/26 09:23:53 [INFO] collision: TX slot collision detected between AA:BB:CC:00:00:03 and AA:BB:CC:00:00:00 (time delta: 2.00 ms)
2026/07/26 09:23:53 [INFO] collision: TX slot collision detected between AA:BB:CC:00:00:01 and AA:BB:CC:00:00:00 (time delta: 2.00 ms)
2026/07/26 09:23:53 [INFO] collision: TX slot collision detected between AA:BB:CC:00:00:01 and AA:BB:CC:00:00:03 (time delta: 0.00 ms)
2026/07/26 09:23:54 [INFO] collision: TX slot collision detected between AA:BB:CC:00:00:01 and AA:BB:CC:00:00:00 (time delta: 0.00 ms)
2026/07/26 09:23:54 [INFO] collision: TX slot collision detected between AA:BB:CC:00:00:00 and AA:BB:CC:00:00:01 (time delta: 0.00 ms)
2026/07/26 09:23:54 [INFO] collision: TX slot collision detected between AA:BB:CC:00:00:00 and AA:BB:CC:00:00:01 (time delta: 0.00 ms)
2026/07/26 09:23:54 [INFO] collision: TX slot collision detected between AA:BB:CC:00:00:01 and AA:BB:CC:00:00:00 (time delta: 0.00 ms)
2026/07/26 09:23:54 [INFO] collision: TX slot collision detected between AA:BB:CC:00:00:03 and AA:BB:CC:00:00:01 (time delta: 0.00 ms)
2026/07/26 09:23:54 [INFO] collision: TX slot collision detected between AA:BB:CC:00:00:03 and AA:BB:CC:00:00:00 (time delta: 0.00 ms)
2026/07/26 09:23:54 [INFO] collision: TX slot collision detected between AA:BB:CC:00:00:01 and AA:BB:CC:00:00:00 (time delta: 0.00 ms)
2026/07/26 09:23:54 [INFO] collision: TX slot collision detected between AA:BB:CC:00:00:01 and AA:BB:CC:00:00:03 (time delta: 0.00 ms)
2026/07/26 09:23:54 [INFO] collision: TX slot collision detected between AA:BB:CC:00:00:03 and AA:BB:CC:00:00:01 (time delta: 0.00 ms)
2026/07/26 09:23:54 [INFO] collision: TX slot collision detected between AA:BB:CC:00:00:03 and AA:BB:CC:00:00:00 (time delta: 0.00 ms)
2026/07/26 09:23:54 [INFO] collision: TX slot collision detected between AA:BB:CC:00:00:03 and AA:BB:CC:00:00:01 (time delta: 0.00 ms)
2026/07/26 09:23:54 [INFO] collision: TX slot collision detected between AA:BB:CC:00:00:03 and AA:BB:CC:00:00:00 (time delta: 1.00 ms)
2026/07/26 09:23:54 [INFO] collision: TX slot collision detected between AA:BB:CC:00:00:03 and AA:BB:CC:00:00:01 (time delta: 0.00 ms)
2026/07/26 09:23:54 [INFO] collision: TX slot collision detected between AA:BB:CC:00:00:00 and AA:BB:CC:00:00:01 (time delta: 0.00 ms)
2026/07/26 09:23:54 [INFO] collision: TX slot collision detected between AA:BB:CC:00:00:00 and AA:BB:CC:00:00:03 (time delta: 0.00 ms)
2026/07/26 09:23:54 [INFO] collision: TX slot collision detected between AA:BB:CC:00:00:01 and AA:BB:CC:00:00:00 (time delta: 0.00 ms)
2026/07/26 09:23:54 [INFO] collision: TX slot collision detected between AA:BB:CC:00:00:01 and AA:BB:CC:00:00:03 (time delta: 0.00 ms)
2026/07/26 09:23:54 [INFO] collision: TX slot collision detected between AA:BB:CC:00:00:00 and AA:BB:CC:00:00:01 (time delta: 0.00 ms)
2026/07/26 09:23:54 [INFO] collision: TX slot collision detected between AA:BB:CC:00:00:00 and AA:BB:CC:00:00:03 (time delta: 1.00 ms)
2026/07/26 09:23:54 [INFO] collision: TX slot collision detected between AA:BB:CC:00:00:00 and AA:BB:CC:00:00:01 (time delta: 0.00 ms)
2026/07/26 09:23:54 [INFO] collision: TX slot collision detected between AA:BB:CC:00:00:00 and AA:BB:CC:00:00:03 (time delta: 1.00 ms)
2026/07/26 09:23:54 [INFO] collision: TX slot collision detected between AA:BB:CC:00:00:03 and AA:BB:CC:00:00:00 (time delta: 0.00 ms)
2026/07/26 09:23:54 [INFO] collision: TX slot collision detected between AA:BB:CC:00:00:03 and AA:BB:CC:00:00:01 (time delta: 1.00 ms)
2026/07/26 09:23:54 [INFO] collision: TX slot collision detected between AA:BB:CC:00:00:01 and AA:BB:CC:00:00:00 (time delta: 0.00 ms)
2026/07/26 09:23:54 [INFO] collision: TX slot collision detected between AA:BB:CC:00:00:01 and AA:BB:CC:00:00:03 (time delta: 0.00 ms)
2026/07/26 09:23:54 [INFO] collision: TX slot collision detected between AA:BB:CC:00:00:03 and AA:BB:CC:00:00:01 (time delta: 1.00 ms)
2026/07/26 09:23:54 [INFO] collision: TX slot collision detected between AA:BB:CC:00:00:03 and AA:BB:CC:00:00:00 (time delta: 1.00 ms)
2026/07/26 09:23:54 [INFO] collision: TX slot collision detected between AA:BB:CC:00:00:03 and AA:BB:CC:00:00:01 (time delta: 0.00 ms)
2026/07/26 09:23:54 [INFO] collision: TX slot collision detected between AA:BB:CC:00:00:00 and AA:BB:CC:00:00:01 (time delta: 0.00 ms)
2026/07/26 09:23:54 [INFO] collision: TX slot collision detected between AA:BB:CC:00:00:00 and AA:BB:CC:00:00:03 (time delta: 0.00 ms)
2026/07/26 09:23:54 [INFO] collision: TX slot collision detected between AA:BB:CC:00:00:01 and AA:BB:CC:00:00:03 (time delta: 0.00 ms)
2026/07/26 09:23:54 [INFO] collision: TX slot collision detected between AA:BB:CC:00:00:01 and AA:BB:CC:00:00:00 (time delta: 0.00 ms)
2026/07/26 09:23:54 [INFO] collision: TX slot collision detected between AA:BB:CC:00:00:00 and AA:BB:CC:00:00:01 (time delta: 0.00 ms)
2026/07/26 09:23:54 [INFO] collision: TX slot collision detected between AA:BB:CC:00:00:00 and AA:BB:CC:00:00:03 (time delta: 0.00 ms)
2026/07/26 09:23:54 [INFO] collision: TX slot collision detected between AA:BB:CC:00:00:00 and AA:BB:CC:00:00:03 (time delta: 0.00 ms)
2026/07/26 09:23:54 [INFO] collision: TX slot collision detected between AA:BB:CC:00:00:00 and AA:BB:CC:00:00:01 (time delta: 0.00 ms)
2026/07/26 09:23:54 [INFO] collision: TX slot collision detected between AA:BB:CC:00:00:03 and AA:BB:CC:00:00:01 (time delta: 0.00 ms)
2026/07/26 09:23:54 [INFO] collision: TX slot collision detected between AA:BB:CC:00:00:03 and AA:BB:CC:00:00:00 (time delta: 0.00 ms)
2026/07/26 09:23:54 [INFO] collision: TX slot collision detected between AA:BB:CC:00:00:01 and AA:BB:CC:00:00:00 (time delta: 0.00 ms)
2026/07/26 09:23:54 [INFO] collision: TX slot collision detected between AA:BB:CC:00:00:01 and AA:BB:CC:00:00:03 (time delta: 0.00 ms)
2026/07/26 09:23:54 [INFO] collision: TX slot collision detected between AA:BB:CC:00:00:03 and AA:BB:CC:00:00:01 (time delta: 0.00 ms)
2026/07/26 09:23:54 [INFO] collision: TX slot collision detected between AA:BB:CC:00:00:03 and AA:BB:CC:00:00:00 (time delta: 1.00 ms)
2026/07/26 09:23:54 [INFO] collision: TX slot collision detected between AA:BB:CC:00:00:00 and AA:BB:CC:00:00:01 (time delta: 0.00 ms)
2026/07/26 09:23:54 [INFO] collision: TX slot collision detected between AA:BB:CC:00:00:00 and AA:BB:CC:00:00:01 (time delta: 0.00 ms)
2026/07/26 09:23:54 [INFO] collision: TX slot collision detected between AA:BB:CC:00:00:00 and AA:BB:CC:00:00:01 (time delta: 0.00 ms)
2026/07/26 09:23:54 [INFO] collision: TX slot collision detected between AA:BB:CC:00:00:03 and AA:BB:CC:00:00:01 (time delta: 0.00 ms)
2026/07/26 09:23:54 [INFO] collision: TX slot collision detected between AA:BB:CC:00:00:03 and AA:BB:CC:00:00:00 (time delta: 0.00 ms)
2026/07/26 09:23:54 [INFO] collision: TX slot collision detected between AA:BB:CC:00:00:01 and AA:BB:CC:00:00:00 (time delta: 0.00 ms)
2026/07/26 09:23:54 [INFO] collision: TX slot collision detected between AA:BB:CC:00:00:01 and AA:BB:CC:00:00:03 (time delta: 0.00 ms)
2026/07/26 09:23:54 [INFO] collision: TX slot collision detected between AA:BB:CC:00:00:01 and AA:BB:CC:00:00:00 (time delta: 0.00 ms)
2026/07/26 09:23:54 [INFO] collision: TX slot collision detected between AA:BB:CC:00:00:01 and AA:BB:CC:00:00:03 (time delta: 0.00 ms)
2026/07/26 09:23:54 [INFO] collision: TX slot collision detected between AA:BB:CC:00:00:03 and AA:BB:CC:00:00:01 (time delta: 0.00 ms)
2026/07/26 09:23:54 [INFO] collision: TX slot collision detected between AA:BB:CC:00:00:03 and AA:BB:CC:00:00:00 (time delta: 0.00 ms)
2026/07/26 09:23:54 [INFO] collision: TX slot collision detected between AA:BB:CC:00:00:03 and AA:BB:CC:00:00:01 (time delta: 0.00 ms)
2026/07/26 09:23:54 [INFO] collision: TX slot collision detected between AA:BB:CC:00:00:03 and AA:BB:CC:00:00:00 (time delta: 0.00 ms)
2026/07/26 09:23:54 [INFO] collision: TX slot collision detected between AA:BB:CC:00:00:01 and AA:BB:CC:00:00:00 (time delta: 0.00 ms)
2026/07/26 09:23:54 [INFO] collision: TX slot collision detected between AA:BB:CC:00:00:00 and AA:BB:CC:00:00:01 (time delta: 0.00 ms)
2026/07/26 09:23:54 [INFO] collision: TX slot collision detected between AA:BB:CC:00:00:00 and AA:BB:CC:00:00:01 (time delta: 0.00 ms)
2026/07/26 09:23:54 [INFO] collision: TX slot collision detected between AA:BB:CC:00:00:01 and AA:BB:CC:00:00:00 (time delta: 0.00 ms)
2026/07/26 09:23:54 [INFO] collision: TX slot collision detected between AA:BB:CC:00:00:03 and AA:BB:CC:00:00:01 (time delta: 0.00 ms)
2026/07/26 09:23:54 [INFO] collision: TX slot collision detected between AA:BB:CC:00:00:03 and AA:BB:CC:00:00:00 (time delta: 0.00 ms)
2026/07/26 09:23:54 [INFO] collision: TX slot collision detected between AA:BB:CC:00:00:03 and AA:BB:CC:00:00:01 (time delta: 0.00 ms)
2026/07/26 09:23:54 [INFO] collision: TX slot collision detected between AA:BB:CC:00:00:03 and AA:BB:CC:00:00:00 (time delta: 0.00 ms)
2026/07/26 09:23:54 [INFO] collision: TX slot collision detected between AA:BB:CC:00:00:03 and AA:BB:CC:00:00:00 (time delta: 0.00 ms)
2026/07/26 09:23:54 [INFO] collision: TX slot collision detected between AA:BB:CC:00:00:03 and AA:BB:CC:00:00:01 (time delta: 0.00 ms)
2026/07/26 09:23:54 [INFO] collision: TX slot collision detected between AA:BB:CC:00:00:01 and AA:BB:CC:00:00:00 (time delta: 0.00 ms)
2026/07/26 09:23:54 [INFO] collision: TX slot collision detected between AA:BB:CC:00:00:01 and AA:BB:CC:00:00:03 (time delta: 0.00 ms)
2026/07/26 09:23:54 [INFO] collision: TX slot collision detected between AA:BB:CC:00:00:01 and AA:BB:CC:00:00:00 (time delta: 0.00 ms)
2026/07/26 09:23:54 [INFO] collision: TX slot collision detected between AA:BB:CC:00:00:01 and AA:BB:CC:00:00:00 (time delta: 0.00 ms)
2026/07/26 09:23:54 [INFO] collision: TX slot collision detected between AA:BB:CC:00:00:01 and AA:BB:CC:00:00:00 (time delta: 0.00 ms)
2026/07/26 09:23:54 [INFO] collision: TX slot collision detected between AA:BB:CC:00:00:03 and AA:BB:CC:00:00:00 (time delta: 0.00 ms)
2026/07/26 09:23:54 [INFO] collision: TX slot collision detected between AA:BB:CC:00:00:03 and AA:BB:CC:00:00:01 (time delta: 0.00 ms)
2026/07/26 09:23:54 [INFO] collision: TX slot collision detected between AA:BB:CC:00:00:03 and AA:BB:CC:00:00:01 (time delta: 0.00 ms)
2026/07/26 09:23:54 [INFO] collision: TX slot collision detected between AA:BB:CC:00:00:03 and AA:BB:CC:00:00:00 (time delta: 1.00 ms)
2026/07/26 09:23:54 [INFO] collision: TX slot collision detected between AA:BB:CC:00:00:03 and AA:BB:CC:00:00:01 (time delta: 1.00 ms)
2026/07/26 09:23:54 [INFO] collision: TX slot collision detected between AA:BB:CC:00:00:03 and AA:BB:CC:00:00:00 (time delta: 2.00 ms)
2026/07/26 09:23:54 [INFO] collision: TX slot collision detected between AA:BB:CC:00:00:00 and AA:BB:CC:00:00:01 (time delta: 0.00 ms)
2026/07/26 09:23:54 [INFO] collision: TX slot collision detected between AA:BB:CC:00:00:01 and AA:BB:CC:00:00:00 (time delta: 0.00 ms)
2026/07/26 09:23:54 [INFO] collision: TX slot collision detected between AA:BB:CC:00:00:00 and AA:BB:CC:00:00:01 (time delta: 0.00 ms)
2026/07/26 09:23:54 [INFO] collision: TX slot collision detected between AA:BB:CC:00:00:01 and AA:BB:CC:00:00:00 (time delta: 0.00 ms)
2026/07/26 09:23:54 [INFO] collision: TX slot collision detected between AA:BB:CC:00:00:03 and AA:BB:CC:00:00:00 (time delta: 0.00 ms)
2026/07/26 09:23:54 [INFO] collision: TX slot collision detected between AA:BB:CC:00:00:03 and AA:BB:CC:00:00:01 (time delta: 0.00 ms)
2026/07/26 09:23:54 [INFO] collision: TX slot collision detected between AA:BB:CC:00:00:00 and AA:BB:CC:00:00:01 (time delta: 0.00 ms)
2026/07/26 09:23:54 [INFO] collision: TX slot collision detected between AA:BB:CC:00:00:00 and AA:BB:CC:00:00:03 (time delta: 0.00 ms)
2026/07/26 09:23:54 [INFO] collision: TX slot collision detected between AA:BB:CC:00:00:03 and AA:BB:CC:00:00:01 (time delta: 0.00 ms)
2026/07/26 09:23:54 [INFO] collision: TX slot collision detected between AA:BB:CC:00:00:03 and AA:BB:CC:00:00:00 (time delta: 0.00 ms)
2026/07/26 09:23:54 [INFO] collision: TX slot collision detected between AA:BB:CC:00:00:03 and AA:BB:CC:00:00:01 (time delta: 0.00 ms)
2026/07/26 09:23:54 [INFO] collision: TX slot collision detected between AA:BB:CC:00:00:03 and AA:BB:CC:00:00:00 (time delta: 0.00 ms)
2026/07/26 09:23:54 [INFO] collision: TX slot collision detected between AA:BB:CC:00:00:00 and AA:BB:CC:00:00:01 (time delta: 1.00 ms)
2026/07/26 09:23:54 [INFO] collision: TX slot collision detected between AA:BB:CC:00:00:01 and AA:BB:CC:00:00:00 (time delta: 0.00 ms)
2026/07/26 09:23:54 [INFO] collision: TX slot collision detected between AA:BB:CC:00:00:00 and AA:BB:CC:00:00:01 (time delta: 0.00 ms)
2026/07/26 09:23:54 [INFO] collision: TX slot collision detected between AA:BB:CC:00:00:01 and AA:BB:CC:00:00:00 (time delta: 0.00 ms)
2026/07/26 09:23:54 [INFO] collision: TX slot collision detected between AA:BB:CC:00:00:03 and AA:BB:CC:00:00:01 (time delta: 0.00 ms)
2026/07/26 09:23:54 [INFO] collision: TX slot collision detected between AA:BB:CC:00:00:03 and AA:BB:CC:00:00:00 (time delta: 0.00 ms)
2026/07/26 09:23:54 [INFO] collision: TX slot collision detected between AA:BB:CC:00:00:00 and AA:BB:CC:00:00:01 (time delta: 0.00 ms)
2026/07/26 09:23:54 [INFO] collision: TX slot collision detected between AA:BB:CC:00:00:00 and AA:BB:CC:00:00:03 (time delta: 0.00 ms)
2026/07/26 09:23:54 [INFO] collision: TX slot collision detected between AA:BB:CC:00:00:03 and AA:BB:CC:00:00:01 (time delta: 0.00 ms)
2026/07/26 09:23:54 [INFO] collision: TX slot collision detected between AA:BB:CC:00:00:03 and AA:BB:CC:00:00:00 (time delta: 0.00 ms)
2026/07/26 09:23:54 [INFO] collision: TX slot collision detected between AA:BB:CC:00:00:03 and AA:BB:CC:00:00:01 (time delta: 0.00 ms)
2026/07/26 09:23:54 [INFO] collision: TX slot collision detected between AA:BB:CC:00:00:03 and AA:BB:CC:00:00:00 (time delta: 0.00 ms)
2026/07/26 09:23:54 [INFO] collision: TX slot collision detected between AA:BB:CC:00:00:00 and AA:BB:CC:00:00:01 (time delta: 0.00 ms)
2026/07/26 09:23:54 [INFO] collision: TX slot collision detected between AA:BB:CC:00:00:00 and AA:BB:CC:00:00:01 (time delta: 0.00 ms)
2026/07/26 09:23:54 [INFO] collision: TX slot collision detected between AA:BB:CC:00:00:00 and AA:BB:CC:00:00:01 (time delta: 0.00 ms)
2026/07/26 09:23:54 [INFO] collision: TX slot collision detected between AA:BB:CC:00:00:03 and AA:BB:CC:00:00:01 (time delta: 0.00 ms)
2026/07/26 09:23:54 [INFO] collision: TX slot collision detected between AA:BB:CC:00:00:03 and AA:BB:CC:00:00:00 (time delta: 0.00 ms)
2026/07/26 09:23:54 [INFO] collision: TX slot collision detected between AA:BB:CC:00:00:01 and AA:BB:CC:00:00:00 (time delta: 0.00 ms)
2026/07/26 09:23:54 [INFO] collision: TX slot collision detected between AA:BB:CC:00:00:01 and AA:BB:CC:00:00:03 (time delta: 0.00 ms)
2026/07/26 09:23:54 [INFO] collision: TX slot collision detected between AA:BB:CC:00:00:01 and AA:BB:CC:00:00:00 (time delta: 0.00 ms)
2026/07/26 09:23:54 [INFO] collision: TX slot collision detected between AA:BB:CC:00:00:01 and AA:BB:CC:00:00:03 (time delta: 0.00 ms)
2026/07/26 09:23:54 [INFO] collision: TX slot collision detected between AA:BB:CC:00:00:03 and AA:BB:CC:00:00:01 (time delta: 0.00 ms)
2026/07/26 09:23:54 [INFO] collision: TX slot collision detected between AA:BB:CC:00:00:03 and AA:BB:CC:00:00:00 (time delta: 0.00 ms)
2026/07/26 09:23:54 [INFO] collision: TX slot collision detected between AA:BB:CC:00:00:03 and AA:BB:CC:00:00:01 (time delta: 0.00 ms)
2026/07/26 09:23:54 [INFO] collision: TX slot collision detected between AA:BB:CC:00:00:03 and AA:BB:CC:00:00:00 (time delta: 0.00 ms)
2026/07/26 09:23:54 [INFO] collision: TX slot collision detected between AA:BB:CC:00:00:00 and AA:BB:CC:00:00:01 (time delta: 0.00 ms)
2026/07/26 09:23:54 [INFO] collision: TX slot collision detected between AA:BB:CC:00:00:00 and AA:BB:CC:00:00:01 (time delta: 0.00 ms)
2026/07/26 09:23:54 [INFO] collision: TX slot collision detected between AA:BB:CC:00:00:00 and AA:BB:CC:00:00:01 (time delta: 0.00 ms)
2026/07/26 09:23:54 [INFO] collision: TX slot collision detected between AA:BB:CC:00:00:03 and AA:BB:CC:00:00:01 (time delta: 0.00 ms)
2026/07/26 09:23:54 [INFO] collision: TX slot collision detected between AA:BB:CC:00:00:03 and AA:BB:CC:00:00:00 (time delta: 0.00 ms)
2026/07/26 09:23:54 [INFO] collision: TX slot collision detected between AA:BB:CC:00:00:03 and AA:BB:CC:00:00:01 (time delta: 0.00 ms)
2026/07/26 09:23:54 [INFO] collision: TX slot collision detected between AA:BB:CC:00:00:03 and AA:BB:CC:00:00:00 (time delta: 0.00 ms)
2026/07/26 09:23:54 [INFO] collision: TX slot collision detected between AA:BB:CC:00:00:01 and AA:BB:CC:00:00:00 (time delta: 0.00 ms)
2026/07/26 09:23:54 [INFO] collision: TX slot collision detected between AA:BB:CC:00:00:01 and AA:BB:CC:00:00:03 (time delta: 0.00 ms)
2026/07/26 09:23:54 [INFO] collision: TX slot collision detected between AA:BB:CC:00:00:01 and AA:BB:CC:00:00:00 (time delta: 0.00 ms)
2026/07/26 09:23:54 [INFO] collision: TX slot collision detected between AA:BB:CC:00:00:01 and AA:BB:CC:00:00:03 (time delta: 0.00 ms)
2026/07/26 09:23:54 [INFO] collision: TX slot collision detected between AA:BB:CC:00:00:03 and AA:BB:CC:00:00:01 (time delta: 0.00 ms)
2026/07/26 09:23:54 [INFO] collision: TX slot collision detected between AA:BB:CC:00:00:03 and AA:BB:CC:00:00:00 (time delta: 0.00 ms)
2026/07/26 09:23:54 [INFO] collision: TX slot collision detected between AA:BB:CC:00:00:00 and AA:BB:CC:00:00:01 (time delta: 0.00 ms)
2026/07/26 09:23:54 [INFO] collision: TX slot collision detected between AA:BB:CC:00:00:00 and AA:BB:CC:00:00:01 (time delta: 0.00 ms)
2026/07/26 09:23:54 [INFO] collision: TX slot collision detected between AA:BB:CC:00:00:01 and AA:BB:CC:00:00:00 (time delta: 0.00 ms)
2026/07/26 09:23:54 [INFO] collision: TX slot collision detected between AA:BB:CC:00:00:00 and AA:BB:CC:00:00:01 (time delta: 0.00 ms)
2026/07/26 09:23:54 [INFO] collision: TX slot collision detected between AA:BB:CC:00:00:03 and AA:BB:CC:00:00:01 (time delta: 0.00 ms)
2026/07/26 09:23:54 [INFO] collision: TX slot collision detected between AA:BB:CC:00:00:03 and AA:BB:CC:00:00:00 (time delta: 0.00 ms)
2026/07/26 09:23:54 [INFO] collision: TX slot collision detected between AA:BB:CC:00:00:01 and AA:BB:CC:00:00:00 (time delta: 0.00 ms)
2026/07/26 09:23:54 [INFO] collision: TX slot collision detected between AA:BB:CC:00:00:01 and AA:BB:CC:00:00:03 (time delta: 0.00 ms)
2026/07/26 09:23:54 [INFO] collision: TX slot collision detected between AA:BB:CC:00:00:03 and AA:BB:CC:00:00:01 (time delta: 0.00 ms)
2026/07/26 09:23:54 [INFO] collision: TX slot collision detected between AA:BB:CC:00:00:03 and AA:BB:CC:00:00:00 (time delta: 0.00 ms)
2026/07/26 09:23:54 [INFO] collision: TX slot collision detected between AA:BB:CC:00:00:03 and AA:BB:CC:00:00:01 (time delta: 0.00 ms)
2026/07/26 09:23:54 [INFO] collision: TX slot collision detected between AA:BB:CC:00:00:03 and AA:BB:CC:00:00:00 (time delta: 0.00 ms)
2026/07/26 09:23:54 [INFO] collision: TX slot collision detected between AA:BB:CC:00:00:03 and AA:BB:CC:00:00:01 (time delta: 0.00 ms)
2026/07/26 09:23:54 [INFO] collision: TX slot collision detected between AA:BB:CC:00:00:00 and AA:BB:CC:00:00:01 (time delta: 0.00 ms)
2026/07/26 09:23:54 [INFO] collision: TX slot collision detected between AA:BB:CC:00:00:00 and AA:BB:CC:00:00:03 (time delta: 0.00 ms)
2026/07/26 09:23:54 [INFO] collision: TX slot collision detected between AA:BB:CC:00:00:01 and AA:BB:CC:00:00:00 (time delta: 0.00 ms)
2026/07/26 09:23:54 [INFO] collision: TX slot collision detected between AA:BB:CC:00:00:01 and AA:BB:CC:00:00:03 (time delta: 0.00 ms)
2026/07/26 09:23:54 [INFO] collision: TX slot collision detected between AA:BB:CC:00:00:03 and AA:BB:CC:00:00:01 (time delta: 0.00 ms)
2026/07/26 09:23:54 [INFO] collision: TX slot collision detected between AA:BB:CC:00:00:03 and AA:BB:CC:00:00:00 (time delta: 0.00 ms)
2026/07/26 09:23:54 [INFO] collision: TX slot collision detected between AA:BB:CC:00:00:00 and AA:BB:CC:00:00:01 (time delta: 0.00 ms)
2026/07/26 09:23:54 [INFO] collision: TX slot collision detected between AA:BB:CC:00:00:00 and AA:BB:CC:00:00:03 (time delta: 0.00 ms)
2026/07/26 09:23:54 [INFO] collision: TX slot collision detected between AA:BB:CC:00:00:01 and AA:BB:CC:00:00:00 (time delta: 0.00 ms)
2026/07/26 09:23:54 [INFO] collision: TX slot collision detected between AA:BB:CC:00:00:01 and AA:BB:CC:00:00:03 (time delta: 0.00 ms)
2026/07/26 09:23:54 [INFO] collision: TX slot collision detected between AA:BB:CC:00:00:00 and AA:BB:CC:00:00:03 (time delta: 0.00 ms)
2026/07/26 09:23:54 [INFO] collision: TX slot collision detected between AA:BB:CC:00:00:00 and AA:BB:CC:00:00:01 (time delta: 0.00 ms)
2026/07/26 09:23:54 [INFO] collision: TX slot collision detected between AA:BB:CC:00:00:03 and AA:BB:CC:00:00:00 (time delta: 0.00 ms)
2026/07/26 09:23:54 [INFO] collision: TX slot collision detected between AA:BB:CC:00:00:03 and AA:BB:CC:00:00:01 (time delta: 0.00 ms)
2026/07/26 09:23:54 [INFO] collision: TX slot collision detected between AA:BB:CC:00:00:00 and AA:BB:CC:00:00:01 (time delta: 0.00 ms)
2026/07/26 09:23:54 [INFO] collision: TX slot collision detected between AA:BB:CC:00:00:00 and AA:BB:CC:00:00:01 (time delta: 0.00 ms)
2026/07/26 09:23:54 [INFO] collision: TX slot collision detected between AA:BB:CC:00:00:00 and AA:BB:CC:00:00:01 (time delta: 0.00 ms)
2026/07/26 09:23:54 [INFO] collision: TX slot collision detected between AA:BB:CC:00:00:01 and AA:BB:CC:00:00:00 (time delta: 0.00 ms)
2026/07/26 09:23:54 [INFO] collision: TX slot collision detected between AA:BB:CC:00:00:03 and AA:BB:CC:00:00:01 (time delta: 0.00 ms)
2026/07/26 09:23:54 [INFO] collision: TX slot collision detected between AA:BB:CC:00:00:03 and AA:BB:CC:00:00:00 (time delta: 0.00 ms)
2026/07/26 09:23:54 [INFO] collision: TX slot collision detected between AA:BB:CC:00:00:01 and AA:BB:CC:00:00:00 (time delta: 0.00 ms)
2026/07/26 09:23:54 [INFO] collision: TX slot collision detected between AA:BB:CC:00:00:01 and AA:BB:CC:00:00:03 (time delta: 0.00 ms)
2026/07/26 09:23:54 [INFO] collision: TX slot collision detected between AA:BB:CC:00:00:03 and AA:BB:CC:00:00:00 (time delta: 0.00 ms)
2026/07/26 09:23:54 [INFO] collision: TX slot collision detected between AA:BB:CC:00:00:03 and AA:BB:CC:00:00:01 (time delta: 0.00 ms)
2026/07/26 09:23:54 [INFO] collision: TX slot collision detected between AA:BB:CC:00:00:03 and AA:BB:CC:00:00:01 (time delta: 0.00 ms)
2026/07/26 09:23:54 [INFO] collision: TX slot collision detected between AA:BB:CC:00:00:03 and AA:BB:CC:00:00:00 (time delta: 0.00 ms)
2026/07/26 09:23:54 [INFO] collision: TX slot collision detected between AA:BB:CC:00:00:00 and AA:BB:CC:00:00:01 (time delta: 0.00 ms)
2026/07/26 09:23:54 [INFO] collision: TX slot collision detected between AA:BB:CC:00:00:00 and AA:BB:CC:00:00:01 (time delta: 0.00 ms)
2026/07/26 09:23:54 [INFO] collision: TX slot collision detected between AA:BB:CC:00:00:00 and AA:BB:CC:00:00:01 (time delta: 0.00 ms)
2026/07/26 09:23:54 [INFO] collision: TX slot collision detected between AA:BB:CC:00:00:01 and AA:BB:CC:00:00:00 (time delta: 0.00 ms)
2026/07/26 09:23:54 [INFO] collision: TX slot collision detected between AA:BB:CC:00:00:03 and AA:BB:CC:00:00:01 (time delta: 0.00 ms)
2026/07/26 09:23:54 [INFO] collision: TX slot collision detected between AA:BB:CC:00:00:03 and AA:BB:CC:00:00:00 (time delta: 0.00 ms)
2026/07/26 09:23:54 [INFO] collision: TX slot collision detected between AA:BB:CC:00:00:03 and AA:BB:CC:00:00:01 (time delta: 0.00 ms)
2026/07/26 09:23:54 [INFO] collision: TX slot collision detected between AA:BB:CC:00:00:03 and AA:BB:CC:00:00:00 (time delta: 0.00 ms)
2026/07/26 09:23:54 [INFO] collision: TX slot collision detected between AA:BB:CC:00:00:03 and AA:BB:CC:00:00:01 (time delta: 0.00 ms)
2026/07/26 09:23:54 [INFO] collision: TX slot collision detected between AA:BB:CC:00:00:03 and AA:BB:CC:00:00:00 (time delta: 0.00 ms)
2026/07/26 09:23:54 [INFO] collision: TX slot collision detected between AA:BB:CC:00:00:01 and AA:BB:CC:00:00:00 (time delta: 0.00 ms)
2026/07/26 09:23:54 [INFO] collision: TX slot collision detected between AA:BB:CC:00:00:01 and AA:BB:CC:00:00:03 (time delta: 0.00 ms)
2026/07/26 09:23:54 [INFO] collision: TX slot collision detected between AA:BB:CC:00:00:01 and AA:BB:CC:00:00:00 (time delta: 0.00 ms)
2026/07/26 09:23:54 [INFO] collision: TX slot collision detected between AA:BB:CC:00:00:00 and AA:BB:CC:00:00:01 (time delta: 0.00 ms)
2026/07/26 09:23:54 [INFO] collision: TX slot collision detected between AA:BB:CC:00:00:01 and AA:BB:CC:00:00:00 (time delta: 0.00 ms)
2026/07/26 09:23:54 [INFO] collision: TX slot collision detected between AA:BB:CC:00:00:03 and AA:BB:CC:00:00:01 (time delta: 0.00 ms)
2026/07/26 09:23:54 [INFO] collision: TX slot collision detected between AA:BB:CC:00:00:03 and AA:BB:CC:00:00:00 (time delta: 0.00 ms)
2026/07/26 09:23:54 [INFO] collision: TX slot collision detected between AA:BB:CC:00:00:00 and AA:BB:CC:00:00:01 (time delta: 0.00 ms)
2026/07/26 09:23:54 [INFO] collision: TX slot collision detected between AA:BB:CC:00:00:00 and AA:BB:CC:00:00:03 (time delta: 0.00 ms)
2026/07/26 09:23:54 [INFO] collision: TX slot collision detected between AA:BB:CC:00:00:03 and AA:BB:CC:00:00:01 (time delta: 0.00 ms)
2026/07/26 09:23:54 [INFO] collision: TX slot collision detected between AA:BB:CC:00:00:03 and AA:BB:CC:00:00:00 (time delta: 0.00 ms)
2026/07/26 09:23:54 [INFO] collision: TX slot collision detected between AA:BB:CC:00:00:01 and AA:BB:CC:00:00:00 (time delta: 0.00 ms)
2026/07/26 09:23:54 [INFO] collision: TX slot collision detected between AA:BB:CC:00:00:01 and AA:BB:CC:00:00:03 (time delta: 0.00 ms)
2026/07/26 09:23:54 [INFO] collision: TX slot collision detected between AA:BB:CC:00:00:03 and AA:BB:CC:00:00:00 (time delta: 0.00 ms)
2026/07/26 09:23:54 [INFO] collision: TX slot collision detected between AA:BB:CC:00:00:03 and AA:BB:CC:00:00:01 (time delta: 0.00 ms)
2026/07/26 09:23:54 [INFO] collision: TX slot collision detected between AA:BB:CC:00:00:03 and AA:BB:CC:00:00:01 (time delta: 0.00 ms)
2026/07/26 09:23:54 [INFO] collision: TX slot collision detected between AA:BB:CC:00:00:00 and AA:BB:CC:00:00:01 (time delta: 0.00 ms)
2026/07/26 09:23:54 [INFO] collision: TX slot collision detected between AA:BB:CC:00:00:00 and AA:BB:CC:00:00:03 (time delta: 0.00 ms)
2026/07/26 09:23:54 [INFO] collision: TX slot collision detected between AA:BB:CC:00:00:00 and AA:BB:CC:00:00:03 (time delta: 0.00 ms)
2026/07/26 09:23:54 [INFO] collision: TX slot collision detected between AA:BB:CC:00:00:00 and AA:BB:CC:00:00:01 (time delta: 0.00 ms)
2026/07/26 09:23:54 [INFO] collision: TX slot collision detected between AA:BB:CC:00:00:01 and AA:BB:CC:00:00:00 (time delta: 0.00 ms)
2026/07/26 09:23:54 [INFO] collision: TX slot collision detected between AA:BB:CC:00:00:01 and AA:BB:CC:00:00:03 (time delta: 0.00 ms)
2026/07/26 09:23:54 [INFO] collision: TX slot collision detected between AA:BB:CC:00:00:03 and AA:BB:CC:00:00:01 (time delta: 0.00 ms)
2026/07/26 09:23:54 [INFO] collision: TX slot collision detected between AA:BB:CC:00:00:03 and AA:BB:CC:00:00:00 (time delta: 0.00 ms)
2026/07/26 09:23:54 [INFO] collision: TX slot collision detected between AA:BB:CC:00:00:00 and AA:BB:CC:00:00:01 (time delta: 0.00 ms)
2026/07/26 09:23:54 [INFO] collision: TX slot collision detected between AA:BB:CC:00:00:00 and AA:BB:CC:00:00:03 (time delta: 0.00 ms)
2026/07/26 09:23:54 [INFO] collision: TX slot collision detected between AA:BB:CC:00:00:01 and AA:BB:CC:00:00:00 (time delta: 0.00 ms)
2026/07/26 09:23:54 [INFO] collision: TX slot collision detected between AA:BB:CC:00:00:01 and AA:BB:CC:00:00:03 (time delta: 0.00 ms)
2026/07/26 09:23:54 [INFO] collision: TX slot collision detected between AA:BB:CC:00:00:03 and AA:BB:CC:00:00:01 (time delta: 0.00 ms)
2026/07/26 09:23:54 [INFO] collision: TX slot collision detected between AA:BB:CC:00:00:03 and AA:BB:CC:00:00:00 (time delta: 0.00 ms)
2026/07/26 09:23:54 [INFO] collision: TX slot collision detected between AA:BB:CC:00:00:00 and AA:BB:CC:00:00:01 (time delta: 0.00 ms)
2026/07/26 09:23:54 [INFO] collision: TX slot collision detected between AA:BB:CC:00:00:00 and AA:BB:CC:00:00:01 (time delta: 0.00 ms)
2026/07/26 09:23:54 [INFO] collision: TX slot collision detected between AA:BB:CC:00:00:03 and AA:BB:CC:00:00:00 (time delta: 0.00 ms)
2026/07/26 09:23:54 [INFO] collision: TX slot collision detected between AA:BB:CC:00:00:03 and AA:BB:CC:00:00:01 (time delta: 0.00 ms)
2026/07/26 09:23:54 [INFO] collision: TX slot collision detected between AA:BB:CC:00:00:00 and AA:BB:CC:00:00:01 (time delta: 0.00 ms)
2026/07/26 09:23:54 [INFO] collision: TX slot collision detected between AA:BB:CC:00:00:00 and AA:BB:CC:00:00:03 (time delta: 0.00 ms)
2026/07/26 09:23:54 [INFO] collision: TX slot collision detected between AA:BB:CC:00:00:01 and AA:BB:CC:00:00:00 (time delta: 0.00 ms)
2026/07/26 09:23:54 [INFO] collision: TX slot collision detected between AA:BB:CC:00:00:01 and AA:BB:CC:00:00:03 (time delta: 0.00 ms)
2026/07/26 09:23:54 [INFO] collision: TX slot collision detected between AA:BB:CC:00:00:03 and AA:BB:CC:00:00:01 (time delta: 0.00 ms)
2026/07/26 09:23:54 [INFO] collision: TX slot collision detected between AA:BB:CC:00:00:03 and AA:BB:CC:00:00:00 (time delta: 0.00 ms)
2026/07/26 09:23:54 [INFO] collision: TX slot collision detected between AA:BB:CC:00:00:01 and AA:BB:CC:00:00:00 (time delta: 0.00 ms)
2026/07/26 09:23:54 [INFO] collision: TX slot collision detected between AA:BB:CC:00:00:01 and AA:BB:CC:00:00:03 (time delta: 0.00 ms)
2026/07/26 09:23:54 [INFO] collision: TX slot collision detected between AA:BB:CC:00:00:03 and AA:BB:CC:00:00:00 (time delta: 0.00 ms)
2026/07/26 09:23:54 [INFO] collision: TX slot collision detected between AA:BB:CC:00:00:03 and AA:BB:CC:00:00:01 (time delta: 0.00 ms)
2026/07/26 09:23:54 [INFO] collision: TX slot collision detected between AA:BB:CC:00:00:01 and AA:BB:CC:00:00:00 (time delta: 0.00 ms)
2026/07/26 09:23:54 [INFO] collision: TX slot collision detected between AA:BB:CC:00:00:01 and AA:BB:CC:00:00:00 (time delta: 0.00 ms)
2026/07/26 09:23:54 [INFO] collision: TX slot collision detected between AA:BB:CC:00:00:03 and AA:BB:CC:00:00:01 (time delta: 0.00 ms)
2026/07/26 09:23:54 [INFO] collision: TX slot collision detected between AA:BB:CC:00:00:03 and AA:BB:CC:00:00:00 (time delta: 0.00 ms)
2026/07/26 09:23:54 [INFO] collision: TX slot collision detected between AA:BB:CC:00:00:01 and AA:BB:CC:00:00:00 (time delta: 0.00 ms)
2026/07/26 09:23:54 [INFO] collision: TX slot collision detected between AA:BB:CC:00:00:01 and AA:BB:CC:00:00:03 (time delta: 0.00 ms)
2026/07/26 09:23:54 [INFO] collision: TX slot collision detected between AA:BB:CC:00:00:03 and AA:BB:CC:00:00:01 (time delta: 0.00 ms)
2026/07/26 09:23:54 [INFO] collision: TX slot collision detected between AA:BB:CC:00:00:03 and AA:BB:CC:00:00:00 (time delta: 0.00 ms)
2026/07/26 09:23:54 [INFO] collision: TX slot collision detected between AA:BB:CC:00:00:03 and AA:BB:CC:00:00:01 (time delta: 1.00 ms)
2026/07/26 09:23:54 [INFO] collision: TX slot collision detected between AA:BB:CC:00:00:03 and AA:BB:CC:00:00:00 (time delta: 2.00 ms)
2026/07/26 09:23:54 [INFO] collision: TX slot collision detected between AA:BB:CC:00:00:00 and AA:BB:CC:00:00:01 (time delta: 0.00 ms)
2026/07/26 09:23:54 [INFO] collision: TX slot collision detected between AA:BB:CC:00:00:00 and AA:BB:CC:00:00:01 (time delta: 0.00 ms)
2026/07/26 09:23:54 [INFO] collision: TX slot collision detected between AA:BB:CC:00:00:00 and AA:BB:CC:00:00:01 (time delta: 0.00 ms)
2026/07/26 09:23:54 [INFO] collision: TX slot collision detected between AA:BB:CC:00:00:01 and AA:BB:CC:00:00:00 (time delta: 0.00 ms)
2026/07/26 09:23:54 [INFO] collision: TX slot collision detected between AA:BB:CC:00:00:03 and AA:BB:CC:00:00:01 (time delta: 0.00 ms)
2026/07/26 09:23:54 [INFO] collision: TX slot collision detected between AA:BB:CC:00:00:03 and AA:BB:CC:00:00:00 (time delta: 0.00 ms)
2026/07/26 09:23:54 [INFO] collision: TX slot collision detected between AA:BB:CC:00:00:03 and AA:BB:CC:00:00:01 (time delta: 0.00 ms)
2026/07/26 09:23:54 [INFO] collision: TX slot collision detected between AA:BB:CC:00:00:03 and AA:BB:CC:00:00:00 (time delta: 0.00 ms)
2026/07/26 09:23:54 [INFO] collision: TX slot collision detected between AA:BB:CC:00:00:03 and AA:BB:CC:00:00:01 (time delta: 0.00 ms)
2026/07/26 09:23:54 [INFO] collision: TX slot collision detected between AA:BB:CC:00:00:03 and AA:BB:CC:00:00:00 (time delta: 0.00 ms)
2026/07/26 09:23:54 [INFO] collision: TX slot collision detected between AA:BB:CC:00:00:01 and AA:BB:CC:00:00:00 (time delta: 0.00 ms)
2026/07/26 09:23:54 [INFO] collision: TX slot collision detected between AA:BB:CC:00:00:01 and AA:BB:CC:00:00:03 (time delta: 0.00 ms)
2026/07/26 09:23:54 [INFO] collision: TX slot collision detected between AA:BB:CC:00:00:00 and AA:BB:CC:00:00:01 (time delta: 0.00 ms)
2026/07/26 09:23:54 [INFO] collision: TX slot collision detected between AA:BB:CC:00:00:00 and AA:BB:CC:00:00:01 (time delta: 0.00 ms)
2026/07/26 09:23:54 [INFO] collision: TX slot collision detected between AA:BB:CC:00:00:00 and AA:BB:CC:00:00:01 (time delta: 0.00 ms)
2026/07/26 09:23:54 [INFO] collision: TX slot collision detected between AA:BB:CC:00:00:03 and AA:BB:CC:00:00:01 (time delta: 0.00 ms)
2026/07/26 09:23:54 [INFO] collision: TX slot collision detected between AA:BB:CC:00:00:03 and AA:BB:CC:00:00:00 (time delta: 0.00 ms)
2026/07/26 09:23:54 [INFO] collision: TX slot collision detected between AA:BB:CC:00:00:01 and AA:BB:CC:00:00:00 (time delta: 0.00 ms)
2026/07/26 09:23:54 [INFO] collision: TX slot collision detected between AA:BB:CC:00:00:01 and AA:BB:CC:00:00:03 (time delta: 0.00 ms)
2026/07/26 09:23:54 [INFO] collision: TX slot collision detected between AA:BB:CC:00:00:03 and AA:BB:CC:00:00:01 (time delta: 0.00 ms)
2026/07/26 09:23:54 [INFO] collision: TX slot collision detected between AA:BB:CC:00:00:03 and AA:BB:CC:00:00:00 (time delta: 0.00 ms)
2026/07/26 09:23:54 [INFO] collision: TX slot collision detected between AA:BB:CC:00:00:01 and AA:BB:CC:00:00:00 (time delta: 0.00 ms)
2026/07/26 09:23:54 [INFO] collision: TX slot collision detected between AA:BB:CC:00:00:01 and AA:BB:CC:00:00:03 (time delta: 0.00 ms)
2026/07/26 09:23:54 [INFO] collision: TX slot collision detected between AA:BB:CC:00:00:03 and AA:BB:CC:00:00:01 (time delta: 0.00 ms)
2026/07/26 09:23:54 [INFO] collision: TX slot collision detected between AA:BB:CC:00:00:03 and AA:BB:CC:00:00:00 (time delta: 0.00 ms)
2026/07/26 09:23:54 [INFO] collision: TX slot collision detected between AA:BB:CC:00:00:00 and AA:BB:CC:00:00:01 (time delta: 0.00 ms)
2026/07/26 09:23:54 [INFO] collision: TX slot collision detected between AA:BB:CC:00:00:00 and AA:BB:CC:00:00:01 (time delta: 0.00 ms)
2026/07/26 09:23:54 [INFO] collision: TX slot collision detected between AA:BB:CC:00:00:01 and AA:BB:CC:00:00:00 (time delta: 0.00 ms)
2026/07/26 09:23:54 [INFO] collision: TX slot collision detected between AA:BB:CC:00:00:00 and AA:BB:CC:00:00:01 (time delta: 0.00 ms)
2026/07/26 09:23:54 [INFO] collision: TX slot collision detected between AA:BB:CC:00:00:03 and AA:BB:CC:00:00:01 (time delta: 0.00 ms)
2026/07/26 09:23:54 [INFO] collision: TX slot collision detected between AA:BB:CC:00:00:03 and AA:BB:CC:00:00:00 (time delta: 0.00 ms)
2026/07/26 09:23:54 [INFO] collision: TX slot collision detected between AA:BB:CC:00:00:03 and AA:BB:CC:00:00:01 (time delta: 0.00 ms)
2026/07/26 09:23:54 [INFO] collision: TX slot collision detected between AA:BB:CC:00:00:03 and AA:BB:CC:00:00:00 (time delta: 0.00 ms)
2026/07/26 09:23:54 [INFO] collision: TX slot collision detected between AA:BB:CC:00:00:03 and AA:BB:CC:00:00:01 (time delta: 0.00 ms)
2026/07/26 09:23:54 [INFO] collision: TX slot collision detected between AA:BB:CC:00:00:03 and AA:BB:CC:00:00:00 (time delta: 0.00 ms)
2026/07/26 09:23:54 [INFO] collision: TX slot collision detected between AA:BB:CC:00:00:01 and AA:BB:CC:00:00:00 (time delta: 0.00 ms)
2026/07/26 09:23:54 [INFO] collision: TX slot collision detected between AA:BB:CC:00:00:01 and AA:BB:CC:00:00:03 (time delta: 0.00 ms)
2026/07/26 09:23:54 [INFO] collision: TX slot collision detected between AA:BB:CC:00:00:00 and AA:BB:CC:00:00:01 (time delta: 0.00 ms)
2026/07/26 09:23:54 [INFO] collision: TX slot collision detected between AA:BB:CC:00:00:00 and AA:BB:CC:00:00:01 (time delta: 0.00 ms)
2026/07/26 09:23:54 [INFO] collision: TX slot collision detected between AA:BB:CC:00:00:00 and AA:BB:CC:00:00:01 (time delta: 0.00 ms)
2026/07/26 09:23:54 [INFO] collision: TX slot collision detected between AA:BB:CC:00:00:01 and AA:BB:CC:00:00:00 (time delta: 0.00 ms)
2026/07/26 09:23:54 [INFO] collision: TX slot collision detected between AA:BB:CC:00:00:01 and AA:BB:CC:00:00:00 (time delta: 0.00 ms)
2026/07/26 09:23:54 [INFO] collision: TX slot collision detected between AA:BB:CC:00:00:03 and AA:BB:CC:00:00:00 (time delta: 0.00 ms)
2026/07/26 09:23:54 [INFO] collision: TX slot collision detected between AA:BB:CC:00:00:03 and AA:BB:CC:00:00:01 (time delta: 0.00 ms)
2026/07/26 09:23:54 [INFO] collision: TX slot collision detected between AA:BB:CC:00:00:03 and AA:BB:CC:00:00:01 (time delta: 0.00 ms)
2026/07/26 09:23:54 [INFO] collision: TX slot collision detected between AA:BB:CC:00:00:03 and AA:BB:CC:00:00:00 (time delta: 0.00 ms)
2026/07/26 09:23:54 [INFO] collision: TX slot collision detected between AA:BB:CC:00:00:03 and AA:BB:CC:00:00:01 (time delta: 0.00 ms)
2026/07/26 09:23:54 [INFO] collision: TX slot collision detected between AA:BB:CC:00:00:03 and AA:BB:CC:00:00:00 (time delta: 0.00 ms)
2026/07/26 09:23:54 [INFO] collision: TX slot collision detected between AA:BB:CC:00:00:00 and AA:BB:CC:00:00:01 (time delta: 0.00 ms)
2026/07/26 09:23:54 [INFO] collision: TX slot collision detected between AA:BB:CC:00:00:00 and AA:BB:CC:00:00:01 (time delta: 0.00 ms)
2026/07/26 09:23:54 [INFO] collision: TX slot collision detected between AA:BB:CC:00:00:00 and AA:BB:CC:00:00:01 (time delta: 0.00 ms)
2026/07/26 09:23:54 [INFO] collision: TX slot collision detected between AA:BB:CC:00:00:03 and AA:BB:CC:00:00:01 (time delta: 0.00 ms)
2026/07/26 09:23:54 [INFO] collision: TX slot collision detected between AA:BB:CC:00:00:03 and AA:BB:CC:00:00:00 (time delta: 0.00 ms)
2026/07/26 09:23:54 [INFO] collision: TX slot collision detected between AA:BB:CC:00:00:01 and AA:BB:CC:00:00:00 (time delta: 0.00 ms)
2026/07/26 09:23:54 [INFO] collision: TX slot collision detected between AA:BB:CC:00:00:01 and AA:BB:CC:00:00:03 (time delta: 0.00 ms)
2026/07/26 09:23:54 [INFO] collision: TX slot collision detected between AA:BB:CC:00:00:03 and AA:BB:CC:00:00:01 (time delta: 0.00 ms)
2026/07/26 09:23:54 [INFO] collision: TX slot collision detected between AA:BB:CC:00:00:03 and AA:BB:CC:00:00:00 (time delta: 0.00 ms)
2026/07/26 09:23:54 [INFO] collision: TX slot collision detected between AA:BB:CC:00:00:01 and AA:BB:CC:00:00:00 (time delta: 0.00 ms)
2026/07/26 09:23:54 [INFO] collision: TX slot collision detected between AA:BB:CC:00:00:01 and AA:BB:CC:00:00:03 (time delta: 0.00 ms)
2026/07/26 09:23:54 [INFO] collision: TX slot collision detected between AA:BB:CC:00:00:03 and AA:BB:CC:00:00:01 (time delta: 0.00 ms)
2026/07/26 09:23:54 [INFO] collision: TX slot collision detected between AA:BB:CC:00:00:03 and AA:BB:CC:00:00:00 (time delta: 0.00 ms)
2026/07/26 09:23:54 [INFO] collision: TX slot collision detected between AA:BB:CC:00:00:00 and AA:BB:CC:00:00:01 (time delta: 0.00 ms)
2026/07/26 09:23:54 [INFO] collision: TX slot collision detected between AA:BB:CC:00:00:00 and AA:BB:CC:00:00:01 (time delta: 0.00 ms)
2026/07/26 09:23:54 [INFO] collision: TX slot collision detected between AA:BB:CC:00:00:00 and AA:BB:CC:00:00:01 (time delta: 0.00 ms)
2026/07/26 09:23:54 [INFO] collision: TX slot collision detected between AA:BB:CC:00:00:01 and AA:BB:CC:00:00:00 (time delta: 0.00 ms)
2026/07/26 09:23:54 [INFO] collision: TX slot collision detected between AA:BB:CC:00:00:03 and AA:BB:CC:00:00:01 (time delta: 0.00 ms)
2026/07/26 09:23:54 [INFO] collision: TX slot collision detected between AA:BB:CC:00:00:03 and AA:BB:CC:00:00:00 (time delta: 0.00 ms)
2026/07/26 09:23:54 [INFO] collision: TX slot collision detected between AA:BB:CC:00:00:03 and AA:BB:CC:00:00:01 (time delta: 0.00 ms)
2026/07/26 09:23:54 [INFO] collision: TX slot collision detected between AA:BB:CC:00:00:03 and AA:BB:CC:00:00:00 (time delta: 0.00 ms)
2026/07/26 09:23:54 [INFO] collision: TX slot collision detected between AA:BB:CC:00:00:01 and AA:BB:CC:00:00:00 (time delta: 0.00 ms)
2026/07/26 09:23:54 [INFO] collision: TX slot collision detected between AA:BB:CC:00:00:01 and AA:BB:CC:00:00:03 (time delta: 0.00 ms)
2026/07/26 09:23:54 [INFO] collision: TX slot collision detected between AA:BB:CC:00:00:03 and AA:BB:CC:00:00:01 (time delta: 0.00 ms)
2026/07/26 09:23:54 [INFO] collision: TX slot collision detected between AA:BB:CC:00:00:03 and AA:BB:CC:00:00:00 (time delta: 0.00 ms)
2026/07/26 09:23:54 [INFO] collision: TX slot collision detected between AA:BB:CC:00:00:00 and AA:BB:CC:00:00:01 (time delta: 0.00 ms)
2026/07/26 09:23:54 [INFO] collision: TX slot collision detected between AA:BB:CC:00:00:00 and AA:BB:CC:00:00:01 (time delta: 0.00 ms)
2026/07/26 09:23:54 [INFO] collision: TX slot collision detected between AA:BB:CC:00:00:00 and AA:BB:CC:00:00:01 (time delta: 0.00 ms)
2026/07/26 09:23:54 [INFO] collision: TX slot collision detected between AA:BB:CC:00:00:01 and AA:BB:CC:00:00:00 (time delta: 0.00 ms)
2026/07/26 09:23:54 [INFO] collision: TX slot collision detected between AA:BB:CC:00:00:03 and AA:BB:CC:00:00:01 (time delta: 0.00 ms)
2026/07/26 09:23:54 [INFO] collision: TX slot collision detected between AA:BB:CC:00:00:03 and AA:BB:CC:00:00:00 (time delta: 0.00 ms)
2026/07/26 09:23:54 [INFO] collision: TX slot collision detected between AA:BB:CC:00:00:03 and AA:BB:CC:00:00:01 (time delta: 0.00 ms)
2026/07/26 09:23:54 [INFO] collision: TX slot collision detected between AA:BB:CC:00:00:03 and AA:BB:CC:00:00:00 (time delta: 0.00 ms)
2026/07/26 09:23:54 [INFO] collision: TX slot collision detected between AA:BB:CC:00:00:01 and AA:BB:CC:00:00:00 (time delta: 0.00 ms)
2026/07/26 09:23:54 [INFO] collision: TX slot collision detected between AA:BB:CC:00:00:01 and AA:BB:CC:00:00:03 (time delta: 0.00 ms)
2026/07/26 09:23:54 [INFO] collision: TX slot collision detected between AA:BB:CC:00:00:03 and AA:BB:CC:00:00:01 (time delta: 0.00 ms)
2026/07/26 09:23:54 [INFO] collision: TX slot collision detected between AA:BB:CC:00:00:03 and AA:BB:CC:00:00:00 (time delta: 0.00 ms)
2026/07/26 09:23:54 [INFO] collision: TX slot collision detected between AA:BB:CC:00:00:00 and AA:BB:CC:00:00:01 (time delta: 0.00 ms)
2026/07/26 09:23:54 [INFO] collision: TX slot collision detected between AA:BB:CC:00:00:00 and AA:BB:CC:00:00:01 (time delta: 0.00 ms)
2026/07/26 09:23:54 [INFO] collision: TX slot collision detected between AA:BB:CC:00:00:01 and AA:BB:CC:00:00:00 (time delta: 0.00 ms)
2026/07/26 09:23:54 [INFO] collision: TX slot collision detected between AA:BB:CC:00:00:00 and AA:BB:CC:00:00:01 (time delta: 0.00 ms)
2026/07/26 09:23:54 [INFO] collision: TX slot collision detected between AA:BB:CC:00:00:03 and AA:BB:CC:00:00:01 (time delta: 0.00 ms)
2026/07/26 09:23:54 [INFO] collision: TX slot collision detected between AA:BB:CC:00:00:03 and AA:BB:CC:00:00:00 (time delta: 0.00 ms)
2026/07/26 09:23:54 [INFO] collision: TX slot collision detected between AA:BB:CC:00:00:01 and AA:BB:CC:00:00:00 (time delta: 0.00 ms)
2026/07/26 09:23:54 [INFO] collision: TX slot collision detected between AA:BB:CC:00:00:01 and AA:BB:CC:00:00:03 (time delta: 0.00 ms)
2026/07/26 09:23:54 [INFO] collision: TX slot collision detected between AA:BB:CC:00:00:03 and AA:BB:CC:00:00:01 (time delta: 0.00 ms)
2026/07/26 09:23:54 [INFO] collision: TX slot collision detected between AA:BB:CC:00:00:03 and AA:BB:CC:00:00:00 (time delta: 0.00 ms)
2026/07/26 09:23:54 [INFO] collision: TX slot collision detected between AA:BB:CC:00:00:03 and AA:BB:CC:00:00:00 (time delta: 0.00 ms)
2026/07/26 09:23:54 [INFO] collision: TX slot collision detected between AA:BB:CC:00:00:03 and AA:BB:CC:00:00:01 (time delta: 0.00 ms)
2026/07/26 09:23:54 [INFO] collision: TX slot collision detected between AA:BB:CC:00:00:00 and AA:BB:CC:00:00:01 (time delta: 0.00 ms)
2026/07/26 09:23:54 [INFO] collision: TX slot collision detected between AA:BB:CC:00:00:00 and AA:BB:CC:00:00:01 (time delta: 0.00 ms)
2026/07/26 09:23:54 [INFO] collision: TX slot collision detected between AA:BB:CC:00:00:00 and AA:BB:CC:00:00:01 (time delta: 0.00 ms)
2026/07/26 09:23:54 [INFO] collision: TX slot collision detected between AA:BB:CC:00:00:03 and AA:BB:CC:00:00:01 (time delta: 0.00 ms)
2026/07/26 09:23:54 [INFO] collision: TX slot collision detected between AA:BB:CC:00:00:03 and AA:BB:CC:00:00:00 (time delta: 0.00 ms)
2026/07/26 09:23:54 [INFO] collision: TX slot collision detected between AA:BB:CC:00:00:01 and AA:BB:CC:00:00:00 (time delta: 0.00 ms)
2026/07/26 09:23:54 [INFO] collision: TX slot collision detected between AA:BB:CC:00:00:01 and AA:BB:CC:00:00:03 (time delta: 0.00 ms)
2026/07/26 09:23:54 [INFO] collision: TX slot collision detected between AA:BB:CC:00:00:03 and AA:BB:CC:00:00:01 (time delta: 0.00 ms)
2026/07/26 09:23:54 [INFO] collision: TX slot collision detected between AA:BB:CC:00:00:03 and AA:BB:CC:00:00:00 (time delta: 0.00 ms)
2026/07/26 09:23:54 [INFO] collision: TX slot collision detected between AA:BB:CC:00:00:03 and AA:BB:CC:00:00:01 (time delta: 0.00 ms)
2026/07/26 09:23:54 [INFO] collision: TX slot collision detected between AA:BB:CC:00:00:03 and AA:BB:CC:00:00:00 (time delta: 0.00 ms)
2026/07/26 09:23:54 [INFO] collision: TX slot collision detected between AA:BB:CC:00:00:01 and AA:BB:CC:00:00:00 (time delta: 0.00 ms)
2026/07/26 09:23:54 [INFO] collision: TX slot collision detected between AA:BB:CC:00:00:01 and AA:BB:CC:00:00:03 (time delta: 0.00 ms)
2026/07/26 09:23:54 [INFO] collision: TX slot collision detected between AA:BB:CC:00:00:01 and AA:BB:CC:00:00:00 (time delta: 0.00 ms)
2026/07/26 09:23:54 [INFO] collision: TX slot collision detected between AA:BB:CC:00:00:00 and AA:BB:CC:00:00:01 (time delta: 0.00 ms)
2026/07/26 09:23:54 [INFO] collision: TX slot collision detected between AA:BB:CC:00:00:01 and AA:BB:CC:00:00:00 (time delta: 0.00 ms)
2026/07/26 09:23:54 [INFO] collision: TX slot collision detected between AA:BB:CC:00:00:00 and AA:BB:CC:00:00:01 (time delta: 0.00 ms)
2026/07/26 09:23:54 [INFO] collision: TX slot collision detected between AA:BB:CC:00:00:01 and AA:BB:CC:00:00:00 (time delta: 0.00 ms)
2026/07/26 09:23:54 [INFO] collision: TX slot collision detected between AA:BB:CC:00:00:03 and AA:BB:CC:00:00:00 (time delta: 0.00 ms)
2026/07/26 09:23:54 [INFO] collision: TX slot collision detected between AA:BB:CC:00:00:03 and AA:BB:CC:00:00:01 (time delta: 0.00 ms)
2026/07/26 09:23:54 [INFO] collision: TX slot collision detected between AA:BB:CC:00:00:03 and AA:BB:CC:00:00:01 (time delta: 0.00 ms)
2026/07/26 09:23:54 [INFO] collision: TX slot collision detected between AA:BB:CC:00:00:03 and AA:BB:CC:00:00:00 (time delta: 1.00 ms)
2026/07/26 09:23:54 [INFO] collision: TX slot collision detected between AA:BB:CC:00:00:03 and AA:BB:CC:00:00:01 (time delta: 0.00 ms)
2026/07/26 09:23:54 [INFO] collision: TX slot collision detected between AA:BB:CC:00:00:03 and AA:BB:CC:00:00:00 (time delta: 1.00 ms)
2026/07/26 09:23:54 [INFO] collision: TX slot collision detected between AA:BB:CC:00:00:03 and AA:BB:CC:00:00:01 (time delta: 0.00 ms)
2026/07/26 09:23:54 [INFO] collision: TX slot collision detected between AA:BB:CC:00:00:00 and AA:BB:CC:00:00:01 (time delta: 0.00 ms)
2026/07/26 09:23:54 [INFO] collision: TX slot collision detected between AA:BB:CC:00:00:00 and AA:BB:CC:00:00:03 (time delta: 0.00 ms)
2026/07/26 09:23:54 [INFO] collision: TX slot collision detected between AA:BB:CC:00:00:01 and AA:BB:CC:00:00:00 (time delta: 0.00 ms)
2026/07/26 09:23:54 [INFO] collision: TX slot collision detected between AA:BB:CC:00:00:01 and AA:BB:CC:00:00:03 (time delta: 0.00 ms)
2026/07/26 09:23:54 [INFO] collision: TX slot collision detected between AA:BB:CC:00:00:00 and AA:BB:CC:00:00:01 (time delta: 0.00 ms)
2026/07/26 09:23:54 [INFO] collision: TX slot collision detected between AA:BB:CC:00:00:00 and AA:BB:CC:00:00:03 (time delta: 0.00 ms)
2026/07/26 09:23:54 [INFO] collision: TX slot collision detected between AA:BB:CC:00:00:01 and AA:BB:CC:00:00:00 (time delta: 0.00 ms)
2026/07/26 09:23:54 [INFO] collision: TX slot collision detected between AA:BB:CC:00:00:01 and AA:BB:CC:00:00:03 (time delta: 0.00 ms)
2026/07/26 09:23:54 [INFO] collision: TX slot collision detected between AA:BB:CC:00:00:03 and AA:BB:CC:00:00:01 (time delta: 0.00 ms)
2026/07/26 09:23:54 [INFO] collision: TX slot collision detected between AA:BB:CC:00:00:03 and AA:BB:CC:00:00:00 (time delta: 0.00 ms)
2026/07/26 09:23:54 [INFO] collision: TX slot collision detected between AA:BB:CC:00:00:00 and AA:BB:CC:00:00:01 (time delta: 0.00 ms)
2026/07/26 09:23:54 [INFO] collision: TX slot collision detected between AA:BB:CC:00:00:00 and AA:BB:CC:00:00:03 (time delta: 0.00 ms)
2026/07/26 09:23:54 [INFO] collision: TX slot collision detected between AA:BB:CC:00:00:03 and AA:BB:CC:00:00:01 (time delta: 0.00 ms)
2026/07/26 09:23:54 [INFO] collision: TX slot collision detected between AA:BB:CC:00:00:03 and AA:BB:CC:00:00:00 (time delta: 0.00 ms)
2026/07/26 09:23:54 [INFO] collision: TX slot collision detected between AA:BB:CC:00:00:00 and AA:BB:CC:00:00:01 (time delta: 0.00 ms)
2026/07/26 09:23:54 [INFO] collision: TX slot collision detected between AA:BB:CC:00:00:00 and AA:BB:CC:00:00:01 (time delta: 0.00 ms)
2026/07/26 09:23:54 [INFO] collision: TX slot collision detected between AA:BB:CC:00:00:00 and AA:BB:CC:00:00:01 (time delta: 0.00 ms)
2026/07/26 09:23:54 [INFO] collision: TX slot collision detected between AA:BB:CC:00:00:03 and AA:BB:CC:00:00:01 (time delta: 0.00 ms)
2026/07/26 09:23:54 [INFO] collision: TX slot collision detected between AA:BB:CC:00:00:03 and AA:BB:CC:00:00:00 (time delta: 0.00 ms)
2026/07/26 09:23:54 [INFO] collision: TX slot collision detected between AA:BB:CC:00:00:03 and AA:BB:CC:00:00:01 (time delta: 0.00 ms)
2026/07/26 09:23:54 [INFO] collision: TX slot collision detected between AA:BB:CC:00:00:03 and AA:BB:CC:00:00:00 (time delta: 0.00 ms)
2026/07/26 09:23:54 [INFO] collision: TX slot collision detected between AA:BB:CC:00:00:01 and AA:BB:CC:00:00:00 (time delta: 0.00 ms)
2026/07/26 09:23:54 [INFO] collision: TX slot collision detected between AA:BB:CC:00:00:01 and AA:BB:CC:00:00:03 (time delta: 0.00 ms)
2026/07/26 09:23:54 [INFO] collision: TX slot collision detected between AA:BB:CC:00:00:01 and AA:BB:CC:00:00:00 (time delta: 0.00 ms)
2026/07/26 09:23:54 [INFO] collision: TX slot collision detected between AA:BB:CC:00:00:01 and AA:BB:CC:00:00:03 (time delta: 0.00 ms)
2026/07/26 09:23:54 [INFO] collision: TX slot collision detected between AA:BB:CC:00:00:03 and AA:BB:CC:00:00:00 (time delta: 0.00 ms)
2026/07/26 09:23:54 [INFO] collision: TX slot collision detected between AA:BB:CC:00:00:03 and AA:BB:CC:00:00:01 (time delta: 0.00 ms)
2026/07/26 09:23:55 [INFO] collision: TX slot collision detected between AA:BB:CC:00:00:00 and AA:BB:CC:00:00:01 (time delta: 0.00 ms)
2026/07/26 09:23:55 [INFO] collision: TX slot collision detected between AA:BB:CC:00:00:00 and AA:BB:CC:00:00:01 (time delta: 0.00 ms)
2026/07/26 09:23:55 [INFO] collision: TX slot collision detected between AA:BB:CC:00:00:00 and AA:BB:CC:00:00:01 (time delta: 0.00 ms)
2026/07/26 09:23:55 [INFO] collision: TX slot collision detected between AA:BB:CC:00:00:01 and AA:BB:CC:00:00:00 (time delta: 0.00 ms)
2026/07/26 09:23:55 [INFO] collision: TX slot collision detected between AA:BB:CC:00:00:01 and AA:BB:CC:00:00:00 (time delta: 0.00 ms)
2026/07/26 09:23:55 [INFO] collision: TX slot collision detected between AA:BB:CC:00:00:03 and AA:BB:CC:00:00:01 (time delta: 0.00 ms)
2026/07/26 09:23:55 [INFO] collision: TX slot collision detected between AA:BB:CC:00:00:03 and AA:BB:CC:00:00:00 (time delta: 0.00 ms)
2026/07/26 09:23:55 [INFO] collision: TX slot collision detected between AA:BB:CC:00:00:03 and AA:BB:CC:00:00:00 (time delta: 0.00 ms)
2026/07/26 09:23:55 [INFO] collision: TX slot collision detected between AA:BB:CC:00:00:03 and AA:BB:CC:00:00:01 (time delta: 0.00 ms)
2026/07/26 09:23:55 [INFO] collision: TX slot collision detected between AA:BB:CC:00:00:03 and AA:BB:CC:00:00:01 (time delta: 0.00 ms)
2026/07/26 09:23:55 [INFO] collision: TX slot collision detected between AA:BB:CC:00:00:03 and AA:BB:CC:00:00:00 (time delta: 0.00 ms)
2026/07/26 09:23:55 [INFO] collision: TX slot collision detected between AA:BB:CC:00:00:00 and AA:BB:CC:00:00:01 (time delta: 0.00 ms)
2026/07/26 09:23:55 [INFO] collision: TX slot collision detected between AA:BB:CC:00:00:00 and AA:BB:CC:00:00:01 (time delta: 0.00 ms)
2026/07/26 09:23:55 [INFO] collision: TX slot collision detected between AA:BB:CC:00:00:01 and AA:BB:CC:00:00:00 (time delta: 0.00 ms)
2026/07/26 09:23:55 [INFO] collision: TX slot collision detected between AA:BB:CC:00:00:00 and AA:BB:CC:00:00:01 (time delta: 0.00 ms)
2026/07/26 09:23:55 [INFO] collision: TX slot collision detected between AA:BB:CC:00:00:03 and AA:BB:CC:00:00:01 (time delta: 0.00 ms)
2026/07/26 09:23:55 [INFO] collision: TX slot collision detected between AA:BB:CC:00:00:03 and AA:BB:CC:00:00:00 (time delta: 0.00 ms)
2026/07/26 09:23:55 [INFO] collision: TX slot collision detected between AA:BB:CC:00:00:03 and AA:BB:CC:00:00:01 (time delta: 0.00 ms)
2026/07/26 09:23:55 [INFO] collision: TX slot collision detected between AA:BB:CC:00:00:03 and AA:BB:CC:00:00:00 (time delta: 0.00 ms)
2026/07/26 09:23:55 [INFO] collision: TX slot collision detected between AA:BB:CC:00:00:01 and AA:BB:CC:00:00:00 (time delta: 0.00 ms)
2026/07/26 09:23:55 [INFO] collision: TX slot collision detected between AA:BB:CC:00:00:01 and AA:BB:CC:00:00:03 (time delta: 0.00 ms)
2026/07/26 09:23:55 [INFO] collision: TX slot collision detected between AA:BB:CC:00:00:03 and AA:BB:CC:00:00:01 (time delta: 0.00 ms)
2026/07/26 09:23:55 [INFO] collision: TX slot collision detected between AA:BB:CC:00:00:03 and AA:BB:CC:00:00:00 (time delta: 0.00 ms)
2026/07/26 09:23:55 [INFO] collision: TX slot collision detected between AA:BB:CC:00:00:00 and AA:BB:CC:00:00:01 (time delta: 0.00 ms)
2026/07/26 09:23:55 [INFO] collision: TX slot collision detected between AA:BB:CC:00:00:00 and AA:BB:CC:00:00:01 (time delta: 0.00 ms)
2026/07/26 09:23:55 [INFO] collision: TX slot collision detected between AA:BB:CC:00:00:00 and AA:BB:CC:00:00:01 (time delta: 0.00 ms)
2026/07/26 09:23:55 [INFO] collision: TX slot collision detected between AA:BB:CC:00:00:01 and AA:BB:CC:00:00:00 (time delta: 0.00 ms)
2026/07/26 09:23:55 [INFO] collision: TX slot collision detected between AA:BB:CC:00:00:03 and AA:BB:CC:00:00:01 (time delta: 0.00 ms)
2026/07/26 09:23:55 [INFO] collision: TX slot collision detected between AA:BB:CC:00:00:03 and AA:BB:CC:00:00:00 (time delta: 0.00 ms)
2026/07/26 09:23:55 [INFO] collision: TX slot collision detected between AA:BB:CC:00:00:03 and AA:BB:CC:00:00:01 (time delta: 0.00 ms)
2026/07/26 09:23:55 [INFO] collision: TX slot collision detected between AA:BB:CC:00:00:03 and AA:BB:CC:00:00:00 (time delta: 0.00 ms)
2026/07/26 09:23:55 [INFO] collision: TX slot collision detected between AA:BB:CC:00:00:03 and AA:BB:CC:00:00:00 (time delta: 0.00 ms)
2026/07/26 09:23:55 [INFO] collision: TX slot collision detected between AA:BB:CC:00:00:03 and AA:BB:CC:00:00:01 (time delta: 0.00 ms)
2026/07/26 09:23:55 [INFO] collision: TX slot collision detected between AA:BB:CC:00:00:01 and AA:BB:CC:00:00:00 (time delta: 0.00 ms)
2026/07/26 09:23:55 [INFO] collision: TX slot collision detected between AA:BB:CC:00:00:01 and AA:BB:CC:00:00:03 (time delta: 0.00 ms)
2026/07/26 09:23:55 [INFO] collision: TX slot collision detected between AA:BB:CC:00:00:00 and AA:BB:CC:00:00:01 (time delta: 0.00 ms)
2026/07/26 09:23:55 [INFO] collision: TX slot collision detected between AA:BB:CC:00:00:00 and AA:BB:CC:00:00:01 (time delta: 0.00 ms)
2026/07/26 09:23:55 [INFO] collision: TX slot collision detected between AA:BB:CC:00:00:00 and AA:BB:CC:00:00:01 (time delta: 0.00 ms)
2026/07/26 09:23:55 [INFO] collision: TX slot collision detected between AA:BB:CC:00:00:03 and AA:BB:CC:00:00:00 (time delta: 0.00 ms)
2026/07/26 09:23:55 [INFO] collision: TX slot collision detected between AA:BB:CC:00:00:03 and AA:BB:CC:00:00:01 (time delta: 0.00 ms)
2026/07/26 09:23:55 [INFO] collision: TX slot collision detected between AA:BB:CC:00:00:01 and AA:BB:CC:00:00:00 (time delta: 0.00 ms)
2026/07/26 09:23:55 [INFO] collision: TX slot collision detected between AA:BB:CC:00:00:01 and AA:BB:CC:00:00:03 (time delta: 0.00 ms)
2026/07/26 09:23:55 [INFO] collision: TX slot collision detected between AA:BB:CC:00:00:01 and AA:BB:CC:00:00:00 (time delta: 0.00 ms)
2026/07/26 09:23:55 [INFO] collision: TX slot collision detected between AA:BB:CC:00:00:01 and AA:BB:CC:00:00:03 (time delta: 0.00 ms)
2026/07/26 09:23:55 [INFO] collision: TX slot collision detected between AA:BB:CC:00:00:03 and AA:BB:CC:00:00:00 (time delta: 0.00 ms)
2026/07/26 09:23:55 [INFO] collision: TX slot collision detected between AA:BB:CC:00:00:03 and AA:BB:CC:00:00:01 (time delta: 0.00 ms)
2026/07/26 09:23:55 [INFO] collision: TX slot collision detected between AA:BB:CC:00:00:03 and AA:BB:CC:00:00:01 (time delta: 0.00 ms)
2026/07/26 09:23:55 [INFO] collision: TX slot collision detected between AA:BB:CC:00:00:03 and AA:BB:CC:00:00:00 (time delta: 0.00 ms)
2026/07/26 09:23:55 [INFO] collision: TX slot collision detected between AA:BB:CC:00:00:01 and AA:BB:CC:00:00:00 (time delta: 0.00 ms)
2026/07/26 09:23:55 [INFO] collision: TX slot collision detected between AA:BB:CC:00:00:01 and AA:BB:CC:00:00:00 (time delta: 0.00 ms)
2026/07/26 09:23:55 [INFO] collision: TX slot collision detected between AA:BB:CC:00:00:01 and AA:BB:CC:00:00:00 (time delta: 0.00 ms)
2026/07/26 09:23:55 [INFO] collision: TX slot collision detected between AA:BB:CC:00:00:03 and AA:BB:CC:00:00:01 (time delta: 0.00 ms)
2026/07/26 09:23:55 [INFO] collision: TX slot collision detected between AA:BB:CC:00:00:03 and AA:BB:CC:00:00:00 (time delta: 0.00 ms)
2026/07/26 09:23:55 [INFO] collision: TX slot collision detected between AA:BB:CC:00:00:03 and AA:BB:CC:00:00:01 (time delta: 0.00 ms)
2026/07/26 09:23:55 [INFO] collision: TX slot collision detected between AA:BB:CC:00:00:03 and AA:BB:CC:00:00:00 (time delta: 0.00 ms)
2026/07/26 09:23:55 [INFO] collision: TX slot collision detected between AA:BB:CC:00:00:03 and AA:BB:CC:00:00:01 (time delta: 0.00 ms)
2026/07/26 09:23:55 [INFO] collision: TX slot collision detected between AA:BB:CC:00:00:03 and AA:BB:CC:00:00:00 (time delta: 0.00 ms)
2026/07/26 09:23:55 [INFO] collision: TX slot collision detected between AA:BB:CC:00:00:00 and AA:BB:CC:00:00:01 (time delta: 0.00 ms)
2026/07/26 09:23:55 [INFO] collision: TX slot collision detected between AA:BB:CC:00:00:00 and AA:BB:CC:00:00:01 (time delta: 0.00 ms)
2026/07/26 09:23:55 [INFO] collision: TX slot collision detected between AA:BB:CC:00:00:00 and AA:BB:CC:00:00:01 (time delta: 0.00 ms)
2026/07/26 09:23:55 [INFO] collision: TX slot collision detected between AA:BB:CC:00:00:01 and AA:BB:CC:00:00:00 (time delta: 0.00 ms)
2026/07/26 09:23:55 [INFO] collision: TX slot collision detected between AA:BB:CC:00:00:01 and AA:BB:CC:00:00:00 (time delta: 0.00 ms)
2026/07/26 09:23:55 [INFO] collision: TX slot collision detected between AA:BB:CC:00:00:03 and AA:BB:CC:00:00:01 (time delta: 0.00 ms)
2026/07/26 09:23:55 [INFO] collision: TX slot collision detected between AA:BB:CC:00:00:03 and AA:BB:CC:00:00:00 (time delta: 0.00 ms)
2026/07/26 09:23:55 [INFO] collision: TX slot collision detected between AA:BB:CC:00:00:03 and AA:BB:CC:00:00:00 (time delta: 0.00 ms)
2026/07/26 09:23:55 [INFO] collision: TX slot collision detected between AA:BB:CC:00:00:03 and AA:BB:CC:00:00:01 (time delta: 0.00 ms)
2026/07/26 09:23:55 [INFO] collision: TX slot collision detected between AA:BB:CC:00:00:03 and AA:BB:CC:00:00:01 (time delta: 0.00 ms)
2026/07/26 09:23:55 [INFO] collision: TX slot collision detected between AA:BB:CC:00:00:03 and AA:BB:CC:00:00:00 (time delta: 0.00 ms)
2026/07/26 09:23:55 [INFO] collision: TX slot collision detected between AA:BB:CC:00:00:00 and AA:BB:CC:00:00:01 (time delta: 0.00 ms)
2026/07/26 09:23:55 [INFO] collision: TX slot collision detected between AA:BB:CC:00:00:00 and AA:BB:CC:00:00:01 (time delta: 0.00 ms)
2026/07/26 09:23:55 [INFO] collision: TX slot collision detected between AA:BB:CC:00:00:01 and AA:BB:CC:00:00:00 (time delta: 0.00 ms)
2026/07/26 09:23:55 [INFO] collision: TX slot collision detected between AA:BB:CC:00:00:03 and AA:BB:CC:00:00:00 (time delta: 0.00 ms)
2026/07/26 09:23:55 [INFO] collision: TX slot collision detected between AA:BB:CC:00:00:03 and AA:BB:CC:00:00:01 (time delta: 0.00 ms)
2026/07/26 09:23:55 [INFO] collision: TX slot collision detected between AA:BB:CC:00:00:03 and AA:BB:CC:00:00:01 (time delta: 0.00 ms)
2026/07/26 09:23:55 [INFO] collision: TX slot collision detected between AA:BB:CC:00:00:03 and AA:BB:CC:00:00:00 (time delta: 0.00 ms)
2026/07/26 09:23:55 [INFO] collision: TX slot collision detected between AA:BB:CC:00:00:00 and AA:BB:CC:00:00:01 (time delta: 0.00 ms)
2026/07/26 09:23:55 [INFO] collision: TX slot collision detected between AA:BB:CC:00:00:00 and AA:BB:CC:00:00:03 (time delta: 0.00 ms)
2026/07/26 09:23:55 [INFO] collision: TX slot collision detected between AA:BB:CC:00:00:01 and AA:BB:CC:00:00:00 (time delta: 0.00 ms)
2026/07/26 09:23:55 [INFO] collision: TX slot collision detected between AA:BB:CC:00:00:01 and AA:BB:CC:00:00:03 (time delta: 0.00 ms)
2026/07/26 09:23:55 [INFO] collision: TX slot collision detected between AA:BB:CC:00:00:03 and AA:BB:CC:00:00:01 (time delta: 0.00 ms)
2026/07/26 09:23:55 [INFO] collision: TX slot collision detected between AA:BB:CC:00:00:03 and AA:BB:CC:00:00:00 (time delta: 0.00 ms)
2026/07/26 09:23:55 [INFO] collision: TX slot collision detected between AA:BB:CC:00:00:03 and AA:BB:CC:00:00:01 (time delta: 0.00 ms)
2026/07/26 09:23:55 [INFO] collision: TX slot collision detected between AA:BB:CC:00:00:00 and AA:BB:CC:00:00:01 (time delta: 0.00 ms)
2026/07/26 09:23:55 [INFO] collision: TX slot collision detected between AA:BB:CC:00:00:00 and AA:BB:CC:00:00:03 (time delta: 0.00 ms)
2026/07/26 09:23:55 [INFO] collision: TX slot collision detected between AA:BB:CC:00:00:00 and AA:BB:CC:00:00:01 (time delta: 0.00 ms)
2026/07/26 09:23:55 [INFO] collision: TX slot collision detected between AA:BB:CC:00:00:00 and AA:BB:CC:00:00:03 (time delta: 0.00 ms)
2026/07/26 09:23:55 [INFO] collision: TX slot collision detected between AA:BB:CC:00:00:03 and AA:BB:CC:00:00:01 (time delta: 0.00 ms)
2026/07/26 09:23:55 [INFO] collision: TX slot collision detected between AA:BB:CC:00:00:03 and AA:BB:CC:00:00:00 (time delta: 0.00 ms)
2026/07/26 09:23:55 [INFO] collision: TX slot collision detected between AA:BB:CC:00:00:00 and AA:BB:CC:00:00:01 (time delta: 0.00 ms)
2026/07/26 09:23:55 [INFO] collision: TX slot collision detected between AA:BB:CC:00:00:00 and AA:BB:CC:00:00:03 (time delta: 0.00 ms)
2026/07/26 09:23:55 [INFO] collision: TX slot collision detected between AA:BB:CC:00:00:01 and AA:BB:CC:00:00:00 (time delta: 0.00 ms)
2026/07/26 09:23:55 [INFO] collision: TX slot collision detected between AA:BB:CC:00:00:01 and AA:BB:CC:00:00:03 (time delta: 0.00 ms)
2026/07/26 09:23:55 [INFO] collision: TX slot collision detected between AA:BB:CC:00:00:03 and AA:BB:CC:00:00:01 (time delta: 0.00 ms)
2026/07/26 09:23:55 [INFO] collision: TX slot collision detected between AA:BB:CC:00:00:03 and AA:BB:CC:00:00:00 (time delta: 0.00 ms)
2026/07/26 09:23:55 [INFO] collision: TX slot collision detected between AA:BB:CC:00:00:01 and AA:BB:CC:00:00:00 (time delta: 0.00 ms)
2026/07/26 09:23:55 [INFO] collision: TX slot collision detected between AA:BB:CC:00:00:01 and AA:BB:CC:00:00:03 (time delta: 0.00 ms)
2026/07/26 09:23:55 [INFO] collision: TX slot collision detected between AA:BB:CC:00:00:00 and AA:BB:CC:00:00:01 (time delta: 0.00 ms)
2026/07/26 09:23:55 [INFO] collision: TX slot collision detected between AA:BB:CC:00:00:00 and AA:BB:CC:00:00:01 (time delta: 0.00 ms)
2026/07/26 09:23:55 [INFO] collision: TX slot collision detected between AA:BB:CC:00:00:00 and AA:BB:CC:00:00:01 (time delta: 0.00 ms)
2026/07/26 09:23:55 [INFO] collision: TX slot collision detected between AA:BB:CC:00:00:01 and AA:BB:CC:00:00:00 (time delta: 0.00 ms)
2026/07/26 09:23:55 [INFO] collision: TX slot collision detected between AA:BB:CC:00:00:03 and AA:BB:CC:00:00:01 (time delta: 0.00 ms)
2026/07/26 09:23:55 [INFO] collision: TX slot collision detected between AA:BB:CC:00:00:03 and AA:BB:CC:00:00:00 (time delta: 0.00 ms)
2026/07/26 09:23:55 [INFO] collision: TX slot collision detected between AA:BB:CC:00:00:01 and AA:BB:CC:00:00:00 (time delta: 0.00 ms)
2026/07/26 09:23:55 [INFO] collision: TX slot collision detected between AA:BB:CC:00:00:01 and AA:BB:CC:00:00:03 (time delta: 0.00 ms)
2026/07/26 09:23:55 [INFO] collision: TX slot collision detected between AA:BB:CC:00:00:03 and AA:BB:CC:00:00:01 (time delta: 0.00 ms)
2026/07/26 09:23:55 [INFO] collision: TX slot collision detected between AA:BB:CC:00:00:03 and AA:BB:CC:00:00:00 (time delta: 0.00 ms)
2026/07/26 09:23:55 [INFO] collision: TX slot collision detected between AA:BB:CC:00:00:03 and AA:BB:CC:00:00:01 (time delta: 0.00 ms)
2026/07/26 09:23:55 [INFO] collision: TX slot collision detected between AA:BB:CC:00:00:03 and AA:BB:CC:00:00:00 (time delta: 0.00 ms)
2026/07/26 09:23:55 [INFO] collision: TX slot collision detected between AA:BB:CC:00:00:01 and AA:BB:CC:00:00:00 (time delta: 0.00 ms)
2026/07/26 09:23:55 [INFO] collision: TX slot collision detected between AA:BB:CC:00:00:01 and AA:BB:CC:00:00:00 (time delta: 0.00 ms)
2026/07/26 09:23:55 [INFO] collision: TX slot collision detected between AA:BB:CC:00:00:00 and AA:BB:CC:00:00:01 (time delta: 0.00 ms)
2026/07/26 09:23:55 [INFO] collision: TX slot collision detected between AA:BB:CC:00:00:01 and AA:BB:CC:00:00:00 (time delta: 0.00 ms)
2026/07/26 09:23:55 [INFO] collision: TX slot collision detected between AA:BB:CC:00:00:03 and AA:BB:CC:00:00:01 (time delta: 0.00 ms)
2026/07/26 09:23:55 [INFO] collision: TX slot collision detected between AA:BB:CC:00:00:03 and AA:BB:CC:00:00:00 (time delta: 0.00 ms)
2026/07/26 09:23:55 [INFO] collision: TX slot collision detected between AA:BB:CC:00:00:03 and AA:BB:CC:00:00:00 (time delta: 0.00 ms)
2026/07/26 09:23:55 [INFO] collision: TX slot collision detected between AA:BB:CC:00:00:03 and AA:BB:CC:00:00:01 (time delta: 0.00 ms)
2026/07/26 09:23:55 [INFO] collision: TX slot collision detected between AA:BB:CC:00:00:03 and AA:BB:CC:00:00:01 (time delta: 0.00 ms)
2026/07/26 09:23:55 [INFO] collision: TX slot collision detected between AA:BB:CC:00:00:03 and AA:BB:CC:00:00:00 (time delta: 0.00 ms)
2026/07/26 09:23:55 [INFO] collision: TX slot collision detected between AA:BB:CC:00:00:00 and AA:BB:CC:00:00:01 (time delta: 0.00 ms)
2026/07/26 09:23:55 [INFO] collision: TX slot collision detected between AA:BB:CC:00:00:00 and AA:BB:CC:00:00:01 (time delta: 0.00 ms)
2026/07/26 09:23:55 [INFO] collision: TX slot collision detected between AA:BB:CC:00:00:00 and AA:BB:CC:00:00:01 (time delta: 0.00 ms)
2026/07/26 09:23:55 [INFO] collision: TX slot collision detected between AA:BB:CC:00:00:01 and AA:BB:CC:00:00:00 (time delta: 0.00 ms)
2026/07/26 09:23:55 [INFO] collision: TX slot collision detected between AA:BB:CC:00:00:03 and AA:BB:CC:00:00:01 (time delta: 0.00 ms)
2026/07/26 09:23:55 [INFO] collision: TX slot collision detected between AA:BB:CC:00:00:03 and AA:BB:CC:00:00:00 (time delta: 0.00 ms)
2026/07/26 09:23:55 [INFO] collision: TX slot collision detected between AA:BB:CC:00:00:03 and AA:BB:CC:00:00:01 (time delta: 0.00 ms)
2026/07/26 09:23:55 [INFO] collision: TX slot collision detected between AA:BB:CC:00:00:03 and AA:BB:CC:00:00:00 (time delta: 0.00 ms)
2026/07/26 09:23:55 [INFO] collision: TX slot collision detected between AA:BB:CC:00:00:01 and AA:BB:CC:00:00:00 (time delta: 0.00 ms)
2026/07/26 09:23:55 [INFO] collision: TX slot collision detected between AA:BB:CC:00:00:01 and AA:BB:CC:00:00:03 (time delta: 0.00 ms)
2026/07/26 09:23:55 [INFO] collision: TX slot collision detected between AA:BB:CC:00:00:03 and AA:BB:CC:00:00:01 (time delta: 0.00 ms)
2026/07/26 09:23:55 [INFO] collision: TX slot collision detected between AA:BB:CC:00:00:03 and AA:BB:CC:00:00:00 (time delta: 0.00 ms)
2026/07/26 09:23:55 [INFO] collision: TX slot collision detected between AA:BB:CC:00:00:01 and AA:BB:CC:00:00:00 (time delta: 0.00 ms)
2026/07/26 09:23:55 [INFO] collision: TX slot collision detected between AA:BB:CC:00:00:03 and AA:BB:CC:00:00:01 (time delta: 0.00 ms)
2026/07/26 09:23:55 [INFO] collision: TX slot collision detected between AA:BB:CC:00:00:03 and AA:BB:CC:00:00:00 (time delta: 0.00 ms)
2026/07/26 09:23:55 [INFO] collision: TX slot collision detected between AA:BB:CC:00:00:00 and AA:BB:CC:00:00:01 (time delta: 1.00 ms)
2026/07/26 09:23:55 [INFO] collision: TX slot collision detected between AA:BB:CC:00:00:00 and AA:BB:CC:00:00:03 (time delta: 1.00 ms)
2026/07/26 09:23:55 [INFO] collision: TX slot collision detected between AA:BB:CC:00:00:03 and AA:BB:CC:00:00:00 (time delta: 0.00 ms)
2026/07/26 09:23:55 [INFO] collision: TX slot collision detected between AA:BB:CC:00:00:03 and AA:BB:CC:00:00:01 (time delta: 1.00 ms)
2026/07/26 09:23:55 [INFO] collision: TX slot collision detected between AA:BB:CC:00:00:00 and AA:BB:CC:00:00:01 (time delta: 1.00 ms)
2026/07/26 09:23:55 [INFO] collision: TX slot collision detected between AA:BB:CC:00:00:00 and AA:BB:CC:00:00:03 (time delta: 0.00 ms)
2026/07/26 09:23:55 [INFO] collision: TX slot collision detected between AA:BB:CC:00:00:01 and AA:BB:CC:00:00:00 (time delta: 0.00 ms)
2026/07/26 09:23:55 [INFO] collision: TX slot collision detected between AA:BB:CC:00:00:01 and AA:BB:CC:00:00:03 (time delta: 0.00 ms)
2026/07/26 09:23:55 [INFO] collision: TX slot collision detected between AA:BB:CC:00:00:01 and AA:BB:CC:00:00:03 (time delta: 0.00 ms)
2026/07/26 09:23:55 [INFO] collision: TX slot collision detected between AA:BB:CC:00:00:01 and AA:BB:CC:00:00:00 (time delta: 0.00 ms)
2026/07/26 09:23:55 [INFO] collision: TX slot collision detected between AA:BB:CC:00:00:03 and AA:BB:CC:00:00:01 (time delta: 0.00 ms)
2026/07/26 09:23:55 [INFO] collision: TX slot collision detected between AA:BB:CC:00:00:03 and AA:BB:CC:00:00:00 (time delta: 0.00 ms)
2026/07/26 09:23:55 [INFO] collision: TX slot collision detected between AA:BB:CC:00:00:00 and AA:BB:CC:00:00:01 (time delta: 0.00 ms)
2026/07/26 09:23:55 [INFO] collision: TX slot collision detected between AA:BB:CC:00:00:00 and AA:BB:CC:00:00:01 (time delta: 0.00 ms)
2026/07/26 09:23:55 [INFO] collision: TX slot collision detected between AA:BB:CC:00:00:00 and AA:BB:CC:00:00:01 (time delta: 0.00 ms)
2026/07/26 09:23:55 [INFO] collision: TX slot collision detected between AA:BB:CC:00:00:01 and AA:BB:CC:00:00:00 (time delta: 0.00 ms)
2026/07/26 09:23:55 [INFO] collision: TX slot collision detected between AA:BB:CC:00:00:03 and AA:BB:CC:00:00:01 (time delta: 0.00 ms)
2026/07/26 09:23:55 [INFO] collision: TX slot collision detected between AA:BB:CC:00:00:03 and AA:BB:CC:00:00:00 (time delta: 0.00 ms)
2026/07/26 09:23:55 [INFO] collision: TX slot collision detected between AA:BB:CC:00:00:03 and AA:BB:CC:00:00:01 (time delta: 0.00 ms)
2026/07/26 09:23:55 [INFO] collision: TX slot collision detected between AA:BB:CC:00:00:03 and AA:BB:CC:00:00:00 (time delta: 0.00 ms)
2026/07/26 09:23:55 [INFO] collision: TX slot collision detected between AA:BB:CC:00:00:01 and AA:BB:CC:00:00:03 (time delta: 0.00 ms)
2026/07/26 09:23:55 [INFO] collision: TX slot collision detected between AA:BB:CC:00:00:01 and AA:BB:CC:00:00:00 (time delta: 0.00 ms)
2026/07/26 09:23:55 [INFO] collision: TX slot collision detected between AA:BB:CC:00:00:03 and AA:BB:CC:00:00:01 (time delta: 0.00 ms)
2026/07/26 09:23:55 [INFO] collision: TX slot collision detected between AA:BB:CC:00:00:03 and AA:BB:CC:00:00:00 (time delta: 0.00 ms)
2026/07/26 09:23:55 [INFO] collision: TX slot collision detected between AA:BB:CC:00:00:03 and AA:BB:CC:00:00:01 (time delta: 0.00 ms)
2026/07/26 09:23:55 [INFO] collision: TX slot collision detected between AA:BB:CC:00:00:00 and AA:BB:CC:00:00:01 (time delta: 0.00 ms)
2026/07/26 09:23:55 [INFO] collision: TX slot collision detected between AA:BB:CC:00:00:00 and AA:BB:CC:00:00:03 (time delta: 0.00 ms)
2026/07/26 09:23:55 [INFO] collision: TX slot collision detected between AA:BB:CC:00:00:00 and AA:BB:CC:00:00:03 (time delta: 0.00 ms)
2026/07/26 09:23:55 [INFO] collision: TX slot collision detected between AA:BB:CC:00:00:00 and AA:BB:CC:00:00:01 (time delta: 0.00 ms)
2026/07/26 09:23:55 [INFO] collision: TX slot collision detected between AA:BB:CC:00:00:00 and AA:BB:CC:00:00:01 (time delta: 0.00 ms)
2026/07/26 09:23:55 [INFO] collision: TX slot collision detected between AA:BB:CC:00:00:00 and AA:BB:CC:00:00:03 (time delta: 0.00 ms)
2026/07/26 09:23:55 [INFO] collision: TX slot collision detected between AA:BB:CC:00:00:01 and AA:BB:CC:00:00:00 (time delta: 0.00 ms)
2026/07/26 09:23:55 [INFO] collision: TX slot collision detected between AA:BB:CC:00:00:01 and AA:BB:CC:00:00:03 (time delta: 0.00 ms)
2026/07/26 09:23:55 [INFO] collision: TX slot collision detected between AA:BB:CC:00:00:01 and AA:BB:CC:00:00:00 (time delta: 0.00 ms)
2026/07/26 09:23:55 [INFO] collision: TX slot collision detected between AA:BB:CC:00:00:01 and AA:BB:CC:00:00:03 (time delta: 1.00 ms)
2026/07/26 09:23:55 [INFO] collision: TX slot collision detected between AA:BB:CC:00:00:03 and AA:BB:CC:00:00:00 (time delta: 0.00 ms)
2026/07/26 09:23:55 [INFO] collision: TX slot collision detected between AA:BB:CC:00:00:03 and AA:BB:CC:00:00:01 (time delta: 0.00 ms)
2026/07/26 09:23:55 [INFO] collision: TX slot collision detected between AA:BB:CC:00:00:03 and AA:BB:CC:00:00:01 (time delta: 0.00 ms)
2026/07/26 09:23:55 [INFO] collision: TX slot collision detected between AA:BB:CC:00:00:03 and AA:BB:CC:00:00:00 (time delta: 1.00 ms)
2026/07/26 09:23:55 [INFO] collision: TX slot collision detected between AA:BB:CC:00:00:00 and AA:BB:CC:00:00:01 (time delta: 0.00 ms)
2026/07/26 09:23:55 [INFO] collision: TX slot collision detected between AA:BB:CC:00:00:00 and AA:BB:CC:00:00:01 (time delta: 0.00 ms)
2026/07/26 09:23:55 [INFO] collision: TX slot collision detected between AA:BB:CC:00:00:00 and AA:BB:CC:00:00:01 (time delta: 0.00 ms)
2026/07/26 09:23:55 [INFO] collision: TX slot collision detected between AA:BB:CC:00:00:01 and AA:BB:CC:00:00:00 (time delta: 0.00 ms)
2026/07/26 09:23:55 [INFO] collision: TX slot collision detected between AA:BB:CC:00:00:03 and AA:BB:CC:00:00:01 (time delta: 0.00 ms)
2026/07/26 09:23:55 [INFO] collision: TX slot collision detected between AA:BB:CC:00:00:03 and AA:BB:CC:00:00:00 (time delta: 0.00 ms)
2026/07/26 09:23:55 [INFO] collision: TX slot collision detected between AA:BB:CC:00:00:01 and AA:BB:CC:00:00:00 (time delta: 0.00 ms)
2026/07/26 09:23:55 [INFO] collision: TX slot collision detected between AA:BB:CC:00:00:01 and AA:BB:CC:00:00:03 (time delta: 0.00 ms)
2026/07/26 09:23:55 [INFO] collision: TX slot collision detected between AA:BB:CC:00:00:03 and AA:BB:CC:00:00:00 (time delta: 0.00 ms)
2026/07/26 09:23:55 [INFO] collision: TX slot collision detected between AA:BB:CC:00:00:03 and AA:BB:CC:00:00:01 (time delta: 0.00 ms)
2026/07/26 09:23:55 [INFO] collision: TX slot collision detected between AA:BB:CC:00:00:03 and AA:BB:CC:00:00:01 (time delta: 0.00 ms)
2026/07/26 09:23:55 [INFO] collision: TX slot collision detected between AA:BB:CC:00:00:03 and AA:BB:CC:00:00:00 (time delta: 0.00 ms)
2026/07/26 09:23:55 [INFO] collision: TX slot collision detected between AA:BB:CC:00:00:00 and AA:BB:CC:00:00:01 (time delta: 0.00 ms)
2026/07/26 09:23:55 [INFO] collision: TX slot collision detected between AA:BB:CC:00:00:00 and AA:BB:CC:00:00:01 (time delta: 0.00 ms)
2026/07/26 09:23:55 [INFO] collision: TX slot collision detected between AA:BB:CC:00:00:00 and AA:BB:CC:00:00:01 (time delta: 0.00 ms)
2026/07/26 09:23:55 [INFO] collision: TX slot collision detected between AA:BB:CC:00:00:01 and AA:BB:CC:00:00:00 (time delta: 0.00 ms)
2026/07/26 09:23:55 [INFO] collision: TX slot collision detected between AA:BB:CC:00:00:03 and AA:BB:CC:00:00:01 (time delta: 0.00 ms)
2026/07/26 09:23:55 [INFO] collision: TX slot collision detected between AA:BB:CC:00:00:03 and AA:BB:CC:00:00:00 (time delta: 0.00 ms)
2026/07/26 09:23:55 [INFO] collision: TX slot collision detected between AA:BB:CC:00:00:01 and AA:BB:CC:00:00:00 (time delta: 0.00 ms)
2026/07/26 09:23:55 [INFO] collision: TX slot collision detected between AA:BB:CC:00:00:01 and AA:BB:CC:00:00:03 (time delta: 0.00 ms)
2026/07/26 09:23:55 [INFO] collision: TX slot collision detected between AA:BB:CC:00:00:03 and AA:BB:CC:00:00:00 (time delta: 0.00 ms)
2026/07/26 09:23:55 [INFO] collision: TX slot collision detected between AA:BB:CC:00:00:03 and AA:BB:CC:00:00:01 (time delta: 0.00 ms)
2026/07/26 09:23:55 [INFO] collision: TX slot collision detected between AA:BB:CC:00:00:03 and AA:BB:CC:00:00:01 (time delta: 0.00 ms)
2026/07/26 09:23:55 [INFO] collision: TX slot collision detected between AA:BB:CC:00:00:03 and AA:BB:CC:00:00:00 (time delta: 0.00 ms)
2026/07/26 09:23:55 [INFO] collision: TX slot collision detected between AA:BB:CC:00:00:00 and AA:BB:CC:00:00:01 (time delta: 0.00 ms)
2026/07/26 09:23:55 [INFO] collision: TX slot collision detected between AA:BB:CC:00:00:00 and AA:BB:CC:00:00:01 (time delta: 0.00 ms)
2026/07/26 09:23:55 [INFO] collision: TX slot collision detected between AA:BB:CC:00:00:00 and AA:BB:CC:00:00:01 (time delta: 0.00 ms)
2026/07/26 09:23:55 [INFO] collision: TX slot collision detected between AA:BB:CC:00:00:01 and AA:BB:CC:00:00:00 (time delta: 1.00 ms)
2026/07/26 09:23:55 [INFO] collision: TX slot collision detected between AA:BB:CC:00:00:03 and AA:BB:CC:00:00:01 (time delta: 0.00 ms)
2026/07/26 09:23:55 [INFO] collision: TX slot collision detected between AA:BB:CC:00:00:03 and AA:BB:CC:00:00:00 (time delta: 1.00 ms)
2026/07/26 09:23:55 [INFO] collision: TX slot collision detected between AA:BB:CC:00:00:03 and AA:BB:CC:00:00:00 (time delta: 1.00 ms)
2026/07/26 09:23:55 [INFO] collision: TX slot collision detected between AA:BB:CC:00:00:03 and AA:BB:CC:00:00:01 (time delta: 0.00 ms)
2026/07/26 09:23:55 [INFO] collision: TX slot collision detected between AA:BB:CC:00:00:01 and AA:BB:CC:00:00:03 (time delta: 0.00 ms)
2026/07/26 09:23:55 [INFO] collision: TX slot collision detected between AA:BB:CC:00:00:01 and AA:BB:CC:00:00:00 (time delta: 1.00 ms)
2026/07/26 09:23:55 [INFO] collision: TX slot collision detected between AA:BB:CC:00:00:03 and AA:BB:CC:00:00:00 (time delta: 1.00 ms)
2026/07/26 09:23:55 [INFO] collision: TX slot collision detected between AA:BB:CC:00:00:03 and AA:BB:CC:00:00:01 (time delta: 0.00 ms)
2026/07/26 09:23:55 [INFO] collision: TX slot collision detected between AA:BB:CC:00:00:00 and AA:BB:CC:00:00:01 (time delta: 0.00 ms)
2026/07/26 09:23:55 [INFO] collision: TX slot collision detected between AA:BB:CC:00:00:03 and AA:BB:CC:00:00:01 (time delta: 0.00 ms)
2026/07/26 09:23:55 [INFO] collision: TX slot collision detected between AA:BB:CC:00:00:03 and AA:BB:CC:00:00:00 (time delta: 0.00 ms)
2026/07/26 09:23:55 [INFO] collision: TX slot collision detected between AA:BB:CC:00:00:00 and AA:BB:CC:00:00:03 (time delta: 0.00 ms)
2026/07/26 09:23:55 [INFO] collision: TX slot collision detected between AA:BB:CC:00:00:00 and AA:BB:CC:00:00:01 (time delta: 0.00 ms)
2026/07/26 09:23:55 [INFO] collision: TX slot collision detected between AA:BB:CC:00:00:00 and AA:BB:CC:00:00:01 (time delta: 0.00 ms)
2026/07/26 09:23:55 [INFO] collision: TX slot collision detected between AA:BB:CC:00:00:00 and AA:BB:CC:00:00:03 (time delta: 0.00 ms)
2026/07/26 09:23:55 [INFO] collision: TX slot collision detected between AA:BB:CC:00:00:01 and AA:BB:CC:00:00:00 (time delta: 0.00 ms)
2026/07/26 09:23:55 [INFO] collision: TX slot collision detected between AA:BB:CC:00:00:01 and AA:BB:CC:00:00:03 (time delta: 0.00 ms)
2026/07/26 09:23:55 [INFO] collision: TX slot collision detected between AA:BB:CC:00:00:03 and AA:BB:CC:00:00:00 (time delta: 0.00 ms)
2026/07/26 09:23:55 [INFO] collision: TX slot collision detected between AA:BB:CC:00:00:03 and AA:BB:CC:00:00:01 (time delta: 0.00 ms)
2026/07/26 09:23:55 [INFO] collision: TX slot collision detected between AA:BB:CC:00:00:01 and AA:BB:CC:00:00:03 (time delta: 0.00 ms)
2026/07/26 09:23:55 [INFO] collision: TX slot collision detected between AA:BB:CC:00:00:01 and AA:BB:CC:00:00:00 (time delta: 0.00 ms)
2026/07/26 09:23:55 [INFO] collision: TX slot collision detected between AA:BB:CC:00:00:03 and AA:BB:CC:00:00:01 (time delta: 0.00 ms)
2026/07/26 09:23:55 [INFO] collision: TX slot collision detected between AA:BB:CC:00:00:03 and AA:BB:CC:00:00:00 (time delta: 0.00 ms)
2026/07/26 09:23:55 [INFO] collision: TX slot collision detected between AA:BB:CC:00:00:00 and AA:BB:CC:00:00:01 (time delta: 0.00 ms)
2026/07/26 09:23:55 [INFO] collision: TX slot collision detected between AA:BB:CC:00:00:00 and AA:BB:CC:00:00:01 (time delta: 0.00 ms)
2026/07/26 09:23:55 [INFO] collision: TX slot collision detected between AA:BB:CC:00:00:00 and AA:BB:CC:00:00:01 (time delta: 0.00 ms)
2026/07/26 09:23:55 [INFO] collision: TX slot collision detected between AA:BB:CC:00:00:01 and AA:BB:CC:00:00:00 (time delta: 0.00 ms)
2026/07/26 09:23:55 [INFO] collision: TX slot collision detected between AA:BB:CC:00:00:03 and AA:BB:CC:00:00:01 (time delta: 0.00 ms)
2026/07/26 09:23:55 [INFO] collision: TX slot collision detected between AA:BB:CC:00:00:03 and AA:BB:CC:00:00:00 (time delta: 0.00 ms)
2026/07/26 09:23:55 [INFO] collision: TX slot collision detected between AA:BB:CC:00:00:01 and AA:BB:CC:00:00:00 (time delta: 0.00 ms)
2026/07/26 09:23:55 [INFO] collision: TX slot collision detected between AA:BB:CC:00:00:01 and AA:BB:CC:00:00:03 (time delta: 0.00 ms)
2026/07/26 09:23:55 [INFO] collision: TX slot collision detected between AA:BB:CC:00:00:03 and AA:BB:CC:00:00:01 (time delta: 0.00 ms)
2026/07/26 09:23:55 [INFO] collision: TX slot collision detected between AA:BB:CC:00:00:03 and AA:BB:CC:00:00:00 (time delta: 0.00 ms)
2026/07/26 09:23:55 [INFO] collision: TX slot collision detected between AA:BB:CC:00:00:03 and AA:BB:CC:00:00:01 (time delta: 0.00 ms)
2026/07/26 09:23:55 [INFO] collision: TX slot collision detected between AA:BB:CC:00:00:03 and AA:BB:CC:00:00:00 (time delta: 0.00 ms)
2026/07/26 09:23:55 [INFO] collision: TX slot collision detected between AA:BB:CC:00:00:01 and AA:BB:CC:00:00:00 (time delta: 0.00 ms)
2026/07/26 09:23:55 [INFO] collision: TX slot collision detected between AA:BB:CC:00:00:01 and AA:BB:CC:00:00:00 (time delta: 0.00 ms)
2026/07/26 09:23:55 [INFO] collision: TX slot collision detected between AA:BB:CC:00:00:00 and AA:BB:CC:00:00:01 (time delta: 0.00 ms)
2026/07/26 09:23:55 [INFO] collision: TX slot collision detected between AA:BB:CC:00:00:00 and AA:BB:CC:00:00:01 (time delta: 0.00 ms)
2026/07/26 09:23:55 [INFO] collision: TX slot collision detected between AA:BB:CC:00:00:03 and AA:BB:CC:00:00:01 (time delta: 0.00 ms)
2026/07/26 09:23:55 [INFO] collision: TX slot collision detected between AA:BB:CC:00:00:03 and AA:BB:CC:00:00:00 (time delta: 0.00 ms)
2026/07/26 09:23:55 [INFO] collision: TX slot collision detected between AA:BB:CC:00:00:03 and AA:BB:CC:00:00:01 (time delta: 0.00 ms)
2026/07/26 09:23:55 [INFO] collision: TX slot collision detected between AA:BB:CC:00:00:03 and AA:BB:CC:00:00:00 (time delta: 0.00 ms)
2026/07/26 09:23:55 [INFO] collision: TX slot collision detected between AA:BB:CC:00:00:01 and AA:BB:CC:00:00:00 (time delta: 0.00 ms)
2026/07/26 09:23:55 [INFO] collision: TX slot collision detected between AA:BB:CC:00:00:01 and AA:BB:CC:00:00:03 (time delta: 0.00 ms)
2026/07/26 09:23:55 [INFO] collision: TX slot collision detected between AA:BB:CC:00:00:03 and AA:BB:CC:00:00:01 (time delta: 0.00 ms)
2026/07/26 09:23:55 [INFO] collision: TX slot collision detected between AA:BB:CC:00:00:03 and AA:BB:CC:00:00:00 (time delta: 0.00 ms)
2026/07/26 09:23:55 [INFO] collision: TX slot collision detected between AA:BB:CC:00:00:00 and AA:BB:CC:00:00:01 (time delta: 0.00 ms)
2026/07/26 09:23:55 [INFO] collision: TX slot collision detected between AA:BB:CC:00:00:01 and AA:BB:CC:00:00:00 (time delta: 0.00 ms)
2026/07/26 09:23:55 [INFO] collision: TX slot collision detected between AA:BB:CC:00:00:00 and AA:BB:CC:00:00:01 (time delta: 0.00 ms)
2026/07/26 09:23:55 [INFO] collision: TX slot collision detected between AA:BB:CC:00:00:00 and AA:BB:CC:00:00:01 (time delta: 0.00 ms)
2026/07/26 09:23:55 [INFO] collision: TX slot collision detected between AA:BB:CC:00:00:03 and AA:BB:CC:00:00:01 (time delta: 0.00 ms)
2026/07/26 09:23:55 [INFO] collision: TX slot collision detected between AA:BB:CC:00:00:03 and AA:BB:CC:00:00:00 (time delta: 0.00 ms)
2026/07/26 09:23:55 [INFO] collision: TX slot collision detected between AA:BB:CC:00:00:03 and AA:BB:CC:00:00:01 (time delta: 0.00 ms)
2026/07/26 09:23:55 [INFO] collision: TX slot collision detected between AA:BB:CC:00:00:03 and AA:BB:CC:00:00:00 (time delta: 0.00 ms)
2026/07/26 09:23:55 [INFO] collision: TX slot collision detected between AA:BB:CC:00:00:03 and AA:BB:CC:00:00:01 (time delta: 0.00 ms)
2026/07/26 09:23:55 [INFO] collision: TX slot collision detected between AA:BB:CC:00:00:03 and AA:BB:CC:00:00:00 (time delta: 0.00 ms)
2026/07/26 09:23:55 [INFO] collision: TX slot collision detected between AA:BB:CC:00:00:01 and AA:BB:CC:00:00:00 (time delta: 0.00 ms)
2026/07/26 09:23:55 [INFO] collision: TX slot collision detected between AA:BB:CC:00:00:01 and AA:BB:CC:00:00:03 (time delta: 0.00 ms)
2026/07/26 09:23:55 [INFO] collision: TX slot collision detected between AA:BB:CC:00:00:01 and AA:BB:CC:00:00:00 (time delta: 0.00 ms)
2026/07/26 09:23:55 [INFO] collision: TX slot collision detected between AA:BB:CC:00:00:00 and AA:BB:CC:00:00:01 (time delta: 0.00 ms)
2026/07/26 09:23:55 [INFO] collision: TX slot collision detected between AA:BB:CC:00:00:00 and AA:BB:CC:00:00:01 (time delta: 0.00 ms)
2026/07/26 09:23:55 [INFO] collision: TX slot collision detected between AA:BB:CC:00:00:01 and AA:BB:CC:00:00:00 (time delta: 0.00 ms)
2026/07/26 09:23:55 [INFO] collision: TX slot collision detected between AA:BB:CC:00:00:01 and AA:BB:CC:00:00:00 (time delta: 0.00 ms)
2026/07/26 09:23:55 [INFO] collision: TX slot collision detected between AA:BB:CC:00:00:03 and AA:BB:CC:00:00:01 (time delta: 0.00 ms)
2026/07/26 09:23:55 [INFO] collision: TX slot collision detected between AA:BB:CC:00:00:03 and AA:BB:CC:00:00:00 (time delta: 0.00 ms)
2026/07/26 09:23:55 [INFO] collision: TX slot collision detected between AA:BB:CC:00:00:03 and AA:BB:CC:00:00:00 (time delta: 0.00 ms)
2026/07/26 09:23:55 [INFO] collision: TX slot collision detected between AA:BB:CC:00:00:03 and AA:BB:CC:00:00:01 (time delta: 0.00 ms)
2026/07/26 09:23:55 [INFO] collision: TX slot collision detected between AA:BB:CC:00:00:03 and AA:BB:CC:00:00:01 (time delta: 0.00 ms)
2026/07/26 09:23:55 [INFO] collision: TX slot collision detected between AA:BB:CC:00:00:03 and AA:BB:CC:00:00:00 (time delta: 0.00 ms)
2026/07/26 09:23:55 [INFO] collision: TX slot collision detected between AA:BB:CC:00:00:01 and AA:BB:CC:00:00:00 (time delta: 0.00 ms)
2026/07/26 09:23:55 [INFO] collision: TX slot collision detected between AA:BB:CC:00:00:00 and AA:BB:CC:00:00:01 (time delta: 0.00 ms)
2026/07/26 09:23:55 [INFO] collision: TX slot collision detected between AA:BB:CC:00:00:01 and AA:BB:CC:00:00:00 (time delta: 0.00 ms)
2026/07/26 09:23:55 [INFO] collision: TX slot collision detected between AA:BB:CC:00:00:03 and AA:BB:CC:00:00:01 (time delta: 0.00 ms)
2026/07/26 09:23:55 [INFO] collision: TX slot collision detected between AA:BB:CC:00:00:03 and AA:BB:CC:00:00:00 (time delta: 0.00 ms)
2026/07/26 09:23:55 [INFO] collision: TX slot collision detected between AA:BB:CC:00:00:00 and AA:BB:CC:00:00:03 (time delta: 0.00 ms)
2026/07/26 09:23:55 [INFO] collision: TX slot collision detected between AA:BB:CC:00:00:00 and AA:BB:CC:00:00:01 (time delta: 0.00 ms)
2026/07/26 09:23:55 [INFO] collision: TX slot collision detected between AA:BB:CC:00:00:03 and AA:BB:CC:00:00:01 (time delta: 0.00 ms)
2026/07/26 09:23:55 [INFO] collision: TX slot collision detected between AA:BB:CC:00:00:03 and AA:BB:CC:00:00:00 (time delta: 0.00 ms)
2026/07/26 09:23:55 [INFO] collision: TX slot collision detected between AA:BB:CC:00:00:01 and AA:BB:CC:00:00:00 (time delta: 0.00 ms)
2026/07/26 09:23:55 [INFO] collision: TX slot collision detected between AA:BB:CC:00:00:01 and AA:BB:CC:00:00:03 (time delta: 0.00 ms)
2026/07/26 09:23:55 [INFO] collision: TX slot collision detected between AA:BB:CC:00:00:03 and AA:BB:CC:00:00:01 (time delta: 0.00 ms)
2026/07/26 09:23:55 [INFO] collision: TX slot collision detected between AA:BB:CC:00:00:03 and AA:BB:CC:00:00:00 (time delta: 0.00 ms)
2026/07/26 09:23:55 [INFO] collision: TX slot collision detected between AA:BB:CC:00:00:00 and AA:BB:CC:00:00:01 (time delta: 0.00 ms)
2026/07/26 09:23:55 [INFO] collision: TX slot collision detected between AA:BB:CC:00:00:00 and AA:BB:CC:00:00:01 (time delta: 0.00 ms)
2026/07/26 09:23:55 [INFO] collision: TX slot collision detected between AA:BB:CC:00:00:00 and AA:BB:CC:00:00:01 (time delta: 0.00 ms)
2026/07/26 09:23:55 [INFO] collision: TX slot collision detected between AA:BB:CC:00:00:03 and AA:BB:CC:00:00:00 (time delta: 0.00 ms)
2026/07/26 09:23:55 [INFO] collision: TX slot collision detected between AA:BB:CC:00:00:03 and AA:BB:CC:00:00:01 (time delta: 0.00 ms)
2026/07/26 09:23:55 [INFO] collision: TX slot collision detected between AA:BB:CC:00:00:01 and AA:BB:CC:00:00:00 (time delta: 0.00 ms)
2026/07/26 09:23:55 [INFO] collision: TX slot collision detected between AA:BB:CC:00:00:01 and AA:BB:CC:00:00:03 (time delta: 0.00 ms)
2026/07/26 09:23:55 [INFO] collision: TX slot collision detected between AA:BB:CC:00:00:01 and AA:BB:CC:00:00:00 (time delta: 0.00 ms)
2026/07/26 09:23:55 [INFO] collision: TX slot collision detected between AA:BB:CC:00:00:01 and AA:BB:CC:00:00:03 (time delta: 0.00 ms)
2026/07/26 09:23:55 [INFO] collision: TX slot collision detected between AA:BB:CC:00:00:03 and AA:BB:CC:00:00:01 (time delta: 0.00 ms)
2026/07/26 09:23:55 [INFO] collision: TX slot collision detected between AA:BB:CC:00:00:03 and AA:BB:CC:00:00:00 (time delta: 0.00 ms)
2026/07/26 09:23:55 [INFO] collision: TX slot collision detected between AA:BB:CC:00:00:03 and AA:BB:CC:00:00:01 (time delta: 0.00 ms)
2026/07/26 09:23:55 [INFO] collision: TX slot collision detected between AA:BB:CC:00:00:03 and AA:BB:CC:00:00:00 (time delta: 0.00 ms)
2026/07/26 09:23:55 [INFO] collision: TX slot collision detected between AA:BB:CC:00:00:03 and AA:BB:CC:00:00:01 (time delta: 0.00 ms)
2026/07/26 09:23:55 [INFO] collision: TX slot collision detected between AA:BB:CC:00:00:00 and AA:BB:CC:00:00:03 (time delta: 0.00 ms)
2026/07/26 09:23:55 [INFO] collision: TX slot collision detected between AA:BB:CC:00:00:00 and AA:BB:CC:00:00:01 (time delta: 0.00 ms)
2026/07/26 09:23:55 [INFO] collision: TX slot collision detected between AA:BB:CC:00:00:01 and AA:BB:CC:00:00:00 (time delta: 0.00 ms)
2026/07/26 09:23:55 [INFO] collision: TX slot collision detected between AA:BB:CC:00:00:01 and AA:BB:CC:00:00:03 (time delta: 0.00 ms)
2026/07/26 09:23:55 [INFO] collision: TX slot collision detected between AA:BB:CC:00:00:00 and AA:BB:CC:00:00:01 (time delta: 0.00 ms)
2026/07/26 09:23:55 [INFO] collision: TX slot collision detected between AA:BB:CC:00:00:00 and AA:BB:CC:00:00:03 (time delta: 0.00 ms)
2026/07/26 09:23:55 [INFO] collision: TX slot collision detected between AA:BB:CC:00:00:00 and AA:BB:CC:00:00:01 (time delta: 0.00 ms)
2026/07/26 09:23:55 [INFO] collision: TX slot collision detected between AA:BB:CC:00:00:00 and AA:BB:CC:00:00:03 (time delta: 0.00 ms)
2026/07/26 09:23:55 [INFO] collision: TX slot collision detected between AA:BB:CC:00:00:03 and AA:BB:CC:00:00:01 (time delta: 0.00 ms)
2026/07/26 09:23:55 [INFO] collision: TX slot collision detected between AA:BB:CC:00:00:03 and AA:BB:CC:00:00:00 (time delta: 0.00 ms)
2026/07/26 09:23:55 [INFO] collision: TX slot collision detected between AA:BB:CC:00:00:01 and AA:BB:CC:00:00:00 (time delta: 0.00 ms)
2026/07/26 09:23:55 [INFO] collision: TX slot collision detected between AA:BB:CC:00:00:01 and AA:BB:CC:00:00:03 (time delta: 0.00 ms)
2026/07/26 09:23:55 [INFO] collision: TX slot collision detected between AA:BB:CC:00:00:03 and AA:BB:CC:00:00:01 (time delta: 0.00 ms)
2026/07/26 09:23:55 [INFO] collision: TX slot collision detected between AA:BB:CC:00:00:03 and AA:BB:CC:00:00:00 (time delta: 0.00 ms)
2026/07/26 09:23:55 [INFO] collision: TX slot collision detected between AA:BB:CC:00:00:01 and AA:BB:CC:00:00:00 (time delta: 0.00 ms)
2026/07/26 09:23:55 [INFO] collision: TX slot collision detected between AA:BB:CC:00:00:00 and AA:BB:CC:00:00:01 (time delta: 0.00 ms)
2026/07/26 09:23:55 [INFO] collision: TX slot collision detected between AA:BB:CC:00:00:01 and AA:BB:CC:00:00:00 (time delta: 0.00 ms)
2026/07/26 09:23:55 [INFO] collision: TX slot collision detected between AA:BB:CC:00:00:03 and AA:BB:CC:00:00:01 (time delta: 0.00 ms)
2026/07/26 09:23:55 [INFO] collision: TX slot collision detected between AA:BB:CC:00:00:03 and AA:BB:CC:00:00:00 (time delta: 0.00 ms)
2026/07/26 09:23:55 [INFO] collision: TX slot collision detected between AA:BB:CC:00:00:00 and AA:BB:CC:00:00:01 (time delta: 0.00 ms)
2026/07/26 09:23:55 [INFO] collision: TX slot collision detected between AA:BB:CC:00:00:00 and AA:BB:CC:00:00:03 (time delta: 0.00 ms)
2026/07/26 09:23:55 [INFO] collision: TX slot collision detected between AA:BB:CC:00:00:03 and AA:BB:CC:00:00:01 (time delta: 0.00 ms)
2026/07/26 09:23:55 [INFO] collision: TX slot collision detected between AA:BB:CC:00:00:03 and AA:BB:CC:00:00:00 (time delta: 0.00 ms)
2026/07/26 09:23:55 [INFO] collision: TX slot collision detected between AA:BB:CC:00:00:01 and AA:BB:CC:00:00:00 (time delta: 0.00 ms)
2026/07/26 09:23:55 [INFO] collision: TX slot collision detected between AA:BB:CC:00:00:01 and AA:BB:CC:00:00:03 (time delta: 0.00 ms)
2026/07/26 09:23:55 [INFO] collision: TX slot collision detected between AA:BB:CC:00:00:03 and AA:BB:CC:00:00:01 (time delta: 0.00 ms)
2026/07/26 09:23:55 [INFO] collision: TX slot collision detected between AA:BB:CC:00:00:03 and AA:BB:CC:00:00:00 (time delta: 0.00 ms)
2026/07/26 09:23:55 [INFO] collision: TX slot collision detected between AA:BB:CC:00:00:01 and AA:BB:CC:00:00:00 (time delta: 0.00 ms)
2026/07/26 09:23:55 [INFO] collision: TX slot collision detected between AA:BB:CC:00:00:00 and AA:BB:CC:00:00:01 (time delta: 0.00 ms)
2026/07/26 09:23:55 [INFO] collision: TX slot collision detected between AA:BB:CC:00:00:01 and AA:BB:CC:00:00:00 (time delta: 0.00 ms)
2026/07/26 09:23:55 [INFO] collision: TX slot collision detected between AA:BB:CC:00:00:01 and AA:BB:CC:00:00:00 (time delta: 0.00 ms)
2026/07/26 09:23:55 [INFO] collision: TX slot collision detected between AA:BB:CC:00:00:00 and AA:BB:CC:00:00:01 (time delta: 0.00 ms)
2026/07/26 09:23:55 [INFO] collision: TX slot collision detected between AA:BB:CC:00:00:03 and AA:BB:CC:00:00:01 (time delta: 0.00 ms)
2026/07/26 09:23:55 [INFO] collision: TX slot collision detected between AA:BB:CC:00:00:03 and AA:BB:CC:00:00:00 (time delta: 0.00 ms)
2026/07/26 09:23:55 [INFO] collision: TX slot collision detected between AA:BB:CC:00:00:03 and AA:BB:CC:00:00:01 (time delta: 0.00 ms)
2026/07/26 09:23:55 [INFO] collision: TX slot collision detected between AA:BB:CC:00:00:03 and AA:BB:CC:00:00:00 (time delta: 0.00 ms)
2026/07/26 09:23:55 [INFO] collision: TX slot collision detected between AA:BB:CC:00:00:03 and AA:BB:CC:00:00:01 (time delta: 0.00 ms)
2026/07/26 09:23:55 [INFO] collision: TX slot collision detected between AA:BB:CC:00:00:03 and AA:BB:CC:00:00:00 (time delta: 0.00 ms)
2026/07/26 09:23:55 [INFO] collision: TX slot collision detected between AA:BB:CC:00:00:03 and AA:BB:CC:00:00:01 (time delta: 0.00 ms)
2026/07/26 09:23:55 [INFO] collision: TX slot collision detected between AA:BB:CC:00:00:00 and AA:BB:CC:00:00:01 (time delta: 0.00 ms)
2026/07/26 09:23:55 [INFO] collision: TX slot collision detected between AA:BB:CC:00:00:00 and AA:BB:CC:00:00:03 (time delta: 0.00 ms)
2026/07/26 09:23:55 [INFO] collision: TX slot collision detected between AA:BB:CC:00:00:01 and AA:BB:CC:00:00:00 (time delta: 0.00 ms)
2026/07/26 09:23:55 [INFO] collision: TX slot collision detected between AA:BB:CC:00:00:01 and AA:BB:CC:00:00:03 (time delta: 0.00 ms)
2026/07/26 09:23:55 [INFO] collision: TX slot collision detected between AA:BB:CC:00:00:00 and AA:BB:CC:00:00:01 (time delta: 0.00 ms)
2026/07/26 09:23:55 [INFO] collision: TX slot collision detected between AA:BB:CC:00:00:00 and AA:BB:CC:00:00:03 (time delta: 0.00 ms)
2026/07/26 09:23:55 [INFO] collision: TX slot collision detected between AA:BB:CC:00:00:00 and AA:BB:CC:00:00:01 (time delta: 0.00 ms)
2026/07/26 09:23:55 [INFO] collision: TX slot collision detected between AA:BB:CC:00:00:00 and AA:BB:CC:00:00:03 (time delta: 0.00 ms)
2026/07/26 09:23:55 [INFO] collision: TX slot collision detected between AA:BB:CC:00:00:03 and AA:BB:CC:00:00:01 (time delta: 0.00 ms)
2026/07/26 09:23:55 [INFO] collision: TX slot collision detected between AA:BB:CC:00:00:03 and AA:BB:CC:00:00:00 (time delta: 0.00 ms)
2026/07/26 09:23:55 [INFO] collision: TX slot collision detected between AA:BB:CC:00:00:01 and AA:BB:CC:00:00:00 (time delta: 0.00 ms)
2026/07/26 09:23:55 [INFO] collision: TX slot collision detected between AA:BB:CC:00:00:01 and AA:BB:CC:00:00:03 (time delta: 0.00 ms)
2026/07/26 09:23:55 [INFO] collision: TX slot collision detected between AA:BB:CC:00:00:03 and AA:BB:CC:00:00:01 (time delta: 0.00 ms)
2026/07/26 09:23:55 [INFO] collision: TX slot collision detected between AA:BB:CC:00:00:03 and AA:BB:CC:00:00:00 (time delta: 0.00 ms)
2026/07/26 09:23:55 [INFO] collision: TX slot collision detected between AA:BB:CC:00:00:01 and AA:BB:CC:00:00:00 (time delta: 0.00 ms)
2026/07/26 09:23:55 [INFO] collision: TX slot collision detected between AA:BB:CC:00:00:00 and AA:BB:CC:00:00:01 (time delta: 0.00 ms)
2026/07/26 09:23:55 [INFO] collision: TX slot collision detected between AA:BB:CC:00:00:00 and AA:BB:CC:00:00:01 (time delta: 0.00 ms)
2026/07/26 09:23:55 [INFO] collision: TX slot collision detected between AA:BB:CC:00:00:01 and AA:BB:CC:00:00:00 (time delta: 0.00 ms)
2026/07/26 09:23:55 [INFO] collision: TX slot collision detected between AA:BB:CC:00:00:03 and AA:BB:CC:00:00:01 (time delta: 0.00 ms)
2026/07/26 09:23:55 [INFO] collision: TX slot collision detected between AA:BB:CC:00:00:03 and AA:BB:CC:00:00:00 (time delta: 0.00 ms)
2026/07/26 09:23:55 [INFO] collision: TX slot collision detected between AA:BB:CC:00:00:01 and AA:BB:CC:00:00:00 (time delta: 0.00 ms)
2026/07/26 09:23:55 [INFO] collision: TX slot collision detected between AA:BB:CC:00:00:01 and AA:BB:CC:00:00:03 (time delta: 0.00 ms)
2026/07/26 09:23:55 [INFO] collision: TX slot collision detected between AA:BB:CC:00:00:03 and AA:BB:CC:00:00:01 (time delta: 0.00 ms)
2026/07/26 09:23:55 [INFO] collision: TX slot collision detected between AA:BB:CC:00:00:03 and AA:BB:CC:00:00:00 (time delta: 0.00 ms)
2026/07/26 09:23:55 [INFO] collision: TX slot collision detected between AA:BB:CC:00:00:03 and AA:BB:CC:00:00:01 (time delta: 0.00 ms)
2026/07/26 09:23:55 [INFO] collision: TX slot collision detected between AA:BB:CC:00:00:03 and AA:BB:CC:00:00:00 (time delta: 0.00 ms)
2026/07/26 09:23:55 [INFO] collision: TX slot collision detected between AA:BB:CC:00:00:03 and AA:BB:CC:00:00:01 (time delta: 0.00 ms)
2026/07/26 09:23:55 [INFO] collision: TX slot collision detected between AA:BB:CC:00:00:00 and AA:BB:CC:00:00:01 (time delta: 0.00 ms)
2026/07/26 09:23:55 [INFO] collision: TX slot collision detected between AA:BB:CC:00:00:00 and AA:BB:CC:00:00:03 (time delta: 0.00 ms)
2026/07/26 09:23:55 [INFO] collision: TX slot collision detected between AA:BB:CC:00:00:00 and AA:BB:CC:00:00:03 (time delta: 0.00 ms)
2026/07/26 09:23:55 [INFO] collision: TX slot collision detected between AA:BB:CC:00:00:00 and AA:BB:CC:00:00:01 (time delta: 0.00 ms)
2026/07/26 09:23:55 [INFO] collision: TX slot collision detected between AA:BB:CC:00:00:00 and AA:BB:CC:00:00:03 (time delta: 0.00 ms)
2026/07/26 09:23:55 [INFO] collision: TX slot collision detected between AA:BB:CC:00:00:00 and AA:BB:CC:00:00:01 (time delta: 0.00 ms)
2026/07/26 09:23:55 [INFO] collision: TX slot collision detected between AA:BB:CC:00:00:01 and AA:BB:CC:00:00:00 (time delta: 0.00 ms)
2026/07/26 09:23:55 [INFO] collision: TX slot collision detected between AA:BB:CC:00:00:01 and AA:BB:CC:00:00:03 (time delta: 0.00 ms)
2026/07/26 09:23:55 [INFO] collision: TX slot collision detected between AA:BB:CC:00:00:01 and AA:BB:CC:00:00:00 (time delta: 0.00 ms)
2026/07/26 09:23:55 [INFO] collision: TX slot collision detected between AA:BB:CC:00:00:01 and AA:BB:CC:00:00:03 (time delta: 0.00 ms)
2026/07/26 09:23:55 [INFO] collision: TX slot collision detected between AA:BB:CC:00:00:03 and AA:BB:CC:00:00:01 (time delta: 0.00 ms)
2026/07/26 09:23:55 [INFO] collision: TX slot collision detected between AA:BB:CC:00:00:03 and AA:BB:CC:00:00:00 (time delta: 0.00 ms)
2026/07/26 09:23:55 [INFO] collision: TX slot collision detected between AA:BB:CC:00:00:03 and AA:BB:CC:00:00:00 (time delta: 0.00 ms)
2026/07/26 09:23:55 [INFO] collision: TX slot collision detected between AA:BB:CC:00:00:03 and AA:BB:CC:00:00:01 (time delta: 0.00 ms)
2026/07/26 09:23:55 [INFO] collision: TX slot collision detected between AA:BB:CC:00:00:01 and AA:BB:CC:00:00:00 (time delta: 0.00 ms)
2026/07/26 09:23:55 [INFO] collision: TX slot collision detected between AA:BB:CC:00:00:00 and AA:BB:CC:00:00:01 (time delta: 0.00 ms)
2026/07/26 09:23:55 [INFO] collision: TX slot collision detected between AA:BB:CC:00:00:01 and AA:BB:CC:00:00:00 (time delta: 0.00 ms)
2026/07/26 09:23:55 [INFO] collision: TX slot collision detected between AA:BB:CC:00:00:03 and AA:BB:CC:00:00:01 (time delta: 0.00 ms)
2026/07/26 09:23:55 [INFO] collision: TX slot collision detected between AA:BB:CC:00:00:03 and AA:BB:CC:00:00:00 (time delta: 0.00 ms)
2026/07/26 09:23:55 [INFO] collision: TX slot collision detected between AA:BB:CC:00:00:03 and AA:BB:CC:00:00:01 (time delta: 0.00 ms)
2026/07/26 09:23:55 [INFO] collision: TX slot collision detected between AA:BB:CC:00:00:03 and AA:BB:CC:00:00:00 (time delta: 0.00 ms)
2026/07/26 09:23:55 [INFO] collision: TX slot collision detected between AA:BB:CC:00:00:03 and AA:BB:CC:00:00:01 (time delta: 0.00 ms)
2026/07/26 09:23:55 [INFO] collision: TX slot collision detected between AA:BB:CC:00:00:03 and AA:BB:CC:00:00:00 (time delta: 0.00 ms)
2026/07/26 09:23:55 [INFO] collision: TX slot collision detected between AA:BB:CC:00:00:01 and AA:BB:CC:00:00:00 (time delta: 0.00 ms)
2026/07/26 09:23:55 [INFO] collision: TX slot collision detected between AA:BB:CC:00:00:01 and AA:BB:CC:00:00:03 (time delta: 0.00 ms)
2026/07/26 09:23:56 [INFO] collision: TX slot collision detected between AA:BB:CC:00:00:03 and AA:BB:CC:00:00:01 (time delta: 0.00 ms)
2026/07/26 09:23:56 [INFO] collision: TX slot collision detected between AA:BB:CC:00:00:00 and AA:BB:CC:00:00:03 (time delta: 0.00 ms)
2026/07/26 09:23:56 [INFO] collision: TX slot collision detected between AA:BB:CC:00:00:00 and AA:BB:CC:00:00:01 (time delta: 0.00 ms)
2026/07/26 09:23:56 [INFO] collision: TX slot collision detected between AA:BB:CC:00:00:01 and AA:BB:CC:00:00:00 (time delta: 0.00 ms)
2026/07/26 09:23:56 [INFO] collision: TX slot collision detected between AA:BB:CC:00:00:01 and AA:BB:CC:00:00:03 (time delta: 0.00 ms)
2026/07/26 09:23:56 [INFO] collision: TX slot collision detected between AA:BB:CC:00:00:00 and AA:BB:CC:00:00:01 (time delta: 0.00 ms)
2026/07/26 09:23:56 [INFO] collision: TX slot collision detected between AA:BB:CC:00:00:00 and AA:BB:CC:00:00:03 (time delta: 0.00 ms)
2026/07/26 09:23:56 [INFO] collision: TX slot collision detected between AA:BB:CC:00:00:01 and AA:BB:CC:00:00:00 (time delta: 0.00 ms)
2026/07/26 09:23:56 [INFO] collision: TX slot collision detected between AA:BB:CC:00:00:01 and AA:BB:CC:00:00:03 (time delta: 0.00 ms)
2026/07/26 09:23:56 [INFO] collision: TX slot collision detected between AA:BB:CC:00:00:03 and AA:BB:CC:00:00:01 (time delta: 0.00 ms)
2026/07/26 09:23:56 [INFO] collision: TX slot collision detected between AA:BB:CC:00:00:03 and AA:BB:CC:00:00:00 (time delta: 0.00 ms)
2026/07/26 09:23:56 [INFO] collision: TX slot collision detected between AA:BB:CC:00:00:00 and AA:BB:CC:00:00:01 (time delta: 0.00 ms)
2026/07/26 09:23:56 [INFO] collision: TX slot collision detected between AA:BB:CC:00:00:00 and AA:BB:CC:00:00:03 (time delta: 0.00 ms)
2026/07/26 09:23:56 [INFO] collision: TX slot collision detected between AA:BB:CC:00:00:03 and AA:BB:CC:00:00:01 (time delta: 0.00 ms)
2026/07/26 09:23:56 [INFO] collision: TX slot collision detected between AA:BB:CC:00:00:03 and AA:BB:CC:00:00:00 (time delta: 0.00 ms)
2026/07/26 09:23:56 [INFO] collision: TX slot collision detected between AA:BB:CC:00:00:03 and AA:BB:CC:00:00:01 (time delta: 0.00 ms)
2026/07/26 09:23:56 [INFO] collision: TX slot collision detected between AA:BB:CC:00:00:00 and AA:BB:CC:00:00:01 (time delta: 0.00 ms)
2026/07/26 09:23:56 [INFO] collision: TX slot collision detected between AA:BB:CC:00:00:00 and AA:BB:CC:00:00:03 (time delta: 0.00 ms)
2026/07/26 09:23:56 [INFO] collision: TX slot collision detected between AA:BB:CC:00:00:01 and AA:BB:CC:00:00:00 (time delta: 0.00 ms)
2026/07/26 09:23:56 [INFO] collision: TX slot collision detected between AA:BB:CC:00:00:01 and AA:BB:CC:00:00:03 (time delta: 0.00 ms)
2026/07/26 09:23:56 [INFO] collision: TX slot collision detected between AA:BB:CC:00:00:00 and AA:BB:CC:00:00:01 (time delta: 0.00 ms)
2026/07/26 09:23:56 [INFO] collision: TX slot collision detected between AA:BB:CC:00:00:00 and AA:BB:CC:00:00:03 (time delta: 0.00 ms)
2026/07/26 09:23:56 [INFO] collision: TX slot collision detected between AA:BB:CC:00:00:01 and AA:BB:CC:00:00:03 (time delta: 0.00 ms)
2026/07/26 09:23:56 [INFO] collision: TX slot collision detected between AA:BB:CC:00:00:01 and AA:BB:CC:00:00:00 (time delta: 0.00 ms)
2026/07/26 09:23:56 [INFO] collision: TX slot collision detected between AA:BB:CC:00:00:03 and AA:BB:CC:00:00:01 (time delta: 0.00 ms)
2026/07/26 09:23:56 [INFO] collision: TX slot collision detected between AA:BB:CC:00:00:03 and AA:BB:CC:00:00:00 (time delta: 0.00 ms)
2026/07/26 09:23:56 [INFO] collision: TX slot collision detected between AA:BB:CC:00:00:00 and AA:BB:CC:00:00:01 (time delta: 0.00 ms)
2026/07/26 09:23:56 [INFO] collision: TX slot collision detected between AA:BB:CC:00:00:00 and AA:BB:CC:00:00:03 (time delta: 0.00 ms)
2026/07/26 09:23:56 [INFO] collision: TX slot collision detected between AA:BB:CC:00:00:03 and AA:BB:CC:00:00:01 (time delta: 0.00 ms)
2026/07/26 09:23:56 [INFO] collision: TX slot collision detected between AA:BB:CC:00:00:03 and AA:BB:CC:00:00:00 (time delta: 0.00 ms)
2026/07/26 09:23:56 [INFO] collision: TX slot collision detected between AA:BB:CC:00:00:01 and AA:BB:CC:00:00:00 (time delta: 0.00 ms)
2026/07/26 09:23:56 [INFO] collision: TX slot collision detected between AA:BB:CC:00:00:03 and AA:BB:CC:00:00:01 (time delta: 0.00 ms)
2026/07/26 09:23:56 [INFO] collision: TX slot collision detected between AA:BB:CC:00:00:03 and AA:BB:CC:00:00:00 (time delta: 0.00 ms)
2026/07/26 09:23:56 [INFO] collision: TX slot collision detected between AA:BB:CC:00:00:00 and AA:BB:CC:00:00:03 (time delta: 0.00 ms)
2026/07/26 09:23:56 [INFO] collision: TX slot collision detected between AA:BB:CC:00:00:00 and AA:BB:CC:00:00:01 (time delta: 0.00 ms)
2026/07/26 09:23:56 [INFO] collision: TX slot collision detected between AA:BB:CC:00:00:03 and AA:BB:CC:00:00:01 (time delta: 0.00 ms)
2026/07/26 09:23:56 [INFO] collision: TX slot collision detected between AA:BB:CC:00:00:03 and AA:BB:CC:00:00:00 (time delta: 0.00 ms)
2026/07/26 09:23:56 [INFO] collision: TX slot collision detected between AA:BB:CC:00:00:01 and AA:BB:CC:00:00:00 (time delta: 0.00 ms)
2026/07/26 09:23:56 [INFO] collision: TX slot collision detected between AA:BB:CC:00:00:01 and AA:BB:CC:00:00:03 (time delta: 0.00 ms)
2026/07/26 09:23:56 [INFO] collision: TX slot collision detected between AA:BB:CC:00:00:03 and AA:BB:CC:00:00:01 (time delta: 0.00 ms)
2026/07/26 09:23:56 [INFO] collision: TX slot collision detected between AA:BB:CC:00:00:03 and AA:BB:CC:00:00:00 (time delta: 0.00 ms)
2026/07/26 09:23:56 [INFO] collision: TX slot collision detected between AA:BB:CC:00:00:00 and AA:BB:CC:00:00:01 (time delta: 0.00 ms)
2026/07/26 09:23:56 [INFO] collision: TX slot collision detected between AA:BB:CC:00:00:00 and AA:BB:CC:00:00:03 (time delta: 0.00 ms)
2026/07/26 09:23:56 [INFO] collision: TX slot collision detected between AA:BB:CC:00:00:01 and AA:BB:CC:00:00:00 (time delta: 0.00 ms)
2026/07/26 09:23:56 [INFO] collision: TX slot collision detected between AA:BB:CC:00:00:01 and AA:BB:CC:00:00:03 (time delta: 0.00 ms)
2026/07/26 09:23:56 [INFO] collision: TX slot collision detected between AA:BB:CC:00:00:01 and AA:BB:CC:00:00:00 (time delta: 0.00 ms)
2026/07/26 09:23:56 [INFO] collision: TX slot collision detected between AA:BB:CC:00:00:01 and AA:BB:CC:00:00:00 (time delta: 0.00 ms)
2026/07/26 09:23:56 [INFO] collision: TX slot collision detected between AA:BB:CC:00:00:01 and AA:BB:CC:00:00:00 (time delta: 0.00 ms)
2026/07/26 09:23:56 [INFO] collision: TX slot collision detected between AA:BB:CC:00:00:03 and AA:BB:CC:00:00:01 (time delta: 0.00 ms)
2026/07/26 09:23:56 [INFO] collision: TX slot collision detected between AA:BB:CC:00:00:03 and AA:BB:CC:00:00:00 (time delta: 0.00 ms)
2026/07/26 09:23:56 [INFO] collision: TX slot collision detected between AA:BB:CC:00:00:03 and AA:BB:CC:00:00:01 (time delta: 0.00 ms)
2026/07/26 09:23:56 [INFO] collision: TX slot collision detected between AA:BB:CC:00:00:03 and AA:BB:CC:00:00:00 (time delta: 0.00 ms)
2026/07/26 09:23:56 [INFO] collision: TX slot collision detected between AA:BB:CC:00:00:03 and AA:BB:CC:00:00:01 (time delta: 0.00 ms)
2026/07/26 09:23:56 [INFO] collision: TX slot collision detected between AA:BB:CC:00:00:03 and AA:BB:CC:00:00:00 (time delta: 0.00 ms)
2026/07/26 09:23:56 [INFO] collision: TX slot collision detected between AA:BB:CC:00:00:01 and AA:BB:CC:00:00:00 (time delta: 0.00 ms)
2026/07/26 09:23:56 [INFO] collision: TX slot collision detected between AA:BB:CC:00:00:01 and AA:BB:CC:00:00:00 (time delta: 0.00 ms)
2026/07/26 09:23:56 [INFO] collision: TX slot collision detected between AA:BB:CC:00:00:01 and AA:BB:CC:00:00:00 (time delta: 0.00 ms)
2026/07/26 09:23:56 [INFO] collision: TX slot collision detected between AA:BB:CC:00:00:03 and AA:BB:CC:00:00:01 (time delta: 0.00 ms)
2026/07/26 09:23:56 [INFO] collision: TX slot collision detected between AA:BB:CC:00:00:03 and AA:BB:CC:00:00:00 (time delta: 0.00 ms)
2026/07/26 09:23:56 [INFO] collision: TX slot collision detected between AA:BB:CC:00:00:03 and AA:BB:CC:00:00:01 (time delta: 0.00 ms)
2026/07/26 09:23:56 [INFO] collision: TX slot collision detected between AA:BB:CC:00:00:03 and AA:BB:CC:00:00:00 (time delta: 0.00 ms)
2026/07/26 09:23:56 [INFO] collision: TX slot collision detected between AA:BB:CC:00:00:03 and AA:BB:CC:00:00:01 (time delta: 0.00 ms)
2026/07/26 09:23:56 [INFO] collision: TX slot collision detected between AA:BB:CC:00:00:03 and AA:BB:CC:00:00:00 (time delta: 0.00 ms)
2026/07/26 09:23:56 [INFO] collision: TX slot collision detected between AA:BB:CC:00:00:00 and AA:BB:CC:00:00:01 (time delta: 0.00 ms)
2026/07/26 09:23:56 [INFO] collision: TX slot collision detected between AA:BB:CC:00:00:00 and AA:BB:CC:00:00:01 (time delta: 0.00 ms)
2026/07/26 09:23:56 [INFO] collision: TX slot collision detected between AA:BB:CC:00:00:00 and AA:BB:CC:00:00:01 (time delta: 0.00 ms)
2026/07/26 09:23:56 [INFO] collision: TX slot collision detected between AA:BB:CC:00:00:03 and AA:BB:CC:00:00:01 (time delta: 0.00 ms)
2026/07/26 09:23:56 [INFO] collision: TX slot collision detected between AA:BB:CC:00:00:03 and AA:BB:CC:00:00:00 (time delta: 0.00 ms)
2026/07/26 09:23:56 [INFO] collision: TX slot collision detected between AA:BB:CC:00:00:01 and AA:BB:CC:00:00:00 (time delta: 0.00 ms)
2026/07/26 09:23:56 [INFO] collision: TX slot collision detected between AA:BB:CC:00:00:01 and AA:BB:CC:00:00:03 (time delta: 0.00 ms)
2026/07/26 09:23:56 [INFO] collision: TX slot collision detected between AA:BB:CC:00:00:03 and AA:BB:CC:00:00:01 (time delta: 0.00 ms)
2026/07/26 09:23:56 [INFO] collision: TX slot collision detected between AA:BB:CC:00:00:03 and AA:BB:CC:00:00:00 (time delta: 0.00 ms)
2026/07/26 09:23:56 [INFO] collision: TX slot collision detected between AA:BB:CC:00:00:01 and AA:BB:CC:00:00:00 (time delta: 0.00 ms)
2026/07/26 09:23:56 [INFO] collision: TX slot collision detected between AA:BB:CC:00:00:01 and AA:BB:CC:00:00:03 (time delta: 0.00 ms)
2026/07/26 09:23:56 [INFO] collision: TX slot collision detected between AA:BB:CC:00:00:03 and AA:BB:CC:00:00:01 (time delta: 0.00 ms)
2026/07/26 09:23:56 [INFO] collision: TX slot collision detected between AA:BB:CC:00:00:03 and AA:BB:CC:00:00:00 (time delta: 0.00 ms)
2026/07/26 09:23:56 [INFO] collision: TX slot collision detected between AA:BB:CC:00:00:00 and AA:BB:CC:00:00:01 (time delta: 0.00 ms)
2026/07/26 09:23:56 [INFO] collision: TX slot collision detected between AA:BB:CC:00:00:00 and AA:BB:CC:00:00:01 (time delta: 0.00 ms)
2026/07/26 09:23:56 [INFO] collision: TX slot collision detected between AA:BB:CC:00:00:00 and AA:BB:CC:00:00:01 (time delta: 0.00 ms)
2026/07/26 09:23:56 [INFO] collision: TX slot collision detected between AA:BB:CC:00:00:01 and AA:BB:CC:00:00:00 (time delta: 0.00 ms)
2026/07/26 09:23:56 [INFO] collision: TX slot collision detected between AA:BB:CC:00:00:03 and AA:BB:CC:00:00:01 (time delta: 0.00 ms)
2026/07/26 09:23:56 [INFO] collision: TX slot collision detected between AA:BB:CC:00:00:03 and AA:BB:CC:00:00:00 (time delta: 0.00 ms)
2026/07/26 09:23:56 [INFO] collision: TX slot collision detected between AA:BB:CC:00:00:03 and AA:BB:CC:00:00:01 (time delta: 0.00 ms)
2026/07/26 09:23:56 [INFO] collision: TX slot collision detected between AA:BB:CC:00:00:03 and AA:BB:CC:00:00:00 (time delta: 0.00 ms)
2026/07/26 09:23:56 [INFO] collision: TX slot collision detected between AA:BB:CC:00:00:01 and AA:BB:CC:00:00:00 (time delta: 0.00 ms)
2026/07/26 09:23:56 [INFO] collision: TX slot collision detected between AA:BB:CC:00:00:01 and AA:BB:CC:00:00:03 (time delta: 0.00 ms)
2026/07/26 09:23:56 [INFO] collision: TX slot collision detected between AA:BB:CC:00:00:03 and AA:BB:CC:00:00:01 (time delta: 0.00 ms)
2026/07/26 09:23:56 [INFO] collision: TX slot collision detected between AA:BB:CC:00:00:03 and AA:BB:CC:00:00:00 (time delta: 0.00 ms)
2026/07/26 09:23:56 [INFO] collision: TX slot collision detected between AA:BB:CC:00:00:00 and AA:BB:CC:00:00:01 (time delta: 0.00 ms)
2026/07/26 09:23:56 [INFO] collision: TX slot collision detected between AA:BB:CC:00:00:00 and AA:BB:CC:00:00:01 (time delta: 0.00 ms)
2026/07/26 09:23:56 [INFO] collision: TX slot collision detected between AA:BB:CC:00:00:01 and AA:BB:CC:00:00:00 (time delta: 0.00 ms)
2026/07/26 09:23:56 [INFO] collision: TX slot collision detected between AA:BB:CC:00:00:03 and AA:BB:CC:00:00:01 (time delta: 0.00 ms)
2026/07/26 09:23:56 [INFO] collision: TX slot collision detected between AA:BB:CC:00:00:03 and AA:BB:CC:00:00:00 (time delta: 0.00 ms)
2026/07/26 09:23:56 [INFO] collision: TX slot collision detected between AA:BB:CC:00:00:00 and AA:BB:CC:00:00:03 (time delta: 0.00 ms)
2026/07/26 09:23:56 [INFO] collision: TX slot collision detected between AA:BB:CC:00:00:00 and AA:BB:CC:00:00:01 (time delta: 0.00 ms)
2026/07/26 09:23:56 [INFO] collision: TX slot collision detected between AA:BB:CC:00:00:03 and AA:BB:CC:00:00:00 (time delta: 0.00 ms)
2026/07/26 09:23:56 [INFO] collision: TX slot collision detected between AA:BB:CC:00:00:03 and AA:BB:CC:00:00:01 (time delta: 0.00 ms)
2026/07/26 09:23:56 [INFO] collision: TX slot collision detected between AA:BB:CC:00:00:03 and AA:BB:CC:00:00:01 (time delta: 0.00 ms)
2026/07/26 09:23:56 [INFO] collision: TX slot collision detected between AA:BB:CC:00:00:03 and AA:BB:CC:00:00:00 (time delta: 0.00 ms)
2026/07/26 09:23:56 [INFO] collision: TX slot collision detected between AA:BB:CC:00:00:01 and AA:BB:CC:00:00:00 (time delta: 0.00 ms)
2026/07/26 09:23:56 [INFO] collision: TX slot collision detected between AA:BB:CC:00:00:01 and AA:BB:CC:00:00:03 (time delta: 0.00 ms)
2026/07/26 09:23:56 [INFO] collision: TX slot collision detected between AA:BB:CC:00:00:00 and AA:BB:CC:00:00:01 (time delta: 0.00 ms)
2026/07/26 09:23:56 [INFO] collision: TX slot collision detected between AA:BB:CC:00:00:00 and AA:BB:CC:00:00:01 (time delta: 0.00 ms)
2026/07/26 09:23:56 [INFO] collision: TX slot collision detected between AA:BB:CC:00:00:00 and AA:BB:CC:00:00:01 (time delta: 0.00 ms)
2026/07/26 09:23:56 [INFO] collision: TX slot collision detected between AA:BB:CC:00:00:01 and AA:BB:CC:00:00:00 (time delta: 0.00 ms)
2026/07/26 09:23:56 [INFO] collision: TX slot collision detected between AA:BB:CC:00:00:03 and AA:BB:CC:00:00:01 (time delta: 0.00 ms)
2026/07/26 09:23:56 [INFO] collision: TX slot collision detected between AA:BB:CC:00:00:03 and AA:BB:CC:00:00:00 (time delta: 0.00 ms)
2026/07/26 09:23:56 [INFO] collision: TX slot collision detected between AA:BB:CC:00:00:01 and AA:BB:CC:00:00:00 (time delta: 0.00 ms)
2026/07/26 09:23:56 [INFO] collision: TX slot collision detected between AA:BB:CC:00:00:01 and AA:BB:CC:00:00:03 (time delta: 0.00 ms)
2026/07/26 09:23:56 [INFO] collision: TX slot collision detected between AA:BB:CC:00:00:03 and AA:BB:CC:00:00:00 (time delta: 0.00 ms)
2026/07/26 09:23:56 [INFO] collision: TX slot collision detected between AA:BB:CC:00:00:03 and AA:BB:CC:00:00:01 (time delta: 0.00 ms)
2026/07/26 09:23:56 [INFO] collision: TX slot collision detected between AA:BB:CC:00:00:03 and AA:BB:CC:00:00:01 (time delta: 0.00 ms)
2026/07/26 09:23:56 [INFO] collision: TX slot collision detected between AA:BB:CC:00:00:03 and AA:BB:CC:00:00:00 (time delta: 0.00 ms)
2026/07/26 09:23:56 [INFO] collision: TX slot collision detected between AA:BB:CC:00:00:00 and AA:BB:CC:00:00:01 (time delta: 0.00 ms)
2026/07/26 09:23:56 [INFO] collision: TX slot collision detected between AA:BB:CC:00:00:00 and AA:BB:CC:00:00:01 (time delta: 0.00 ms)
2026/07/26 09:23:56 [INFO] collision: TX slot collision detected between AA:BB:CC:00:00:00 and AA:BB:CC:00:00:01 (time delta: 0.00 ms)
2026/07/26 09:23:56 [INFO] collision: TX slot collision detected between AA:BB:CC:00:00:01 and AA:BB:CC:00:00:00 (time delta: 0.00 ms)
2026/07/26 09:23:56 [INFO] collision: TX slot collision detected between AA:BB:CC:00:00:01 and AA:BB:CC:00:00:00 (time delta: 0.00 ms)
2026/07/26 09:23:56 [INFO] collision: TX slot collision detected between AA:BB:CC:00:00:03 and AA:BB:CC:00:00:01 (time delta: 0.00 ms)
2026/07/26 09:23:56 [INFO] collision: TX slot collision detected between AA:BB:CC:00:00:03 and AA:BB:CC:00:00:00 (time delta: 0.00 ms)
2026/07/26 09:23:56 [INFO] collision: TX slot collision detected between AA:BB:CC:00:00:03 and AA:BB:CC:00:00:01 (time delta: 0.00 ms)
2026/07/26 09:23:56 [INFO] collision: TX slot collision detected between AA:BB:CC:00:00:03 and AA:BB:CC:00:00:00 (time delta: 0.00 ms)
2026/07/26 09:23:56 [INFO] collision: TX slot collision detected between AA:BB:CC:00:00:03 and AA:BB:CC:00:00:01 (time delta: 0.00 ms)
2026/07/26 09:23:56 [INFO] collision: TX slot collision detected between AA:BB:CC:00:00:03 and AA:BB:CC:00:00:00 (time delta: 0.00 ms)
2026/07/26 09:23:56 [INFO] collision: TX slot collision detected between AA:BB:CC:00:00:00 and AA:BB:CC:00:00:01 (time delta: 0.00 ms)
2026/07/26 09:23:56 [INFO] collision: TX slot collision detected between AA:BB:CC:00:00:00 and AA:BB:CC:00:00:01 (time delta: 0.00 ms)
2026/07/26 09:23:56 [INFO] collision: TX slot collision detected between AA:BB:CC:00:00:00 and AA:BB:CC:00:00:01 (time delta: 0.00 ms)
2026/07/26 09:23:56 [INFO] collision: TX slot collision detected between AA:BB:CC:00:00:01 and AA:BB:CC:00:00:00 (time delta: 0.00 ms)
2026/07/26 09:23:56 [INFO] collision: TX slot collision detected between AA:BB:CC:00:00:01 and AA:BB:CC:00:00:00 (time delta: 0.00 ms)
2026/07/26 09:23:56 [INFO] collision: TX slot collision detected between AA:BB:CC:00:00:03 and AA:BB:CC:00:00:01 (time delta: 0.00 ms)
2026/07/26 09:23:56 [INFO] collision: TX slot collision detected between AA:BB:CC:00:00:03 and AA:BB:CC:00:00:00 (time delta: 0.00 ms)
2026/07/26 09:23:56 [INFO] collision: TX slot collision detected between AA:BB:CC:00:00:03 and AA:BB:CC:00:00:01 (time delta: 0.00 ms)
2026/07/26 09:23:56 [INFO] collision: TX slot collision detected between AA:BB:CC:00:00:03 and AA:BB:CC:00:00:00 (time delta: 0.00 ms)
2026/07/26 09:23:56 [INFO] collision: TX slot collision detected between AA:BB:CC:00:00:03 and AA:BB:CC:00:00:01 (time delta: 0.00 ms)
2026/07/26 09:23:56 [INFO] collision: TX slot collision detected between AA:BB:CC:00:00:03 and AA:BB:CC:00:00:00 (time delta: 0.00 ms)
2026/07/26 09:23:56 [INFO] collision: TX slot collision detected between AA:BB:CC:00:00:00 and AA:BB:CC:00:00:01 (time delta: 0.00 ms)
2026/07/26 09:23:56 [INFO] collision: TX slot collision detected between AA:BB:CC:00:00:00 and AA:BB:CC:00:00:01 (time delta: 0.00 ms)
2026/07/26 09:23:56 [INFO] collision: TX slot collision detected between AA:BB:CC:00:00:00 and AA:BB:CC:00:00:01 (time delta: 0.00 ms)
2026/07/26 09:23:56 [INFO] collision: TX slot collision detected between AA:BB:CC:00:00:03 and AA:BB:CC:00:00:01 (time delta: 0.00 ms)
2026/07/26 09:23:56 [INFO] collision: TX slot collision detected between AA:BB:CC:00:00:03 and AA:BB:CC:00:00:00 (time delta: 0.00 ms)
2026/07/26 09:23:56 [INFO] collision: TX slot collision detected between AA:BB:CC:00:00:01 and AA:BB:CC:00:00:00 (time delta: 0.00 ms)
2026/07/26 09:23:56 [INFO] collision: TX slot collision detected between AA:BB:CC:00:00:01 and AA:BB:CC:00:00:03 (time delta: 0.00 ms)
2026/07/26 09:23:56 [INFO] collision: TX slot collision detected between AA:BB:CC:00:00:01 and AA:BB:CC:00:00:00 (time delta: 0.00 ms)
2026/07/26 09:23:56 [INFO] collision: TX slot collision detected between AA:BB:CC:00:00:01 and AA:BB:CC:00:00:03 (time delta: 0.00 ms)
2026/07/26 09:23:56 [INFO] collision: TX slot collision detected between AA:BB:CC:00:00:03 and AA:BB:CC:00:00:01 (time delta: 0.00 ms)
2026/07/26 09:23:56 [INFO] collision: TX slot collision detected between AA:BB:CC:00:00:03 and AA:BB:CC:00:00:00 (time delta: 0.00 ms)
2026/07/26 09:23:56 [INFO] collision: TX slot collision detected between AA:BB:CC:00:00:03 and AA:BB:CC:00:00:01 (time delta: 0.00 ms)
2026/07/26 09:23:56 [INFO] collision: TX slot collision detected between AA:BB:CC:00:00:03 and AA:BB:CC:00:00:00 (time delta: 0.00 ms)
2026/07/26 09:23:56 [INFO] collision: TX slot collision detected between AA:BB:CC:00:00:00 and AA:BB:CC:00:00:01 (time delta: 0.00 ms)
2026/07/26 09:23:56 [INFO] collision: TX slot collision detected between AA:BB:CC:00:00:00 and AA:BB:CC:00:00:01 (time delta: 0.00 ms)
2026/07/26 09:23:56 [INFO] collision: TX slot collision detected between AA:BB:CC:00:00:00 and AA:BB:CC:00:00:01 (time delta: 0.00 ms)
2026/07/26 09:23:56 [INFO] collision: TX slot collision detected between AA:BB:CC:00:00:03 and AA:BB:CC:00:00:01 (time delta: 0.00 ms)
2026/07/26 09:23:56 [INFO] collision: TX slot collision detected between AA:BB:CC:00:00:03 and AA:BB:CC:00:00:00 (time delta: 0.00 ms)
2026/07/26 09:23:56 [INFO] collision: TX slot collision detected between AA:BB:CC:00:00:01 and AA:BB:CC:00:00:03 (time delta: 0.00 ms)
2026/07/26 09:23:56 [INFO] collision: TX slot collision detected between AA:BB:CC:00:00:01 and AA:BB:CC:00:00:00 (time delta: 0.00 ms)
2026/07/26 09:23:56 [INFO] collision: TX slot collision detected between AA:BB:CC:00:00:03 and AA:BB:CC:00:00:01 (time delta: 0.00 ms)
2026/07/26 09:23:56 [INFO] collision: TX slot collision detected between AA:BB:CC:00:00:03 and AA:BB:CC:00:00:00 (time delta: 0.00 ms)
2026/07/26 09:23:56 [INFO] collision: TX slot collision detected between AA:BB:CC:00:00:03 and AA:BB:CC:00:00:01 (time delta: 0.00 ms)
2026/07/26 09:23:56 [INFO] collision: TX slot collision detected between AA:BB:CC:00:00:03 and AA:BB:CC:00:00:00 (time delta: 0.00 ms)
2026/07/26 09:23:56 [INFO] collision: TX slot collision detected between AA:BB:CC:00:00:01 and AA:BB:CC:00:00:00 (time delta: 0.00 ms)
2026/07/26 09:23:56 [INFO] collision: TX slot collision detected between AA:BB:CC:00:00:01 and AA:BB:CC:00:00:03 (time delta: 0.00 ms)
2026/07/26 09:23:56 [INFO] collision: TX slot collision detected between AA:BB:CC:00:00:00 and AA:BB:CC:00:00:01 (time delta: 0.00 ms)
2026/07/26 09:23:56 [INFO] collision: TX slot collision detected between AA:BB:CC:00:00:01 and AA:BB:CC:00:00:00 (time delta: 0.00 ms)
2026/07/26 09:23:56 [INFO] collision: TX slot collision detected between AA:BB:CC:00:00:03 and AA:BB:CC:00:00:01 (time delta: 0.00 ms)
2026/07/26 09:23:56 [INFO] collision: TX slot collision detected between AA:BB:CC:00:00:03 and AA:BB:CC:00:00:00 (time delta: 0.00 ms)
2026/07/26 09:23:56 [INFO] collision: TX slot collision detected between AA:BB:CC:00:00:03 and AA:BB:CC:00:00:00 (time delta: 0.00 ms)
2026/07/26 09:23:56 [INFO] collision: TX slot collision detected between AA:BB:CC:00:00:03 and AA:BB:CC:00:00:01 (time delta: 0.00 ms)
2026/07/26 09:23:56 [INFO] collision: TX slot collision detected between AA:BB:CC:00:00:00 and AA:BB:CC:00:00:01 (time delta: 0.00 ms)
2026/07/26 09:23:56 [INFO] collision: TX slot collision detected between AA:BB:CC:00:00:00 and AA:BB:CC:00:00:03 (time delta: 0.00 ms)
2026/07/26 09:23:56 [INFO] collision: TX slot collision detected between AA:BB:CC:00:00:01 and AA:BB:CC:00:00:00 (time delta: 0.00 ms)
2026/07/26 09:23:56 [INFO] collision: TX slot collision detected between AA:BB:CC:00:00:01 and AA:BB:CC:00:00:03 (time delta: 0.00 ms)
2026/07/26 09:23:56 [INFO] collision: TX slot collision detected between AA:BB:CC:00:00:00 and AA:BB:CC:00:00:01 (time delta: 0.00 ms)
2026/07/26 09:23:56 [INFO] collision: TX slot collision detected between AA:BB:CC:00:00:00 and AA:BB:CC:00:00:03 (time delta: 0.00 ms)
2026/07/26 09:23:56 [INFO] collision: TX slot collision detected between AA:BB:CC:00:00:03 and AA:BB:CC:00:00:01 (time delta: 0.00 ms)
2026/07/26 09:23:56 [INFO] collision: TX slot collision detected between AA:BB:CC:00:00:03 and AA:BB:CC:00:00:00 (time delta: 0.00 ms)
2026/07/26 09:23:56 [INFO] collision: TX slot collision detected between AA:BB:CC:00:00:00 and AA:BB:CC:00:00:01 (time delta: 0.00 ms)
2026/07/26 09:23:56 [INFO] collision: TX slot collision detected between AA:BB:CC:00:00:00 and AA:BB:CC:00:00:01 (time delta: 0.00 ms)
2026/07/26 09:23:56 [INFO] collision: TX slot collision detected between AA:BB:CC:00:00:00 and AA:BB:CC:00:00:01 (time delta: 0.00 ms)
2026/07/26 09:23:56 [INFO] collision: TX slot collision detected between AA:BB:CC:00:00:03 and AA:BB:CC:00:00:01 (time delta: 0.00 ms)
2026/07/26 09:23:56 [INFO] collision: TX slot collision detected between AA:BB:CC:00:00:03 and AA:BB:CC:00:00:00 (time delta: 0.00 ms)
2026/07/26 09:23:56 [INFO] collision: TX slot collision detected between AA:BB:CC:00:00:01 and AA:BB:CC:00:00:00 (time delta: 0.00 ms)
2026/07/26 09:23:56 [INFO] collision: TX slot collision detected between AA:BB:CC:00:00:01 and AA:BB:CC:00:00:03 (time delta: 0.00 ms)
2026/07/26 09:23:56 [INFO] collision: TX slot collision detected between AA:BB:CC:00:00:01 and AA:BB:CC:00:00:00 (time delta: 0.00 ms)
2026/07/26 09:23:56 [INFO] collision: TX slot collision detected between AA:BB:CC:00:00:01 and AA:BB:CC:00:00:03 (time delta: 0.00 ms)
2026/07/26 09:23:56 [INFO] collision: TX slot collision detected between AA:BB:CC:00:00:03 and AA:BB:CC:00:00:01 (time delta: 0.00 ms)
2026/07/26 09:23:56 [INFO] collision: TX slot collision detected between AA:BB:CC:00:00:03 and AA:BB:CC:00:00:00 (time delta: 0.00 ms)
2026/07/26 09:23:56 [INFO] collision: TX slot collision detected between AA:BB:CC:00:00:03 and AA:BB:CC:00:00:01 (time delta: 0.00 ms)
2026/07/26 09:23:56 [INFO] collision: TX slot collision detected between AA:BB:CC:00:00:03 and AA:BB:CC:00:00:00 (time delta: 0.00 ms)
2026/07/26 09:23:56 [INFO] collision: TX slot collision detected between AA:BB:CC:00:00:00 and AA:BB:CC:00:00:01 (time delta: 0.00 ms)
2026/07/26 09:23:56 [INFO] collision: TX slot collision detected between AA:BB:CC:00:00:00 and AA:BB:CC:00:00:01 (time delta: 0.00 ms)
2026/07/26 09:23:56 [INFO] collision: TX slot collision detected between AA:BB:CC:00:00:00 and AA:BB:CC:00:00:01 (time delta: 0.00 ms)
2026/07/26 09:23:56 [INFO] collision: TX slot collision detected between AA:BB:CC:00:00:01 and AA:BB:CC:00:00:00 (time delta: 0.00 ms)
2026/07/26 09:23:56 [INFO] collision: TX slot collision detected between AA:BB:CC:00:00:01 and AA:BB:CC:00:00:00 (time delta: 0.00 ms)
2026/07/26 09:23:56 [INFO] collision: TX slot collision detected between AA:BB:CC:00:00:03 and AA:BB:CC:00:00:01 (time delta: 0.00 ms)
2026/07/26 09:23:56 [INFO] collision: TX slot collision detected between AA:BB:CC:00:00:03 and AA:BB:CC:00:00:00 (time delta: 0.00 ms)
2026/07/26 09:23:56 [INFO] collision: TX slot collision detected between AA:BB:CC:00:00:03 and AA:BB:CC:00:00:01 (time delta: 0.00 ms)
2026/07/26 09:23:56 [INFO] collision: TX slot collision detected between AA:BB:CC:00:00:03 and AA:BB:CC:00:00:00 (time delta: 0.00 ms)
2026/07/26 09:23:56 [INFO] collision: TX slot collision detected between AA:BB:CC:00:00:03 and AA:BB:CC:00:00:00 (time delta: 0.00 ms)
2026/07/26 09:23:56 [INFO] collision: TX slot collision detected between AA:BB:CC:00:00:03 and AA:BB:CC:00:00:01 (time delta: 0.00 ms)
2026/07/26 09:23:56 [INFO] collision: TX slot collision detected between AA:BB:CC:00:00:00 and AA:BB:CC:00:00:01 (time delta: 0.00 ms)
2026/07/26 09:23:56 [INFO] collision: TX slot collision detected between AA:BB:CC:00:00:00 and AA:BB:CC:00:00:01 (time delta: 0.00 ms)
2026/07/26 09:23:56 [INFO] collision: TX slot collision detected between AA:BB:CC:00:00:00 and AA:BB:CC:00:00:01 (time delta: 0.00 ms)
2026/07/26 09:23:56 [INFO] collision: TX slot collision detected between AA:BB:CC:00:00:03 and AA:BB:CC:00:00:01 (time delta: 0.00 ms)
2026/07/26 09:23:56 [INFO] collision: TX slot collision detected between AA:BB:CC:00:00:03 and AA:BB:CC:00:00:00 (time delta: 0.00 ms)
2026/07/26 09:23:56 [INFO] collision: TX slot collision detected between AA:BB:CC:00:00:01 and AA:BB:CC:00:00:00 (time delta: 0.00 ms)
2026/07/26 09:23:56 [INFO] collision: TX slot collision detected between AA:BB:CC:00:00:01 and AA:BB:CC:00:00:03 (time delta: 0.00 ms)
2026/07/26 09:23:56 [INFO] collision: TX slot collision detected between AA:BB:CC:00:00:03 and AA:BB:CC:00:00:01 (time delta: 0.00 ms)
2026/07/26 09:23:56 [INFO] collision: TX slot collision detected between AA:BB:CC:00:00:03 and AA:BB:CC:00:00:00 (time delta: 0.00 ms)
2026/07/26 09:23:56 [INFO] collision: TX slot collision detected between AA:BB:CC:00:00:01 and AA:BB:CC:00:00:00 (time delta: 0.00 ms)
2026/07/26 09:23:56 [INFO] collision: TX slot collision detected between AA:BB:CC:00:00:01 and AA:BB:CC:00:00:03 (time delta: 0.00 ms)
2026/07/26 09:23:56 [INFO] collision: TX slot collision detected between AA:BB:CC:00:00:03 and AA:BB:CC:00:00:01 (time delta: 0.00 ms)
2026/07/26 09:23:56 [INFO] collision: TX slot collision detected between AA:BB:CC:00:00:03 and AA:BB:CC:00:00:00 (time delta: 0.00 ms)
2026/07/26 09:23:56 [INFO] collision: TX slot collision detected between AA:BB:CC:00:00:00 and AA:BB:CC:00:00:01 (time delta: 0.00 ms)
2026/07/26 09:23:56 [INFO] collision: TX slot collision detected between AA:BB:CC:00:00:00 and AA:BB:CC:00:00:01 (time delta: 0.00 ms)
2026/07/26 09:23:56 [INFO] collision: TX slot collision detected between AA:BB:CC:00:00:03 and AA:BB:CC:00:00:01 (time delta: 0.00 ms)
2026/07/26 09:23:56 [INFO] collision: TX slot collision detected between AA:BB:CC:00:00:03 and AA:BB:CC:00:00:00 (time delta: 0.00 ms)
2026/07/26 09:23:56 [INFO] collision: TX slot collision detected between AA:BB:CC:00:00:03 and AA:BB:CC:00:00:01 (time delta: 0.00 ms)
2026/07/26 09:23:56 [INFO] collision: TX slot collision detected between AA:BB:CC:00:00:03 and AA:BB:CC:00:00:00 (time delta: 0.00 ms)
2026/07/26 09:23:56 [INFO] collision: TX slot collision detected between AA:BB:CC:00:00:00 and AA:BB:CC:00:00:03 (time delta: 0.00 ms)
2026/07/26 09:23:56 [INFO] collision: TX slot collision detected between AA:BB:CC:00:00:00 and AA:BB:CC:00:00:01 (time delta: 0.00 ms)
2026/07/26 09:23:56 [INFO] collision: TX slot collision detected between AA:BB:CC:00:00:01 and AA:BB:CC:00:00:00 (time delta: 0.00 ms)
2026/07/26 09:23:56 [INFO] collision: TX slot collision detected between AA:BB:CC:00:00:01 and AA:BB:CC:00:00:03 (time delta: 0.00 ms)
2026/07/26 09:23:56 [INFO] collision: TX slot collision detected between AA:BB:CC:00:00:01 and AA:BB:CC:00:00:00 (time delta: 0.00 ms)
2026/07/26 09:23:56 [INFO] collision: TX slot collision detected between AA:BB:CC:00:00:01 and AA:BB:CC:00:00:03 (time delta: 0.00 ms)
2026/07/26 09:23:56 [INFO] collision: TX slot collision detected between AA:BB:CC:00:00:03 and AA:BB:CC:00:00:00 (time delta: 0.00 ms)
2026/07/26 09:23:56 [INFO] collision: TX slot collision detected between AA:BB:CC:00:00:03 and AA:BB:CC:00:00:01 (time delta: 0.00 ms)
2026/07/26 09:23:56 [INFO] collision: TX slot collision detected between AA:BB:CC:00:00:00 and AA:BB:CC:00:00:01 (time delta: 0.00 ms)
2026/07/26 09:23:56 [INFO] collision: TX slot collision detected between AA:BB:CC:00:00:00 and AA:BB:CC:00:00:01 (time delta: 0.00 ms)
2026/07/26 09:23:56 [INFO] collision: TX slot collision detected between AA:BB:CC:00:00:00 and AA:BB:CC:00:00:01 (time delta: 0.00 ms)
2026/07/26 09:23:56 [INFO] collision: TX slot collision detected between AA:BB:CC:00:00:03 and AA:BB:CC:00:00:01 (time delta: 0.00 ms)
2026/07/26 09:23:56 [INFO] collision: TX slot collision detected between AA:BB:CC:00:00:03 and AA:BB:CC:00:00:00 (time delta: 0.00 ms)
2026/07/26 09:23:56 [INFO] collision: TX slot collision detected between AA:BB:CC:00:00:01 and AA:BB:CC:00:00:00 (time delta: 0.00 ms)
2026/07/26 09:23:56 [INFO] collision: TX slot collision detected between AA:BB:CC:00:00:01 and AA:BB:CC:00:00:03 (time delta: 0.00 ms)
2026/07/26 09:23:56 [INFO] collision: TX slot collision detected between AA:BB:CC:00:00:01 and AA:BB:CC:00:00:03 (time delta: 0.00 ms)
2026/07/26 09:23:56 [INFO] collision: TX slot collision detected between AA:BB:CC:00:00:01 and AA:BB:CC:00:00:00 (time delta: 0.00 ms)
2026/07/26 09:23:56 [INFO] collision: TX slot collision detected between AA:BB:CC:00:00:03 and AA:BB:CC:00:00:01 (time delta: 0.00 ms)
2026/07/26 09:23:56 [INFO] collision: TX slot collision detected between AA:BB:CC:00:00:03 and AA:BB:CC:00:00:00 (time delta: 0.00 ms)
2026/07/26 09:23:56 [INFO] collision: TX slot collision detected between AA:BB:CC:00:00:03 and AA:BB:CC:00:00:01 (time delta: 0.00 ms)
2026/07/26 09:23:56 [INFO] collision: TX slot collision detected between AA:BB:CC:00:00:03 and AA:BB:CC:00:00:00 (time delta: 0.00 ms)
2026/07/26 09:23:56 [INFO] collision: TX slot collision detected between AA:BB:CC:00:00:01 and AA:BB:CC:00:00:00 (time delta: 0.00 ms)
2026/07/26 09:23:56 [INFO] collision: TX slot collision detected between AA:BB:CC:00:00:01 and AA:BB:CC:00:00:00 (time delta: 0.00 ms)
2026/07/26 09:23:56 [INFO] collision: TX slot collision detected between AA:BB:CC:00:00:00 and AA:BB:CC:00:00:01 (time delta: 0.00 ms)
2026/07/26 09:23:56 [INFO] collision: TX slot collision detected between AA:BB:CC:00:00:01 and AA:BB:CC:00:00:00 (time delta: 0.00 ms)
2026/07/26 09:23:56 [INFO] collision: TX slot collision detected between AA:BB:CC:00:00:03 and AA:BB:CC:00:00:01 (time delta: 0.00 ms)
2026/07/26 09:23:56 [INFO] collision: TX slot collision detected between AA:BB:CC:00:00:03 and AA:BB:CC:00:00:00 (time delta: 0.00 ms)
2026/07/26 09:23:56 [INFO] collision: TX slot collision detected between AA:BB:CC:00:00:03 and AA:BB:CC:00:00:01 (time delta: 0.00 ms)
2026/07/26 09:23:56 [INFO] collision: TX slot collision detected between AA:BB:CC:00:00:03 and AA:BB:CC:00:00:00 (time delta: 0.00 ms)
2026/07/26 09:23:56 [INFO] collision: TX slot collision detected between AA:BB:CC:00:00:03 and AA:BB:CC:00:00:01 (time delta: 0.00 ms)
2026/07/26 09:23:56 [INFO] collision: TX slot collision detected between AA:BB:CC:00:00:03 and AA:BB:CC:00:00:00 (time delta: 0.00 ms)
2026/07/26 09:23:56 [INFO] collision: TX slot collision detected between AA:BB:CC:00:00:00 and AA:BB:CC:00:00:01 (time delta: 0.00 ms)
2026/07/26 09:23:56 [INFO] collision: TX slot collision detected between AA:BB:CC:00:00:00 and AA:BB:CC:00:00:01 (time delta: 0.00 ms)
2026/07/26 09:23:56 [INFO] collision: TX slot collision detected between AA:BB:CC:00:00:00 and AA:BB:CC:00:00:01 (time delta: 0.00 ms)
2026/07/26 09:23:56 [INFO] collision: TX slot collision detected between AA:BB:CC:00:00:03 and AA:BB:CC:00:00:01 (time delta: 0.00 ms)
2026/07/26 09:23:56 [INFO] collision: TX slot collision detected between AA:BB:CC:00:00:03 and AA:BB:CC:00:00:00 (time delta: 0.00 ms)
2026/07/26 09:23:56 [INFO] collision: TX slot collision detected between AA:BB:CC:00:00:03 and AA:BB:CC:00:00:00 (time delta: 0.00 ms)
2026/07/26 09:23:56 [INFO] collision: TX slot collision detected between AA:BB:CC:00:00:03 and AA:BB:CC:00:00:01 (time delta: 0.00 ms)
2026/07/26 09:23:56 [INFO] collision: TX slot collision detected between AA:BB:CC:00:00:01 and AA:BB:CC:00:00:00 (time delta: 0.00 ms)
2026/07/26 09:23:56 [INFO] collision: TX slot collision detected between AA:BB:CC:00:00:01 and AA:BB:CC:00:00:03 (time delta: 0.00 ms)
2026/07/26 09:23:56 [INFO] collision: TX slot collision detected between AA:BB:CC:00:00:01 and AA:BB:CC:00:00:00 (time delta: 0.00 ms)
2026/07/26 09:23:56 [INFO] collision: TX slot collision detected between AA:BB:CC:00:00:01 and AA:BB:CC:00:00:03 (time delta: 0.00 ms)
2026/07/26 09:23:56 [INFO] collision: TX slot collision detected between AA:BB:CC:00:00:03 and AA:BB:CC:00:00:01 (time delta: 0.00 ms)
2026/07/26 09:23:56 [INFO] collision: TX slot collision detected between AA:BB:CC:00:00:03 and AA:BB:CC:00:00:00 (time delta: 0.00 ms)
2026/07/26 09:23:56 [WARN] collision: Collision rate 56.12% exceeds threshold 5.00%, triggering adaptive re-stagger
2026/07/26 09:23:56 [INFO] fleet: Performing adaptive re-stagger due to high collision rate
2026/07/26 09:23:56 [INFO] fleet: Re-staggered AA:BB:CC:00:00:01 to tx_slot_us=19572
2026/07/26 09:23:56 [INFO] fleet: Re-staggered AA:BB:CC:00:00:03 to tx_slot_us=39064
2026/07/26 09:23:56 [INFO] fleet: Adaptive re-stagger complete - 2 TX nodes updated
2026/07/26 09:23:56 [INFO] collision: TX slot collision detected between AA:BB:CC:00:00:00 and AA:BB:CC:00:00:01 (time delta: 0.00 ms)
2026/07/26 09:23:56 [INFO] collision: TX slot collision detected between AA:BB:CC:00:00:00 and AA:BB:CC:00:00:01 (time delta: 0.00 ms)
2026/07/26 09:23:56 [INFO] collision: TX slot collision detected between AA:BB:CC:00:00:00 and AA:BB:CC:00:00:01 (time delta: 0.00 ms)
2026/07/26 09:23:56 [INFO] collision: TX slot collision detected between AA:BB:CC:00:00:01 and AA:BB:CC:00:00:00 (time delta: 0.00 ms)
2026/07/26 09:23:56 [INFO] collision: TX slot collision detected between AA:BB:CC:00:00:01 and AA:BB:CC:00:00:00 (time delta: 0.00 ms)
2026/07/26 09:23:56 [INFO] collision: TX slot collision detected between AA:BB:CC:00:00:03 and AA:BB:CC:00:00:00 (time delta: 0.00 ms)
2026/07/26 09:23:56 [INFO] collision: TX slot collision detected between AA:BB:CC:00:00:03 and AA:BB:CC:00:00:01 (time delta: 0.00 ms)
2026/07/26 09:23:56 [INFO] collision: TX slot collision detected between AA:BB:CC:00:00:03 and AA:BB:CC:00:00:01 (time delta: 0.00 ms)
2026/07/26 09:23:56 [INFO] collision: TX slot collision detected between AA:BB:CC:00:00:03 and AA:BB:CC:00:00:00 (time delta: 0.00 ms)
2026/07/26 09:23:56 [INFO] collision: TX slot collision detected between AA:BB:CC:00:00:03 and AA:BB:CC:00:00:01 (time delta: 0.00 ms)
2026/07/26 09:23:56 [INFO] collision: TX slot collision detected between AA:BB:CC:00:00:03 and AA:BB:CC:00:00:00 (time delta: 0.00 ms)
2026/07/26 09:23:56 [INFO] collision: TX slot collision detected between AA:BB:CC:00:00:00 and AA:BB:CC:00:00:01 (time delta: 0.00 ms)
2026/07/26 09:23:56 [INFO] collision: TX slot collision detected between AA:BB:CC:00:00:00 and AA:BB:CC:00:00:01 (time delta: 0.00 ms)
2026/07/26 09:23:56 [INFO] collision: TX slot collision detected between AA:BB:CC:00:00:00 and AA:BB:CC:00:00:01 (time delta: 0.00 ms)
2026/07/26 09:23:56 [INFO] collision: TX slot collision detected between AA:BB:CC:00:00:01 and AA:BB:CC:00:00:00 (time delta: 0.00 ms)
2026/07/26 09:23:56 [INFO] collision: TX slot collision detected between AA:BB:CC:00:00:03 and AA:BB:CC:00:00:01 (time delta: 0.00 ms)
2026/07/26 09:23:56 [INFO] collision: TX slot collision detected between AA:BB:CC:00:00:03 and AA:BB:CC:00:00:00 (time delta: 0.00 ms)
2026/07/26 09:23:56 [INFO] collision: TX slot collision detected between AA:BB:CC:00:00:03 and AA:BB:CC:00:00:01 (time delta: 0.00 ms)
2026/07/26 09:23:56 [INFO] collision: TX slot collision detected between AA:BB:CC:00:00:03 and AA:BB:CC:00:00:00 (time delta: 0.00 ms)
2026/07/26 09:23:56 [INFO] collision: TX slot collision detected between AA:BB:CC:00:00:01 and AA:BB:CC:00:00:00 (time delta: 0.00 ms)
2026/07/26 09:23:56 [INFO] collision: TX slot collision detected between AA:BB:CC:00:00:01 and AA:BB:CC:00:00:03 (time delta: 0.00 ms)
2026/07/26 09:23:56 [INFO] collision: TX slot collision detected between AA:BB:CC:00:00:03 and AA:BB:CC:00:00:01 (time delta: 0.00 ms)
2026/07/26 09:23:56 [INFO] collision: TX slot collision detected between AA:BB:CC:00:00:03 and AA:BB:CC:00:00:00 (time delta: 0.00 ms)
2026/07/26 09:23:56 [INFO] collision: TX slot collision detected between AA:BB:CC:00:00:01 and AA:BB:CC:00:00:00 (time delta: 0.00 ms)
2026/07/26 09:23:56 [INFO] collision: TX slot collision detected between AA:BB:CC:00:00:01 and AA:BB:CC:00:00:00 (time delta: 0.00 ms)
2026/07/26 09:23:56 [INFO] collision: TX slot collision detected between AA:BB:CC:00:00:00 and AA:BB:CC:00:00:01 (time delta: 0.00 ms)
2026/07/26 09:23:56 [INFO] collision: TX slot collision detected between AA:BB:CC:00:00:00 and AA:BB:CC:00:00:01 (time delta: 0.00 ms)
2026/07/26 09:23:56 [INFO] collision: TX slot collision detected between AA:BB:CC:00:00:03 and AA:BB:CC:00:00:01 (time delta: 0.00 ms)
2026/07/26 09:23:56 [INFO] collision: TX slot collision detected between AA:BB:CC:00:00:03 and AA:BB:CC:00:00:00 (time delta: 0.00 ms)
2026/07/26 09:23:56 [INFO] collision: TX slot collision detected between AA:BB:CC:00:00:03 and AA:BB:CC:00:00:01 (time delta: 0.00 ms)
2026/07/26 09:23:56 [INFO] collision: TX slot collision detected between AA:BB:CC:00:00:03 and AA:BB:CC:00:00:00 (time delta: 0.00 ms)
2026/07/26 09:23:56 [INFO] collision: TX slot collision detected between AA:BB:CC:00:00:01 and AA:BB:CC:00:00:00 (time delta: 0.00 ms)
2026/07/26 09:23:56 [INFO] collision: TX slot collision detected between AA:BB:CC:00:00:01 and AA:BB:CC:00:00:03 (time delta: 0.00 ms)
2026/07/26 09:23:56 [INFO] collision: TX slot collision detected between AA:BB:CC:00:00:03 and AA:BB:CC:00:00:01 (time delta: 0.00 ms)
2026/07/26 09:23:56 [INFO] collision: TX slot collision detected between AA:BB:CC:00:00:03 and AA:BB:CC:00:00:00 (time delta: 0.00 ms)
2026/07/26 09:23:56 [INFO] collision: TX slot collision detected between AA:BB:CC:00:00:00 and AA:BB:CC:00:00:01 (time delta: 0.00 ms)
2026/07/26 09:23:56 [INFO] collision: TX slot collision detected between AA:BB:CC:00:00:00 and AA:BB:CC:00:00:01 (time delta: 0.00 ms)
2026/07/26 09:23:56 [INFO] collision: TX slot collision detected between AA:BB:CC:00:00:00 and AA:BB:CC:00:00:01 (time delta: 0.00 ms)
2026/07/26 09:23:56 [INFO] collision: TX slot collision detected between AA:BB:CC:00:00:03 and AA:BB:CC:00:00:01 (time delta: 0.00 ms)
2026/07/26 09:23:56 [INFO] collision: TX slot collision detected between AA:BB:CC:00:00:03 and AA:BB:CC:00:00:00 (time delta: 0.00 ms)
2026/07/26 09:23:56 [INFO] collision: TX slot collision detected between AA:BB:CC:00:00:03 and AA:BB:CC:00:00:01 (time delta: 0.00 ms)
2026/07/26 09:23:56 [INFO] collision: TX slot collision detected between AA:BB:CC:00:00:03 and AA:BB:CC:00:00:00 (time delta: 0.00 ms)
2026/07/26 09:23:56 [INFO] collision: TX slot collision detected between AA:BB:CC:00:00:01 and AA:BB:CC:00:00:00 (time delta: 0.00 ms)
2026/07/26 09:23:56 [INFO] collision: TX slot collision detected between AA:BB:CC:00:00:01 and AA:BB:CC:00:00:03 (time delta: 0.00 ms)
2026/07/26 09:23:56 [INFO] collision: TX slot collision detected between AA:BB:CC:00:00:01 and AA:BB:CC:00:00:00 (time delta: 0.00 ms)
2026/07/26 09:23:56 [INFO] collision: TX slot collision detected between AA:BB:CC:00:00:01 and AA:BB:CC:00:00:03 (time delta: 0.00 ms)
2026/07/26 09:23:56 [INFO] collision: TX slot collision detected between AA:BB:CC:00:00:03 and AA:BB:CC:00:00:01 (time delta: 0.00 ms)
2026/07/26 09:23:56 [INFO] collision: TX slot collision detected between AA:BB:CC:00:00:03 and AA:BB:CC:00:00:00 (time delta: 0.00 ms)
2026/07/26 09:23:56 [INFO] collision: TX slot collision detected between AA:BB:CC:00:00:01 and AA:BB:CC:00:00:00 (time delta: 0.00 ms)
2026/07/26 09:23:56 [INFO] collision: TX slot collision detected between AA:BB:CC:00:00:00 and AA:BB:CC:00:00:01 (time delta: 0.00 ms)
2026/07/26 09:23:56 [INFO] collision: TX slot collision detected between AA:BB:CC:00:00:01 and AA:BB:CC:00:00:00 (time delta: 0.00 ms)
2026/07/26 09:23:56 [INFO] collision: TX slot collision detected between AA:BB:CC:00:00:03 and AA:BB:CC:00:00:01 (time delta: 0.00 ms)
2026/07/26 09:23:56 [INFO] collision: TX slot collision detected between AA:BB:CC:00:00:03 and AA:BB:CC:00:00:00 (time delta: 0.00 ms)
2026/07/26 09:23:56 [INFO] collision: TX slot collision detected between AA:BB:CC:00:00:00 and AA:BB:CC:00:00:01 (time delta: 0.00 ms)
2026/07/26 09:23:56 [INFO] collision: TX slot collision detected between AA:BB:CC:00:00:00 and AA:BB:CC:00:00:03 (time delta: 0.00 ms)
2026/07/26 09:23:56 [INFO] collision: TX slot collision detected between AA:BB:CC:00:00:03 and AA:BB:CC:00:00:01 (time delta: 0.00 ms)
2026/07/26 09:23:56 [INFO] collision: TX slot collision detected between AA:BB:CC:00:00:03 and AA:BB:CC:00:00:00 (time delta: 0.00 ms)
2026/07/26 09:23:56 [INFO] collision: TX slot collision detected between AA:BB:CC:00:00:01 and AA:BB:CC:00:00:00 (time delta: 0.00 ms)
2026/07/26 09:23:56 [INFO] collision: TX slot collision detected between AA:BB:CC:00:00:01 and AA:BB:CC:00:00:03 (time delta: 0.00 ms)
2026/07/26 09:23:56 [INFO] collision: TX slot collision detected between AA:BB:CC:00:00:03 and AA:BB:CC:00:00:01 (time delta: 0.00 ms)
2026/07/26 09:23:56 [INFO] collision: TX slot collision detected between AA:BB:CC:00:00:03 and AA:BB:CC:00:00:00 (time delta: 0.00 ms)
2026/07/26 09:23:56 "GET http://localhost:8088/api/blobs HTTP/1.1" from 127.0.0.1:55574 - 200 5B in 13.231µs
2026/07/26 09:23:56 [INFO] collision: TX slot collision detected between AA:BB:CC:00:00:00 and AA:BB:CC:00:00:01 (time delta: 0.00 ms)
2026/07/26 09:23:56 [INFO] collision: TX slot collision detected between AA:BB:CC:00:00:00 and AA:BB:CC:00:00:01 (time delta: 0.00 ms)
2026/07/26 09:23:56 [INFO] collision: TX slot collision detected between AA:BB:CC:00:00:00 and AA:BB:CC:00:00:01 (time delta: 0.00 ms)
2026/07/26 09:23:56 [INFO] collision: TX slot collision detected between AA:BB:CC:00:00:01 and AA:BB:CC:00:00:00 (time delta: 0.00 ms)
2026/07/26 09:23:56 [INFO] collision: TX slot collision detected between AA:BB:CC:00:00:01 and AA:BB:CC:00:00:00 (time delta: 0.00 ms)
2026/07/26 09:23:56 [INFO] collision: TX slot collision detected between AA:BB:CC:00:00:03 and AA:BB:CC:00:00:01 (time delta: 0.00 ms)
2026/07/26 09:23:56 [INFO] collision: TX slot collision detected between AA:BB:CC:00:00:03 and AA:BB:CC:00:00:00 (time delta: 0.00 ms)
2026/07/26 09:23:56 [INFO] collision: TX slot collision detected between AA:BB:CC:00:00:03 and AA:BB:CC:00:00:00 (time delta: 0.00 ms)
2026/07/26 09:23:56 [INFO] collision: TX slot collision detected between AA:BB:CC:00:00:03 and AA:BB:CC:00:00:01 (time delta: 0.00 ms)
2026/07/26 09:23:56 [INFO] collision: TX slot collision detected between AA:BB:CC:00:00:03 and AA:BB:CC:00:00:01 (time delta: 0.00 ms)
2026/07/26 09:23:56 [INFO] collision: TX slot collision detected between AA:BB:CC:00:00:03 and AA:BB:CC:00:00:00 (time delta: 0.00 ms)
2026/07/26 09:23:56 [INFO] collision: TX slot collision detected between AA:BB:CC:00:00:00 and AA:BB:CC:00:00:01 (time delta: 0.00 ms)
2026/07/26 09:23:56 [INFO] collision: TX slot collision detected between AA:BB:CC:00:00:00 and AA:BB:CC:00:00:01 (time delta: 0.00 ms)
2026/07/26 09:23:56 [INFO] collision: TX slot collision detected between AA:BB:CC:00:00:01 and AA:BB:CC:00:00:00 (time delta: 0.00 ms)
2026/07/26 09:23:56 [INFO] collision: TX slot collision detected between AA:BB:CC:00:00:00 and AA:BB:CC:00:00:01 (time delta: 0.00 ms)
2026/07/26 09:23:56 [INFO] collision: TX slot collision detected between AA:BB:CC:00:00:03 and AA:BB:CC:00:00:01 (time delta: 0.00 ms)
2026/07/26 09:23:56 [INFO] collision: TX slot collision detected between AA:BB:CC:00:00:03 and AA:BB:CC:00:00:00 (time delta: 0.00 ms)
2026/07/26 09:23:56 [INFO] collision: TX slot collision detected between AA:BB:CC:00:00:03 and AA:BB:CC:00:00:01 (time delta: 0.00 ms)
2026/07/26 09:23:56 [INFO] collision: TX slot collision detected between AA:BB:CC:00:00:03 and AA:BB:CC:00:00:00 (time delta: 0.00 ms)
2026/07/26 09:23:56 [INFO] collision: TX slot collision detected between AA:BB:CC:00:00:03 and AA:BB:CC:00:00:00 (time delta: 0.00 ms)
2026/07/26 09:23:56 [INFO] collision: TX slot collision detected between AA:BB:CC:00:00:03 and AA:BB:CC:00:00:01 (time delta: 0.00 ms)
2026/07/26 09:23:56 [INFO] collision: TX slot collision detected between AA:BB:CC:00:00:01 and AA:BB:CC:00:00:00 (time delta: 0.00 ms)
2026/07/26 09:23:56 [INFO] collision: TX slot collision detected between AA:BB:CC:00:00:01 and AA:BB:CC:00:00:03 (time delta: 0.00 ms)
2026/07/26 09:23:56 [INFO] collision: TX slot collision detected between AA:BB:CC:00:00:01 and AA:BB:CC:00:00:00 (time delta: 0.00 ms)
2026/07/26 09:23:56 [INFO] collision: TX slot collision detected between AA:BB:CC:00:00:00 and AA:BB:CC:00:00:01 (time delta: 0.00 ms)
2026/07/26 09:23:56 [INFO] collision: TX slot collision detected between AA:BB:CC:00:00:00 and AA:BB:CC:00:00:01 (time delta: 0.00 ms)
2026/07/26 09:23:56 [INFO] collision: TX slot collision detected between AA:BB:CC:00:00:01 and AA:BB:CC:00:00:00 (time delta: 0.00 ms)
2026/07/26 09:23:56 [INFO] collision: TX slot collision detected between AA:BB:CC:00:00:01 and AA:BB:CC:00:00:00 (time delta: 0.00 ms)
2026/07/26 09:23:56 [INFO] collision: TX slot collision detected between AA:BB:CC:00:00:03 and AA:BB:CC:00:00:01 (time delta: 0.00 ms)
2026/07/26 09:23:56 [INFO] collision: TX slot collision detected between AA:BB:CC:00:00:03 and AA:BB:CC:00:00:00 (time delta: 0.00 ms)
2026/07/26 09:23:56 [INFO] collision: TX slot collision detected between AA:BB:CC:00:00:03 and AA:BB:CC:00:00:00 (time delta: 0.00 ms)
2026/07/26 09:23:56 [INFO] collision: TX slot collision detected between AA:BB:CC:00:00:03 and AA:BB:CC:00:00:01 (time delta: 0.00 ms)
2026/07/26 09:23:56 [INFO] collision: TX slot collision detected between AA:BB:CC:00:00:03 and AA:BB:CC:00:00:01 (time delta: 0.00 ms)
2026/07/26 09:23:56 [INFO] collision: TX slot collision detected between AA:BB:CC:00:00:03 and AA:BB:CC:00:00:00 (time delta: 0.00 ms)
2026/07/26 09:23:56 [INFO] collision: TX slot collision detected between AA:BB:CC:00:00:03 and AA:BB:CC:00:00:01 (time delta: 0.00 ms)
2026/07/26 09:23:56 [INFO] collision: TX slot collision detected between AA:BB:CC:00:00:00 and AA:BB:CC:00:00:01 (time delta: 0.00 ms)
2026/07/26 09:23:56 [INFO] collision: TX slot collision detected between AA:BB:CC:00:00:00 and AA:BB:CC:00:00:03 (time delta: 0.00 ms)
2026/07/26 09:23:56 [INFO] collision: TX slot collision detected between AA:BB:CC:00:00:00 and AA:BB:CC:00:00:01 (time delta: 0.00 ms)
2026/07/26 09:23:56 [INFO] collision: TX slot collision detected between AA:BB:CC:00:00:00 and AA:BB:CC:00:00:03 (time delta: 0.00 ms)
2026/07/26 09:23:56 [INFO] collision: TX slot collision detected between AA:BB:CC:00:00:00 and AA:BB:CC:00:00:01 (time delta: 0.00 ms)
2026/07/26 09:23:56 [INFO] collision: TX slot collision detected between AA:BB:CC:00:00:00 and AA:BB:CC:00:00:03 (time delta: 0.00 ms)
2026/07/26 09:23:56 [INFO] collision: TX slot collision detected between AA:BB:CC:00:00:01 and AA:BB:CC:00:00:00 (time delta: 0.00 ms)
2026/07/26 09:23:56 [INFO] collision: TX slot collision detected between AA:BB:CC:00:00:01 and AA:BB:CC:00:00:03 (time delta: 0.00 ms)
2026/07/26 09:23:56 [INFO] collision: TX slot collision detected between AA:BB:CC:00:00:03 and AA:BB:CC:00:00:00 (time delta: 0.00 ms)
2026/07/26 09:23:56 [INFO] collision: TX slot collision detected between AA:BB:CC:00:00:03 and AA:BB:CC:00:00:01 (time delta: 0.00 ms)
2026/07/26 09:23:56 [INFO] collision: TX slot collision detected between AA:BB:CC:00:00:01 and AA:BB:CC:00:00:00 (time delta: 0.00 ms)
2026/07/26 09:23:56 [INFO] collision: TX slot collision detected between AA:BB:CC:00:00:01 and AA:BB:CC:00:00:03 (time delta: 0.00 ms)
2026/07/26 09:23:56 [INFO] collision: TX slot collision detected between AA:BB:CC:00:00:03 and AA:BB:CC:00:00:01 (time delta: 0.00 ms)
2026/07/26 09:23:56 [INFO] collision: TX slot collision detected between AA:BB:CC:00:00:03 and AA:BB:CC:00:00:00 (time delta: 0.00 ms)
2026/07/26 09:23:57 [INFO] collision: TX slot collision detected between AA:BB:CC:00:00:00 and AA:BB:CC:00:00:01 (time delta: 0.00 ms)
2026/07/26 09:23:57 [INFO] collision: TX slot collision detected between AA:BB:CC:00:00:03 and AA:BB:CC:00:00:00 (time delta: 0.00 ms)
2026/07/26 09:23:57 [INFO] collision: TX slot collision detected between AA:BB:CC:00:00:03 and AA:BB:CC:00:00:01 (time delta: 0.00 ms)
2026/07/26 09:23:57 [INFO] collision: TX slot collision detected between AA:BB:CC:00:00:00 and AA:BB:CC:00:00:01 (time delta: 0.00 ms)
2026/07/26 09:23:57 [INFO] collision: TX slot collision detected between AA:BB:CC:00:00:00 and AA:BB:CC:00:00:03 (time delta: 0.00 ms)
2026/07/26 09:23:57 [INFO] collision: TX slot collision detected between AA:BB:CC:00:00:00 and AA:BB:CC:00:00:01 (time delta: 0.00 ms)
2026/07/26 09:23:57 [INFO] collision: TX slot collision detected between AA:BB:CC:00:00:00 and AA:BB:CC:00:00:03 (time delta: 0.00 ms)
2026/07/26 09:23:57 [INFO] collision: TX slot collision detected between AA:BB:CC:00:00:01 and AA:BB:CC:00:00:00 (time delta: 0.00 ms)
2026/07/26 09:23:57 [INFO] collision: TX slot collision detected between AA:BB:CC:00:00:01 and AA:BB:CC:00:00:03 (time delta: 0.00 ms)
2026/07/26 09:23:57 [INFO] collision: TX slot collision detected between AA:BB:CC:00:00:01 and AA:BB:CC:00:00:00 (time delta: 0.00 ms)
2026/07/26 09:23:57 [INFO] collision: TX slot collision detected between AA:BB:CC:00:00:01 and AA:BB:CC:00:00:03 (time delta: 0.00 ms)
2026/07/26 09:23:57 [INFO] collision: TX slot collision detected between AA:BB:CC:00:00:03 and AA:BB:CC:00:00:01 (time delta: 0.00 ms)
2026/07/26 09:23:57 [INFO] collision: TX slot collision detected between AA:BB:CC:00:00:03 and AA:BB:CC:00:00:00 (time delta: 0.00 ms)
2026/07/26 09:23:57 [INFO] collision: TX slot collision detected between AA:BB:CC:00:00:03 and AA:BB:CC:00:00:00 (time delta: 0.00 ms)
2026/07/26 09:23:57 [INFO] collision: TX slot collision detected between AA:BB:CC:00:00:03 and AA:BB:CC:00:00:01 (time delta: 0.00 ms)
2026/07/26 09:23:57 [INFO] collision: TX slot collision detected between AA:BB:CC:00:00:00 and AA:BB:CC:00:00:01 (time delta: 0.00 ms)
2026/07/26 09:23:57 [INFO] collision: TX slot collision detected between AA:BB:CC:00:00:00 and AA:BB:CC:00:00:01 (time delta: 0.00 ms)
2026/07/26 09:23:57 [INFO] collision: TX slot collision detected between AA:BB:CC:00:00:00 and AA:BB:CC:00:00:01 (time delta: 0.00 ms)
2026/07/26 09:23:57 [INFO] collision: TX slot collision detected between AA:BB:CC:00:00:03 and AA:BB:CC:00:00:01 (time delta: 0.00 ms)
2026/07/26 09:23:57 [INFO] collision: TX slot collision detected between AA:BB:CC:00:00:03 and AA:BB:CC:00:00:00 (time delta: 0.00 ms)
2026/07/26 09:23:57 [INFO] collision: TX slot collision detected between AA:BB:CC:00:00:01 and AA:BB:CC:00:00:00 (time delta: 0.00 ms)
2026/07/26 09:23:57 [INFO] collision: TX slot collision detected between AA:BB:CC:00:00:01 and AA:BB:CC:00:00:03 (time delta: 0.00 ms)
2026/07/26 09:23:57 [INFO] collision: TX slot collision detected between AA:BB:CC:00:00:01 and AA:BB:CC:00:00:00 (time delta: 0.00 ms)
2026/07/26 09:23:57 [INFO] collision: TX slot collision detected between AA:BB:CC:00:00:01 and AA:BB:CC:00:00:03 (time delta: 0.00 ms)
2026/07/26 09:23:57 [INFO] collision: TX slot collision detected between AA:BB:CC:00:00:03 and AA:BB:CC:00:00:01 (time delta: 0.00 ms)
2026/07/26 09:23:57 [INFO] collision: TX slot collision detected between AA:BB:CC:00:00:03 and AA:BB:CC:00:00:00 (time delta: 0.00 ms)
2026/07/26 09:23:57 [INFO] collision: TX slot collision detected between AA:BB:CC:00:00:03 and AA:BB:CC:00:00:01 (time delta: 0.00 ms)
2026/07/26 09:23:57 [INFO] collision: TX slot collision detected between AA:BB:CC:00:00:03 and AA:BB:CC:00:00:00 (time delta: 0.00 ms)
2026/07/26 09:23:57 [INFO] collision: TX slot collision detected between AA:BB:CC:00:00:03 and AA:BB:CC:00:00:01 (time delta: 0.00 ms)
2026/07/26 09:23:57 [INFO] collision: TX slot collision detected between AA:BB:CC:00:00:00 and AA:BB:CC:00:00:03 (time delta: 0.00 ms)
2026/07/26 09:23:57 [INFO] collision: TX slot collision detected between AA:BB:CC:00:00:00 and AA:BB:CC:00:00:01 (time delta: 0.00 ms)
2026/07/26 09:23:57 [INFO] collision: TX slot collision detected between AA:BB:CC:00:00:01 and AA:BB:CC:00:00:00 (time delta: 0.00 ms)
2026/07/26 09:23:57 [INFO] collision: TX slot collision detected between AA:BB:CC:00:00:01 and AA:BB:CC:00:00:03 (time delta: 0.00 ms)
2026/07/26 09:23:57 [INFO] collision: TX slot collision detected between AA:BB:CC:00:00:00 and AA:BB:CC:00:00:01 (time delta: 0.00 ms)
2026/07/26 09:23:57 [INFO] collision: TX slot collision detected between AA:BB:CC:00:00:00 and AA:BB:CC:00:00:03 (time delta: 0.00 ms)
2026/07/26 09:23:57 [INFO] collision: TX slot collision detected between AA:BB:CC:00:00:01 and AA:BB:CC:00:00:00 (time delta: 0.00 ms)
2026/07/26 09:23:57 [INFO] collision: TX slot collision detected between AA:BB:CC:00:00:01 and AA:BB:CC:00:00:03 (time delta: 0.00 ms)
2026/07/26 09:23:57 [INFO] collision: TX slot collision detected between AA:BB:CC:00:00:03 and AA:BB:CC:00:00:01 (time delta: 0.00 ms)
2026/07/26 09:23:57 [INFO] collision: TX slot collision detected between AA:BB:CC:00:00:03 and AA:BB:CC:00:00:00 (time delta: 0.00 ms)
2026/07/26 09:23:57 [INFO] collision: TX slot collision detected between AA:BB:CC:00:00:00 and AA:BB:CC:00:00:01 (time delta: 0.00 ms)
2026/07/26 09:23:57 [INFO] collision: TX slot collision detected between AA:BB:CC:00:00:00 and AA:BB:CC:00:00:03 (time delta: 0.00 ms)
2026/07/26 09:23:57 [INFO] collision: TX slot collision detected between AA:BB:CC:00:00:03 and AA:BB:CC:00:00:01 (time delta: 0.00 ms)
2026/07/26 09:23:57 [INFO] collision: TX slot collision detected between AA:BB:CC:00:00:03 and AA:BB:CC:00:00:00 (time delta: 0.00 ms)
2026/07/26 09:23:57 [INFO] collision: TX slot collision detected between AA:BB:CC:00:00:00 and AA:BB:CC:00:00:01 (time delta: 0.00 ms)
2026/07/26 09:23:57 [INFO] collision: TX slot collision detected between AA:BB:CC:00:00:03 and AA:BB:CC:00:00:01 (time delta: 0.00 ms)
2026/07/26 09:23:57 [INFO] collision: TX slot collision detected between AA:BB:CC:00:00:03 and AA:BB:CC:00:00:00 (time delta: 0.00 ms)
2026/07/26 09:23:57 [INFO] collision: TX slot collision detected between AA:BB:CC:00:00:00 and AA:BB:CC:00:00:01 (time delta: 0.00 ms)
2026/07/26 09:23:57 [INFO] collision: TX slot collision detected between AA:BB:CC:00:00:00 and AA:BB:CC:00:00:03 (time delta: 0.00 ms)
2026/07/26 09:23:57 [INFO] collision: TX slot collision detected between AA:BB:CC:00:00:00 and AA:BB:CC:00:00:01 (time delta: 0.00 ms)
2026/07/26 09:23:57 [INFO] collision: TX slot collision detected between AA:BB:CC:00:00:00 and AA:BB:CC:00:00:03 (time delta: 0.00 ms)
2026/07/26 09:23:57 [INFO] collision: TX slot collision detected between AA:BB:CC:00:00:01 and AA:BB:CC:00:00:00 (time delta: 0.00 ms)
2026/07/26 09:23:57 [INFO] collision: TX slot collision detected between AA:BB:CC:00:00:01 and AA:BB:CC:00:00:03 (time delta: 0.00 ms)
2026/07/26 09:23:57 [INFO] collision: TX slot collision detected between AA:BB:CC:00:00:03 and AA:BB:CC:00:00:00 (time delta: 0.00 ms)
2026/07/26 09:23:57 [INFO] collision: TX slot collision detected between AA:BB:CC:00:00:03 and AA:BB:CC:00:00:01 (time delta: 0.00 ms)
2026/07/26 09:23:57 [INFO] collision: TX slot collision detected between AA:BB:CC:00:00:01 and AA:BB:CC:00:00:00 (time delta: 0.00 ms)
2026/07/26 09:23:57 [INFO] collision: TX slot collision detected between AA:BB:CC:00:00:01 and AA:BB:CC:00:00:03 (time delta: 0.00 ms)
2026/07/26 09:23:57 [INFO] collision: TX slot collision detected between AA:BB:CC:00:00:03 and AA:BB:CC:00:00:00 (time delta: 0.00 ms)
2026/07/26 09:23:57 [INFO] collision: TX slot collision detected between AA:BB:CC:00:00:03 and AA:BB:CC:00:00:01 (time delta: 0.00 ms)
2026/07/26 09:23:57 [INFO] collision: TX slot collision detected between AA:BB:CC:00:00:00 and AA:BB:CC:00:00:01 (time delta: 0.00 ms)
2026/07/26 09:23:57 [INFO] collision: TX slot collision detected between AA:BB:CC:00:00:00 and AA:BB:CC:00:00:01 (time delta: 0.00 ms)
2026/07/26 09:23:57 [INFO] collision: TX slot collision detected between AA:BB:CC:00:00:00 and AA:BB:CC:00:00:01 (time delta: 0.00 ms)
2026/07/26 09:23:57 [INFO] collision: TX slot collision detected between AA:BB:CC:00:00:01 and AA:BB:CC:00:00:00 (time delta: 0.00 ms)
2026/07/26 09:23:57 [INFO] collision: TX slot collision detected between AA:BB:CC:00:00:01 and AA:BB:CC:00:00:00 (time delta: 0.00 ms)
2026/07/26 09:23:57 [INFO] collision: TX slot collision detected between AA:BB:CC:00:00:03 and AA:BB:CC:00:00:01 (time delta: 0.00 ms)
2026/07/26 09:23:57 [INFO] collision: TX slot collision detected between AA:BB:CC:00:00:03 and AA:BB:CC:00:00:00 (time delta: 0.00 ms)
2026/07/26 09:23:57 [INFO] collision: TX slot collision detected between AA:BB:CC:00:00:03 and AA:BB:CC:00:00:01 (time delta: 0.00 ms)
2026/07/26 09:23:57 [INFO] collision: TX slot collision detected between AA:BB:CC:00:00:03 and AA:BB:CC:00:00:00 (time delta: 0.00 ms)
2026/07/26 09:23:57 [INFO] collision: TX slot collision detected between AA:BB:CC:00:00:03 and AA:BB:CC:00:00:01 (time delta: 0.00 ms)
2026/07/26 09:23:57 [INFO] collision: TX slot collision detected between AA:BB:CC:00:00:03 and AA:BB:CC:00:00:00 (time delta: 0.00 ms)
2026/07/26 09:23:57 [INFO] collision: TX slot collision detected between AA:BB:CC:00:00:00 and AA:BB:CC:00:00:01 (time delta: 0.00 ms)
2026/07/26 09:23:57 [INFO] collision: TX slot collision detected between AA:BB:CC:00:00:00 and AA:BB:CC:00:00:01 (time delta: 0.00 ms)
2026/07/26 09:23:57 [INFO] collision: TX slot collision detected between AA:BB:CC:00:00:00 and AA:BB:CC:00:00:01 (time delta: 0.00 ms)
2026/07/26 09:23:57 [INFO] collision: TX slot collision detected between AA:BB:CC:00:00:01 and AA:BB:CC:00:00:00 (time delta: 0.00 ms)
2026/07/26 09:23:57 [INFO] collision: TX slot collision detected between AA:BB:CC:00:00:03 and AA:BB:CC:00:00:01 (time delta: 0.00 ms)
2026/07/26 09:23:57 [INFO] collision: TX slot collision detected between AA:BB:CC:00:00:03 and AA:BB:CC:00:00:00 (time delta: 0.00 ms)
2026/07/26 09:23:57 [INFO] collision: TX slot collision detected between AA:BB:CC:00:00:03 and AA:BB:CC:00:00:01 (time delta: 0.00 ms)
2026/07/26 09:23:57 [INFO] collision: TX slot collision detected between AA:BB:CC:00:00:03 and AA:BB:CC:00:00:00 (time delta: 0.00 ms)
2026/07/26 09:23:57 [INFO] collision: TX slot collision detected between AA:BB:CC:00:00:01 and AA:BB:CC:00:00:00 (time delta: 0.00 ms)
2026/07/26 09:23:57 [INFO] collision: TX slot collision detected between AA:BB:CC:00:00:01 and AA:BB:CC:00:00:03 (time delta: 0.00 ms)
2026/07/26 09:23:57 [INFO] collision: TX slot collision detected between AA:BB:CC:00:00:03 and AA:BB:CC:00:00:01 (time delta: 0.00 ms)
2026/07/26 09:23:57 [INFO] collision: TX slot collision detected between AA:BB:CC:00:00:03 and AA:BB:CC:00:00:00 (time delta: 0.00 ms)
2026/07/26 09:23:57 [INFO] collision: TX slot collision detected between AA:BB:CC:00:00:03 and AA:BB:CC:00:00:01 (time delta: 0.00 ms)
2026/07/26 09:23:57 [INFO] collision: TX slot collision detected between AA:BB:CC:00:00:00 and AA:BB:CC:00:00:01 (time delta: 0.00 ms)
2026/07/26 09:23:57 [INFO] collision: TX slot collision detected between AA:BB:CC:00:00:00 and AA:BB:CC:00:00:03 (time delta: 0.00 ms)
2026/07/26 09:23:57 [INFO] collision: TX slot collision detected between AA:BB:CC:00:00:01 and AA:BB:CC:00:00:00 (time delta: 0.00 ms)
2026/07/26 09:23:57 [INFO] collision: TX slot collision detected between AA:BB:CC:00:00:01 and AA:BB:CC:00:00:03 (time delta: 0.00 ms)
2026/07/26 09:23:57 [INFO] collision: TX slot collision detected between AA:BB:CC:00:00:00 and AA:BB:CC:00:00:01 (time delta: 0.00 ms)
2026/07/26 09:23:57 [INFO] collision: TX slot collision detected between AA:BB:CC:00:00:00 and AA:BB:CC:00:00:03 (time delta: 0.00 ms)
2026/07/26 09:23:57 [INFO] collision: TX slot collision detected between AA:BB:CC:00:00:00 and AA:BB:CC:00:00:01 (time delta: 0.00 ms)
2026/07/26 09:23:57 [INFO] collision: TX slot collision detected between AA:BB:CC:00:00:00 and AA:BB:CC:00:00:03 (time delta: 0.00 ms)
2026/07/26 09:23:57 [INFO] collision: TX slot collision detected between AA:BB:CC:00:00:03 and AA:BB:CC:00:00:01 (time delta: 0.00 ms)
2026/07/26 09:23:57 [INFO] collision: TX slot collision detected between AA:BB:CC:00:00:03 and AA:BB:CC:00:00:00 (time delta: 0.00 ms)
2026/07/26 09:23:57 [INFO] collision: TX slot collision detected between AA:BB:CC:00:00:01 and AA:BB:CC:00:00:03 (time delta: 0.00 ms)
2026/07/26 09:23:57 [INFO] collision: TX slot collision detected between AA:BB:CC:00:00:01 and AA:BB:CC:00:00:00 (time delta: 0.00 ms)
2026/07/26 09:23:57 [INFO] collision: TX slot collision detected between AA:BB:CC:00:00:03 and AA:BB:CC:00:00:00 (time delta: 0.00 ms)
2026/07/26 09:23:57 [INFO] collision: TX slot collision detected between AA:BB:CC:00:00:03 and AA:BB:CC:00:00:01 (time delta: 0.00 ms)
2026/07/26 09:23:57 [INFO] collision: TX slot collision detected between AA:BB:CC:00:00:03 and AA:BB:CC:00:00:01 (time delta: 0.00 ms)
2026/07/26 09:23:57 [INFO] collision: TX slot collision detected between AA:BB:CC:00:00:00 and AA:BB:CC:00:00:01 (time delta: 0.00 ms)
2026/07/26 09:23:57 [INFO] collision: TX slot collision detected between AA:BB:CC:00:00:00 and AA:BB:CC:00:00:03 (time delta: 0.00 ms)
2026/07/26 09:23:57 [INFO] collision: TX slot collision detected between AA:BB:CC:00:00:01 and AA:BB:CC:00:00:00 (time delta: 0.00 ms)
2026/07/26 09:23:57 [INFO] collision: TX slot collision detected between AA:BB:CC:00:00:01 and AA:BB:CC:00:00:03 (time delta: 0.00 ms)
2026/07/26 09:23:57 [INFO] collision: TX slot collision detected between AA:BB:CC:00:00:00 and AA:BB:CC:00:00:03 (time delta: 0.00 ms)
2026/07/26 09:23:57 [INFO] collision: TX slot collision detected between AA:BB:CC:00:00:00 and AA:BB:CC:00:00:01 (time delta: 0.00 ms)
2026/07/26 09:23:57 [INFO] collision: TX slot collision detected between AA:BB:CC:00:00:01 and AA:BB:CC:00:00:00 (time delta: 0.00 ms)
2026/07/26 09:23:57 [INFO] collision: TX slot collision detected between AA:BB:CC:00:00:01 and AA:BB:CC:00:00:03 (time delta: 0.00 ms)
2026/07/26 09:23:57 [INFO] collision: TX slot collision detected between AA:BB:CC:00:00:03 and AA:BB:CC:00:00:01 (time delta: 0.00 ms)
2026/07/26 09:23:57 [INFO] collision: TX slot collision detected between AA:BB:CC:00:00:03 and AA:BB:CC:00:00:00 (time delta: 0.00 ms)
2026/07/26 09:23:57 [INFO] collision: TX slot collision detected between AA:BB:CC:00:00:00 and AA:BB:CC:00:00:01 (time delta: 0.00 ms)
2026/07/26 09:23:57 [INFO] collision: TX slot collision detected between AA:BB:CC:00:00:00 and AA:BB:CC:00:00:03 (time delta: 0.00 ms)
2026/07/26 09:23:57 [INFO] collision: TX slot collision detected between AA:BB:CC:00:00:03 and AA:BB:CC:00:00:01 (time delta: 0.00 ms)
2026/07/26 09:23:57 [INFO] collision: TX slot collision detected between AA:BB:CC:00:00:03 and AA:BB:CC:00:00:00 (time delta: 0.00 ms)
2026/07/26 09:23:57 [INFO] collision: TX slot collision detected between AA:BB:CC:00:00:03 and AA:BB:CC:00:00:01 (time delta: 0.00 ms)
2026/07/26 09:23:57 [INFO] collision: TX slot collision detected between AA:BB:CC:00:00:00 and AA:BB:CC:00:00:01 (time delta: 0.00 ms)
2026/07/26 09:23:57 [INFO] collision: TX slot collision detected between AA:BB:CC:00:00:00 and AA:BB:CC:00:00:03 (time delta: 0.00 ms)
2026/07/26 09:23:57 [INFO] collision: TX slot collision detected between AA:BB:CC:00:00:01 and AA:BB:CC:00:00:00 (time delta: 0.00 ms)
2026/07/26 09:23:57 [INFO] collision: TX slot collision detected between AA:BB:CC:00:00:01 and AA:BB:CC:00:00:03 (time delta: 0.00 ms)
2026/07/26 09:23:57 [INFO] collision: TX slot collision detected between AA:BB:CC:00:00:00 and AA:BB:CC:00:00:03 (time delta: 0.00 ms)
2026/07/26 09:23:57 [INFO] collision: TX slot collision detected between AA:BB:CC:00:00:00 and AA:BB:CC:00:00:01 (time delta: 0.00 ms)
2026/07/26 09:23:57 [INFO] collision: TX slot collision detected between AA:BB:CC:00:00:01 and AA:BB:CC:00:00:00 (time delta: 0.00 ms)
2026/07/26 09:23:57 [INFO] collision: TX slot collision detected between AA:BB:CC:00:00:01 and AA:BB:CC:00:00:03 (time delta: 0.00 ms)
2026/07/26 09:23:57 [INFO] collision: TX slot collision detected between AA:BB:CC:00:00:03 and AA:BB:CC:00:00:01 (time delta: 0.00 ms)
2026/07/26 09:23:57 [INFO] collision: TX slot collision detected between AA:BB:CC:00:00:03 and AA:BB:CC:00:00:00 (time delta: 0.00 ms)
2026/07/26 09:23:57 [INFO] collision: TX slot collision detected between AA:BB:CC:00:00:00 and AA:BB:CC:00:00:01 (time delta: 0.00 ms)
2026/07/26 09:23:57 [INFO] collision: TX slot collision detected between AA:BB:CC:00:00:00 and AA:BB:CC:00:00:03 (time delta: 0.00 ms)
2026/07/26 09:23:57 [INFO] collision: TX slot collision detected between AA:BB:CC:00:00:03 and AA:BB:CC:00:00:01 (time delta: 0.00 ms)
2026/07/26 09:23:57 [INFO] collision: TX slot collision detected between AA:BB:CC:00:00:03 and AA:BB:CC:00:00:00 (time delta: 0.00 ms)
2026/07/26 09:23:57 [INFO] collision: TX slot collision detected between AA:BB:CC:00:00:03 and AA:BB:CC:00:00:01 (time delta: 0.00 ms)
2026/07/26 09:23:57 [INFO] collision: TX slot collision detected between AA:BB:CC:00:00:00 and AA:BB:CC:00:00:01 (time delta: 0.00 ms)
2026/07/26 09:23:57 [INFO] collision: TX slot collision detected between AA:BB:CC:00:00:00 and AA:BB:CC:00:00:03 (time delta: 0.00 ms)
2026/07/26 09:23:57 [INFO] collision: TX slot collision detected between AA:BB:CC:00:00:00 and AA:BB:CC:00:00:03 (time delta: 0.00 ms)
2026/07/26 09:23:57 [INFO] collision: TX slot collision detected between AA:BB:CC:00:00:00 and AA:BB:CC:00:00:01 (time delta: 0.00 ms)
2026/07/26 09:23:57 [INFO] collision: TX slot collision detected between AA:BB:CC:00:00:00 and AA:BB:CC:00:00:01 (time delta: 0.00 ms)
2026/07/26 09:23:57 [INFO] collision: TX slot collision detected between AA:BB:CC:00:00:00 and AA:BB:CC:00:00:03 (time delta: 0.00 ms)
2026/07/26 09:23:57 [INFO] collision: TX slot collision detected between AA:BB:CC:00:00:01 and AA:BB:CC:00:00:00 (time delta: 0.00 ms)
2026/07/26 09:23:57 [INFO] collision: TX slot collision detected between AA:BB:CC:00:00:01 and AA:BB:CC:00:00:03 (time delta: 0.00 ms)
2026/07/26 09:23:57 [INFO] collision: TX slot collision detected between AA:BB:CC:00:00:03 and AA:BB:CC:00:00:01 (time delta: 0.00 ms)
2026/07/26 09:23:57 [INFO] collision: TX slot collision detected between AA:BB:CC:00:00:03 and AA:BB:CC:00:00:00 (time delta: 0.00 ms)
2026/07/26 09:23:57 [INFO] collision: TX slot collision detected between AA:BB:CC:00:00:01 and AA:BB:CC:00:00:00 (time delta: 0.00 ms)
2026/07/26 09:23:57 [INFO] collision: TX slot collision detected between AA:BB:CC:00:00:01 and AA:BB:CC:00:00:03 (time delta: 0.00 ms)
2026/07/26 09:23:57 [INFO] collision: TX slot collision detected between AA:BB:CC:00:00:03 and AA:BB:CC:00:00:01 (time delta: 0.00 ms)
2026/07/26 09:23:57 [INFO] collision: TX slot collision detected between AA:BB:CC:00:00:03 and AA:BB:CC:00:00:00 (time delta: 0.00 ms)
2026/07/26 09:23:57 [INFO] collision: TX slot collision detected between AA:BB:CC:00:00:01 and AA:BB:CC:00:00:00 (time delta: 0.00 ms)
2026/07/26 09:23:57 [INFO] collision: TX slot collision detected between AA:BB:CC:00:00:00 and AA:BB:CC:00:00:01 (time delta: 0.00 ms)
2026/07/26 09:23:57 [INFO] collision: TX slot collision detected between AA:BB:CC:00:00:01 and AA:BB:CC:00:00:00 (time delta: 0.00 ms)
2026/07/26 09:23:57 [INFO] collision: TX slot collision detected between AA:BB:CC:00:00:00 and AA:BB:CC:00:00:01 (time delta: 0.00 ms)
2026/07/26 09:23:57 [INFO] collision: TX slot collision detected between AA:BB:CC:00:00:01 and AA:BB:CC:00:00:00 (time delta: 0.00 ms)
2026/07/26 09:23:57 [INFO] collision: TX slot collision detected between AA:BB:CC:00:00:03 and AA:BB:CC:00:00:01 (time delta: 0.00 ms)
2026/07/26 09:23:57 [INFO] collision: TX slot collision detected between AA:BB:CC:00:00:03 and AA:BB:CC:00:00:00 (time delta: 0.00 ms)
2026/07/26 09:23:57 [INFO] collision: TX slot collision detected between AA:BB:CC:00:00:03 and AA:BB:CC:00:00:01 (time delta: 0.00 ms)
2026/07/26 09:23:57 [INFO] collision: TX slot collision detected between AA:BB:CC:00:00:03 and AA:BB:CC:00:00:00 (time delta: 0.00 ms)
2026/07/26 09:23:57 [INFO] collision: TX slot collision detected between AA:BB:CC:00:00:03 and AA:BB:CC:00:00:00 (time delta: 0.00 ms)
2026/07/26 09:23:57 [INFO] collision: TX slot collision detected between AA:BB:CC:00:00:03 and AA:BB:CC:00:00:01 (time delta: 0.00 ms)
2026/07/26 09:23:57 [INFO] collision: TX slot collision detected between AA:BB:CC:00:00:03 and AA:BB:CC:00:00:01 (time delta: 0.00 ms)
2026/07/26 09:23:57 [INFO] collision: TX slot collision detected between AA:BB:CC:00:00:00 and AA:BB:CC:00:00:03 (time delta: 0.00 ms)
2026/07/26 09:23:57 [INFO] collision: TX slot collision detected between AA:BB:CC:00:00:00 and AA:BB:CC:00:00:01 (time delta: 0.00 ms)
2026/07/26 09:23:57 [INFO] collision: TX slot collision detected between AA:BB:CC:00:00:00 and AA:BB:CC:00:00:01 (time delta: 0.00 ms)
2026/07/26 09:23:57 [INFO] collision: TX slot collision detected between AA:BB:CC:00:00:00 and AA:BB:CC:00:00:03 (time delta: 0.00 ms)
2026/07/26 09:23:57 [INFO] collision: TX slot collision detected between AA:BB:CC:00:00:01 and AA:BB:CC:00:00:00 (time delta: 0.00 ms)
2026/07/26 09:23:57 [INFO] collision: TX slot collision detected between AA:BB:CC:00:00:01 and AA:BB:CC:00:00:03 (time delta: 0.00 ms)
2026/07/26 09:23:57 [INFO] collision: TX slot collision detected between AA:BB:CC:00:00:03 and AA:BB:CC:00:00:01 (time delta: 0.00 ms)
2026/07/26 09:23:57 [INFO] collision: TX slot collision detected between AA:BB:CC:00:00:03 and AA:BB:CC:00:00:00 (time delta: 0.00 ms)
2026/07/26 09:23:57 [INFO] collision: TX slot collision detected between AA:BB:CC:00:00:01 and AA:BB:CC:00:00:00 (time delta: 0.00 ms)
2026/07/26 09:23:57 [INFO] collision: TX slot collision detected between AA:BB:CC:00:00:01 and AA:BB:CC:00:00:03 (time delta: 0.00 ms)
2026/07/26 09:23:57 [INFO] collision: TX slot collision detected between AA:BB:CC:00:00:00 and AA:BB:CC:00:00:01 (time delta: 0.00 ms)
2026/07/26 09:23:57 [INFO] collision: TX slot collision detected between AA:BB:CC:00:00:00 and AA:BB:CC:00:00:03 (time delta: 0.00 ms)
2026/07/26 09:23:57 [INFO] collision: TX slot collision detected between AA:BB:CC:00:00:03 and AA:BB:CC:00:00:01 (time delta: 0.00 ms)
2026/07/26 09:23:57 [INFO] collision: TX slot collision detected between AA:BB:CC:00:00:03 and AA:BB:CC:00:00:00 (time delta: 0.00 ms)
2026/07/26 09:23:57 [INFO] collision: TX slot collision detected between AA:BB:CC:00:00:00 and AA:BB:CC:00:00:01 (time delta: 0.00 ms)
2026/07/26 09:23:57 [INFO] collision: TX slot collision detected between AA:BB:CC:00:00:00 and AA:BB:CC:00:00:01 (time delta: 0.00 ms)
2026/07/26 09:23:57 [INFO] collision: TX slot collision detected between AA:BB:CC:00:00:00 and AA:BB:CC:00:00:01 (time delta: 0.00 ms)
2026/07/26 09:23:57 [INFO] collision: TX slot collision detected between AA:BB:CC:00:00:01 and AA:BB:CC:00:00:00 (time delta: 0.00 ms)
2026/07/26 09:23:57 [INFO] collision: TX slot collision detected between AA:BB:CC:00:00:01 and AA:BB:CC:00:00:00 (time delta: 0.00 ms)
2026/07/26 09:23:57 [INFO] collision: TX slot collision detected between AA:BB:CC:00:00:03 and AA:BB:CC:00:00:00 (time delta: 0.00 ms)
2026/07/26 09:23:57 [INFO] collision: TX slot collision detected between AA:BB:CC:00:00:03 and AA:BB:CC:00:00:01 (time delta: 0.00 ms)
2026/07/26 09:23:57 [INFO] collision: TX slot collision detected between AA:BB:CC:00:00:03 and AA:BB:CC:00:00:01 (time delta: 0.00 ms)
2026/07/26 09:23:57 [INFO] collision: TX slot collision detected between AA:BB:CC:00:00:03 and AA:BB:CC:00:00:00 (time delta: 0.00 ms)
2026/07/26 09:23:57 [INFO] collision: TX slot collision detected between AA:BB:CC:00:00:03 and AA:BB:CC:00:00:00 (time delta: 0.00 ms)
2026/07/26 09:23:57 [INFO] collision: TX slot collision detected between AA:BB:CC:00:00:03 and AA:BB:CC:00:00:01 (time delta: 0.00 ms)
2026/07/26 09:23:57 [INFO] collision: TX slot collision detected between AA:BB:CC:00:00:03 and AA:BB:CC:00:00:01 (time delta: 0.00 ms)
2026/07/26 09:23:57 [INFO] collision: TX slot collision detected between AA:BB:CC:00:00:00 and AA:BB:CC:00:00:01 (time delta: 0.00 ms)
2026/07/26 09:23:57 [INFO] collision: TX slot collision detected between AA:BB:CC:00:00:00 and AA:BB:CC:00:00:03 (time delta: 0.00 ms)
2026/07/26 09:23:57 [INFO] collision: TX slot collision detected between AA:BB:CC:00:00:01 and AA:BB:CC:00:00:00 (time delta: 0.00 ms)
2026/07/26 09:23:57 [INFO] collision: TX slot collision detected between AA:BB:CC:00:00:01 and AA:BB:CC:00:00:03 (time delta: 0.00 ms)
2026/07/26 09:23:57 [INFO] collision: TX slot collision detected between AA:BB:CC:00:00:00 and AA:BB:CC:00:00:01 (time delta: 0.00 ms)
2026/07/26 09:23:57 [INFO] collision: TX slot collision detected between AA:BB:CC:00:00:00 and AA:BB:CC:00:00:03 (time delta: 0.00 ms)
2026/07/26 09:23:57 [INFO] collision: TX slot collision detected between AA:BB:CC:00:00:01 and AA:BB:CC:00:00:00 (time delta: 0.00 ms)
2026/07/26 09:23:57 [INFO] collision: TX slot collision detected between AA:BB:CC:00:00:01 and AA:BB:CC:00:00:03 (time delta: 0.00 ms)
2026/07/26 09:23:57 [INFO] collision: TX slot collision detected between AA:BB:CC:00:00:03 and AA:BB:CC:00:00:00 (time delta: 0.00 ms)
2026/07/26 09:23:57 [INFO] collision: TX slot collision detected between AA:BB:CC:00:00:03 and AA:BB:CC:00:00:01 (time delta: 0.00 ms)
2026/07/26 09:23:57 [INFO] collision: TX slot collision detected between AA:BB:CC:00:00:00 and AA:BB:CC:00:00:01 (time delta: 0.00 ms)
2026/07/26 09:23:57 [INFO] collision: TX slot collision detected between AA:BB:CC:00:00:00 and AA:BB:CC:00:00:03 (time delta: 0.00 ms)
2026/07/26 09:23:57 [INFO] collision: TX slot collision detected between AA:BB:CC:00:00:03 and AA:BB:CC:00:00:00 (time delta: 0.00 ms)
2026/07/26 09:23:57 [INFO] collision: TX slot collision detected between AA:BB:CC:00:00:03 and AA:BB:CC:00:00:01 (time delta: 0.00 ms)
2026/07/26 09:23:57 [INFO] collision: TX slot collision detected between AA:BB:CC:00:00:00 and AA:BB:CC:00:00:01 (time delta: 0.00 ms)
2026/07/26 09:23:57 [INFO] collision: TX slot collision detected between AA:BB:CC:00:00:00 and AA:BB:CC:00:00:01 (time delta: 0.00 ms)
2026/07/26 09:23:57 [INFO] collision: TX slot collision detected between AA:BB:CC:00:00:01 and AA:BB:CC:00:00:00 (time delta: 0.00 ms)
2026/07/26 09:23:57 [INFO] collision: TX slot collision detected between AA:BB:CC:00:00:00 and AA:BB:CC:00:00:01 (time delta: 0.00 ms)
2026/07/26 09:23:57 [INFO] collision: TX slot collision detected between AA:BB:CC:00:00:03 and AA:BB:CC:00:00:01 (time delta: 0.00 ms)
2026/07/26 09:23:57 [INFO] collision: TX slot collision detected between AA:BB:CC:00:00:03 and AA:BB:CC:00:00:00 (time delta: 0.00 ms)
2026/07/26 09:23:57 [INFO] collision: TX slot collision detected between AA:BB:CC:00:00:03 and AA:BB:CC:00:00:01 (time delta: 0.00 ms)
2026/07/26 09:23:57 [INFO] collision: TX slot collision detected between AA:BB:CC:00:00:03 and AA:BB:CC:00:00:00 (time delta: 0.00 ms)
2026/07/26 09:23:57 [INFO] collision: TX slot collision detected between AA:BB:CC:00:00:03 and AA:BB:CC:00:00:01 (time delta: 0.00 ms)
2026/07/26 09:23:57 [INFO] collision: TX slot collision detected between AA:BB:CC:00:00:03 and AA:BB:CC:00:00:00 (time delta: 0.00 ms)
2026/07/26 09:23:57 [INFO] collision: TX slot collision detected between AA:BB:CC:00:00:01 and AA:BB:CC:00:00:00 (time delta: 0.00 ms)
2026/07/26 09:23:57 [INFO] collision: TX slot collision detected between AA:BB:CC:00:00:01 and AA:BB:CC:00:00:03 (time delta: 0.00 ms)
2026/07/26 09:23:57 [INFO] collision: TX slot collision detected between AA:BB:CC:00:00:00 and AA:BB:CC:00:00:01 (time delta: 0.00 ms)
2026/07/26 09:23:57 [INFO] collision: TX slot collision detected between AA:BB:CC:00:00:00 and AA:BB:CC:00:00:01 (time delta: 0.00 ms)
2026/07/26 09:23:57 [INFO] collision: TX slot collision detected between AA:BB:CC:00:00:01 and AA:BB:CC:00:00:00 (time delta: 0.00 ms)
2026/07/26 09:23:57 [INFO] collision: TX slot collision detected between AA:BB:CC:00:00:00 and AA:BB:CC:00:00:01 (time delta: 0.00 ms)
2026/07/26 09:23:57 [INFO] collision: TX slot collision detected between AA:BB:CC:00:00:03 and AA:BB:CC:00:00:01 (time delta: 0.00 ms)
2026/07/26 09:23:57 [INFO] collision: TX slot collision detected between AA:BB:CC:00:00:03 and AA:BB:CC:00:00:00 (time delta: 0.00 ms)
2026/07/26 09:23:57 [INFO] collision: TX slot collision detected between AA:BB:CC:00:00:03 and AA:BB:CC:00:00:01 (time delta: 0.00 ms)
2026/07/26 09:23:57 [INFO] collision: TX slot collision detected between AA:BB:CC:00:00:03 and AA:BB:CC:00:00:00 (time delta: 0.00 ms)
2026/07/26 09:23:57 [INFO] collision: TX slot collision detected between AA:BB:CC:00:00:03 and AA:BB:CC:00:00:01 (time delta: 0.00 ms)
2026/07/26 09:23:57 [INFO] collision: TX slot collision detected between AA:BB:CC:00:00:03 and AA:BB:CC:00:00:00 (time delta: 0.00 ms)
2026/07/26 09:23:57 [INFO] collision: TX slot collision detected between AA:BB:CC:00:00:01 and AA:BB:CC:00:00:00 (time delta: 0.00 ms)
2026/07/26 09:23:57 [INFO] collision: TX slot collision detected between AA:BB:CC:00:00:01 and AA:BB:CC:00:00:03 (time delta: 0.00 ms)
2026/07/26 09:23:57 [INFO] collision: TX slot collision detected between AA:BB:CC:00:00:01 and AA:BB:CC:00:00:00 (time delta: 0.00 ms)
2026/07/26 09:23:57 [INFO] collision: TX slot collision detected between AA:BB:CC:00:00:00 and AA:BB:CC:00:00:01 (time delta: 0.00 ms)
2026/07/26 09:23:57 [INFO] collision: TX slot collision detected between AA:BB:CC:00:00:01 and AA:BB:CC:00:00:00 (time delta: 0.00 ms)
2026/07/26 09:23:57 [INFO] collision: TX slot collision detected between AA:BB:CC:00:00:01 and AA:BB:CC:00:00:00 (time delta: 0.00 ms)
2026/07/26 09:23:57 [INFO] collision: TX slot collision detected between AA:BB:CC:00:00:00 and AA:BB:CC:00:00:01 (time delta: 0.00 ms)
2026/07/26 09:23:57 [INFO] collision: TX slot collision detected between AA:BB:CC:00:00:03 and AA:BB:CC:00:00:01 (time delta: 0.00 ms)
2026/07/26 09:23:57 [INFO] collision: TX slot collision detected between AA:BB:CC:00:00:03 and AA:BB:CC:00:00:00 (time delta: 0.00 ms)
2026/07/26 09:23:57 [INFO] collision: TX slot collision detected between AA:BB:CC:00:00:03 and AA:BB:CC:00:00:01 (time delta: 0.00 ms)
2026/07/26 09:23:57 [INFO] collision: TX slot collision detected between AA:BB:CC:00:00:03 and AA:BB:CC:00:00:00 (time delta: 0.00 ms)
2026/07/26 09:23:57 [INFO] collision: TX slot collision detected between AA:BB:CC:00:00:03 and AA:BB:CC:00:00:01 (time delta: 0.00 ms)
2026/07/26 09:23:57 [INFO] collision: TX slot collision detected between AA:BB:CC:00:00:03 and AA:BB:CC:00:00:00 (time delta: 0.00 ms)
2026/07/26 09:23:57 [INFO] collision: TX slot collision detected between AA:BB:CC:00:00:03 and AA:BB:CC:00:00:01 (time delta: 0.00 ms)
2026/07/26 09:23:57 [INFO] collision: TX slot collision detected between AA:BB:CC:00:00:00 and AA:BB:CC:00:00:03 (time delta: 0.00 ms)
2026/07/26 09:23:57 [INFO] collision: TX slot collision detected between AA:BB:CC:00:00:00 and AA:BB:CC:00:00:01 (time delta: 0.00 ms)
2026/07/26 09:23:57 [INFO] collision: TX slot collision detected between AA:BB:CC:00:00:00 and AA:BB:CC:00:00:03 (time delta: 0.00 ms)
2026/07/26 09:23:57 [INFO] collision: TX slot collision detected between AA:BB:CC:00:00:00 and AA:BB:CC:00:00:01 (time delta: 0.00 ms)
2026/07/26 09:23:57 [INFO] collision: TX slot collision detected between AA:BB:CC:00:00:01 and AA:BB:CC:00:00:00 (time delta: 0.00 ms)
2026/07/26 09:23:57 [INFO] collision: TX slot collision detected between AA:BB:CC:00:00:01 and AA:BB:CC:00:00:03 (time delta: 0.00 ms)
2026/07/26 09:23:57 [INFO] collision: TX slot collision detected between AA:BB:CC:00:00:00 and AA:BB:CC:00:00:01 (time delta: 0.00 ms)
2026/07/26 09:23:57 [INFO] collision: TX slot collision detected between AA:BB:CC:00:00:00 and AA:BB:CC:00:00:03 (time delta: 0.00 ms)
2026/07/26 09:23:57 [INFO] collision: TX slot collision detected between AA:BB:CC:00:00:03 and AA:BB:CC:00:00:01 (time delta: 0.00 ms)
2026/07/26 09:23:57 [INFO] collision: TX slot collision detected between AA:BB:CC:00:00:03 and AA:BB:CC:00:00:00 (time delta: 0.00 ms)
2026/07/26 09:23:57 [INFO] collision: TX slot collision detected between AA:BB:CC:00:00:01 and AA:BB:CC:00:00:00 (time delta: 0.00 ms)
2026/07/26 09:23:57 [INFO] collision: TX slot collision detected between AA:BB:CC:00:00:01 and AA:BB:CC:00:00:03 (time delta: 0.00 ms)
2026/07/26 09:23:57 [INFO] collision: TX slot collision detected between AA:BB:CC:00:00:03 and AA:BB:CC:00:00:00 (time delta: 0.00 ms)
2026/07/26 09:23:57 [INFO] collision: TX slot collision detected between AA:BB:CC:00:00:03 and AA:BB:CC:00:00:01 (time delta: 0.00 ms)
2026/07/26 09:23:57 [INFO] collision: TX slot collision detected between AA:BB:CC:00:00:03 and AA:BB:CC:00:00:01 (time delta: 0.00 ms)
2026/07/26 09:23:57 [INFO] collision: TX slot collision detected between AA:BB:CC:00:00:00 and AA:BB:CC:00:00:01 (time delta: 0.00 ms)
2026/07/26 09:23:57 [INFO] collision: TX slot collision detected between AA:BB:CC:00:00:00 and AA:BB:CC:00:00:03 (time delta: 0.00 ms)
2026/07/26 09:23:57 [INFO] collision: TX slot collision detected between AA:BB:CC:00:00:00 and AA:BB:CC:00:00:03 (time delta: 0.00 ms)
2026/07/26 09:23:57 [INFO] collision: TX slot collision detected between AA:BB:CC:00:00:00 and AA:BB:CC:00:00:01 (time delta: 0.00 ms)
2026/07/26 09:23:57 [INFO] collision: TX slot collision detected between AA:BB:CC:00:00:00 and AA:BB:CC:00:00:01 (time delta: 0.00 ms)
2026/07/26 09:23:57 [INFO] collision: TX slot collision detected between AA:BB:CC:00:00:00 and AA:BB:CC:00:00:03 (time delta: 0.00 ms)
2026/07/26 09:23:57 [INFO] collision: TX slot collision detected between AA:BB:CC:00:00:01 and AA:BB:CC:00:00:00 (time delta: 0.00 ms)
2026/07/26 09:23:57 [INFO] collision: TX slot collision detected between AA:BB:CC:00:00:01 and AA:BB:CC:00:00:03 (time delta: 0.00 ms)
2026/07/26 09:23:57 [INFO] collision: TX slot collision detected between AA:BB:CC:00:00:03 and AA:BB:CC:00:00:01 (time delta: 0.00 ms)
2026/07/26 09:23:57 [INFO] collision: TX slot collision detected between AA:BB:CC:00:00:03 and AA:BB:CC:00:00:00 (time delta: 0.00 ms)
2026/07/26 09:23:57 [INFO] collision: TX slot collision detected between AA:BB:CC:00:00:01 and AA:BB:CC:00:00:00 (time delta: 0.00 ms)
2026/07/26 09:23:57 [INFO] collision: TX slot collision detected between AA:BB:CC:00:00:01 and AA:BB:CC:00:00:03 (time delta: 0.00 ms)
2026/07/26 09:23:57 [INFO] collision: TX slot collision detected between AA:BB:CC:00:00:03 and AA:BB:CC:00:00:01 (time delta: 0.00 ms)
2026/07/26 09:23:57 [INFO] collision: TX slot collision detected between AA:BB:CC:00:00:03 and AA:BB:CC:00:00:00 (time delta: 0.00 ms)
2026/07/26 09:23:57 [INFO] collision: TX slot collision detected between AA:BB:CC:00:00:01 and AA:BB:CC:00:00:00 (time delta: 0.00 ms)
2026/07/26 09:23:57 [INFO] collision: TX slot collision detected between AA:BB:CC:00:00:01 and AA:BB:CC:00:00:00 (time delta: 0.00 ms)
2026/07/26 09:23:57 [INFO] collision: TX slot collision detected between AA:BB:CC:00:00:03 and AA:BB:CC:00:00:01 (time delta: 0.00 ms)
2026/07/26 09:23:57 [INFO] collision: TX slot collision detected between AA:BB:CC:00:00:03 and AA:BB:CC:00:00:00 (time delta: 0.00 ms)
2026/07/26 09:23:57 [INFO] collision: TX slot collision detected between AA:BB:CC:00:00:01 and AA:BB:CC:00:00:03 (time delta: 0.00 ms)
2026/07/26 09:23:57 [INFO] collision: TX slot collision detected between AA:BB:CC:00:00:01 and AA:BB:CC:00:00:00 (time delta: 0.00 ms)
2026/07/26 09:23:57 [INFO] collision: TX slot collision detected between AA:BB:CC:00:00:03 and AA:BB:CC:00:00:01 (time delta: 0.00 ms)
2026/07/26 09:23:57 [INFO] collision: TX slot collision detected between AA:BB:CC:00:00:03 and AA:BB:CC:00:00:00 (time delta: 0.00 ms)
2026/07/26 09:23:57 [INFO] collision: TX slot collision detected between AA:BB:CC:00:00:03 and AA:BB:CC:00:00:00 (time delta: 0.00 ms)
2026/07/26 09:23:57 [INFO] collision: TX slot collision detected between AA:BB:CC:00:00:03 and AA:BB:CC:00:00:01 (time delta: 0.00 ms)
2026/07/26 09:23:57 [INFO] collision: TX slot collision detected between AA:BB:CC:00:00:03 and AA:BB:CC:00:00:01 (time delta: 0.00 ms)
2026/07/26 09:23:57 [INFO] collision: TX slot collision detected between AA:BB:CC:00:00:00 and AA:BB:CC:00:00:01 (time delta: 0.00 ms)
2026/07/26 09:23:57 [INFO] collision: TX slot collision detected between AA:BB:CC:00:00:00 and AA:BB:CC:00:00:03 (time delta: 0.00 ms)
2026/07/26 09:23:57 [INFO] collision: TX slot collision detected between AA:BB:CC:00:00:01 and AA:BB:CC:00:00:00 (time delta: 0.00 ms)
2026/07/26 09:23:57 [INFO] collision: TX slot collision detected between AA:BB:CC:00:00:01 and AA:BB:CC:00:00:03 (time delta: 0.00 ms)
2026/07/26 09:23:57 [INFO] collision: TX slot collision detected between AA:BB:CC:00:00:00 and AA:BB:CC:00:00:01 (time delta: 0.00 ms)
2026/07/26 09:23:57 [INFO] collision: TX slot collision detected between AA:BB:CC:00:00:00 and AA:BB:CC:00:00:03 (time delta: 0.00 ms)
2026/07/26 09:23:57 [INFO] collision: TX slot collision detected between AA:BB:CC:00:00:01 and AA:BB:CC:00:00:00 (time delta: 0.00 ms)
2026/07/26 09:23:57 [INFO] collision: TX slot collision detected between AA:BB:CC:00:00:01 and AA:BB:CC:00:00:03 (time delta: 0.00 ms)
2026/07/26 09:23:57 [INFO] collision: TX slot collision detected between AA:BB:CC:00:00:03 and AA:BB:CC:00:00:01 (time delta: 0.00 ms)
2026/07/26 09:23:57 [INFO] collision: TX slot collision detected between AA:BB:CC:00:00:03 and AA:BB:CC:00:00:00 (time delta: 0.00 ms)
2026/07/26 09:23:57 [INFO] collision: TX slot collision detected between AA:BB:CC:00:00:00 and AA:BB:CC:00:00:01 (time delta: 0.00 ms)
2026/07/26 09:23:57 [INFO] collision: TX slot collision detected between AA:BB:CC:00:00:00 and AA:BB:CC:00:00:03 (time delta: 0.00 ms)
2026/07/26 09:23:57 [INFO] collision: TX slot collision detected between AA:BB:CC:00:00:03 and AA:BB:CC:00:00:01 (time delta: 0.00 ms)
2026/07/26 09:23:57 [INFO] collision: TX slot collision detected between AA:BB:CC:00:00:03 and AA:BB:CC:00:00:00 (time delta: 0.00 ms)
2026/07/26 09:23:57 [INFO] collision: TX slot collision detected between AA:BB:CC:00:00:01 and AA:BB:CC:00:00:00 (time delta: 0.00 ms)
2026/07/26 09:23:57 [INFO] collision: TX slot collision detected between AA:BB:CC:00:00:01 and AA:BB:CC:00:00:00 (time delta: 0.00 ms)
2026/07/26 09:23:57 [INFO] collision: TX slot collision detected between AA:BB:CC:00:00:03 and AA:BB:CC:00:00:01 (time delta: 0.00 ms)
2026/07/26 09:23:57 [INFO] collision: TX slot collision detected between AA:BB:CC:00:00:03 and AA:BB:CC:00:00:00 (time delta: 0.00 ms)
2026/07/26 09:23:57 [INFO] collision: TX slot collision detected between AA:BB:CC:00:00:01 and AA:BB:CC:00:00:00 (time delta: 0.00 ms)
2026/07/26 09:23:57 [INFO] collision: TX slot collision detected between AA:BB:CC:00:00:01 and AA:BB:CC:00:00:03 (time delta: 0.00 ms)
2026/07/26 09:23:57 [INFO] collision: TX slot collision detected between AA:BB:CC:00:00:03 and AA:BB:CC:00:00:00 (time delta: 0.00 ms)
2026/07/26 09:23:57 [INFO] collision: TX slot collision detected between AA:BB:CC:00:00:03 and AA:BB:CC:00:00:01 (time delta: 0.00 ms)
2026/07/26 09:23:57 [INFO] collision: TX slot collision detected between AA:BB:CC:00:00:03 and AA:BB:CC:00:00:01 (time delta: 0.00 ms)
2026/07/26 09:23:57 [INFO] collision: TX slot collision detected between AA:BB:CC:00:00:03 and AA:BB:CC:00:00:00 (time delta: 0.00 ms)
2026/07/26 09:23:57 [INFO] collision: TX slot collision detected between AA:BB:CC:00:00:00 and AA:BB:CC:00:00:01 (time delta: 0.00 ms)
2026/07/26 09:23:57 [INFO] collision: TX slot collision detected between AA:BB:CC:00:00:00 and AA:BB:CC:00:00:01 (time delta: 0.00 ms)
2026/07/26 09:23:57 [INFO] collision: TX slot collision detected between AA:BB:CC:00:00:01 and AA:BB:CC:00:00:00 (time delta: 0.00 ms)
2026/07/26 09:23:57 [INFO] collision: TX slot collision detected between AA:BB:CC:00:00:00 and AA:BB:CC:00:00:01 (time delta: 0.00 ms)
2026/07/26 09:23:57 [INFO] collision: TX slot collision detected between AA:BB:CC:00:00:03 and AA:BB:CC:00:00:01 (time delta: 0.00 ms)
2026/07/26 09:23:57 [INFO] collision: TX slot collision detected between AA:BB:CC:00:00:03 and AA:BB:CC:00:00:00 (time delta: 0.00 ms)
2026/07/26 09:23:57 [INFO] collision: TX slot collision detected between AA:BB:CC:00:00:01 and AA:BB:CC:00:00:00 (time delta: 0.00 ms)
2026/07/26 09:23:57 [INFO] collision: TX slot collision detected between AA:BB:CC:00:00:01 and AA:BB:CC:00:00:03 (time delta: 0.00 ms)
2026/07/26 09:23:57 [INFO] collision: TX slot collision detected between AA:BB:CC:00:00:03 and AA:BB:CC:00:00:01 (time delta: 0.00 ms)
2026/07/26 09:23:57 [INFO] collision: TX slot collision detected between AA:BB:CC:00:00:03 and AA:BB:CC:00:00:00 (time delta: 0.00 ms)
2026/07/26 09:23:57 [INFO] collision: TX slot collision detected between AA:BB:CC:00:00:03 and AA:BB:CC:00:00:00 (time delta: 0.00 ms)
2026/07/26 09:23:57 [INFO] collision: TX slot collision detected between AA:BB:CC:00:00:03 and AA:BB:CC:00:00:01 (time delta: 0.00 ms)
2026/07/26 09:23:57 [INFO] collision: TX slot collision detected between AA:BB:CC:00:00:03 and AA:BB:CC:00:00:01 (time delta: 0.00 ms)
2026/07/26 09:23:57 [INFO] collision: TX slot collision detected between AA:BB:CC:00:00:00 and AA:BB:CC:00:00:01 (time delta: 0.00 ms)
2026/07/26 09:23:57 [INFO] collision: TX slot collision detected between AA:BB:CC:00:00:00 and AA:BB:CC:00:00:03 (time delta: 0.00 ms)
2026/07/26 09:23:57 [INFO] collision: TX slot collision detected between AA:BB:CC:00:00:00 and AA:BB:CC:00:00:01 (time delta: 0.00 ms)
2026/07/26 09:23:57 [INFO] collision: TX slot collision detected between AA:BB:CC:00:00:00 and AA:BB:CC:00:00:03 (time delta: 0.00 ms)
2026/07/26 09:23:57 [INFO] collision: TX slot collision detected between AA:BB:CC:00:00:01 and AA:BB:CC:00:00:00 (time delta: 0.00 ms)
2026/07/26 09:23:57 [INFO] collision: TX slot collision detected between AA:BB:CC:00:00:01 and AA:BB:CC:00:00:03 (time delta: 0.00 ms)
2026/07/26 09:23:57 [INFO] collision: TX slot collision detected between AA:BB:CC:00:00:00 and AA:BB:CC:00:00:01 (time delta: 0.00 ms)
2026/07/26 09:23:57 [INFO] collision: TX slot collision detected between AA:BB:CC:00:00:00 and AA:BB:CC:00:00:03 (time delta: 0.00 ms)
2026/07/26 09:23:57 [INFO] collision: TX slot collision detected between AA:BB:CC:00:00:03 and AA:BB:CC:00:00:01 (time delta: 0.00 ms)
2026/07/26 09:23:57 [INFO] collision: TX slot collision detected between AA:BB:CC:00:00:03 and AA:BB:CC:00:00:00 (time delta: 0.00 ms)
2026/07/26 09:23:57 [INFO] collision: TX slot collision detected between AA:BB:CC:00:00:01 and AA:BB:CC:00:00:03 (time delta: 0.00 ms)
2026/07/26 09:23:57 [INFO] collision: TX slot collision detected between AA:BB:CC:00:00:01 and AA:BB:CC:00:00:00 (time delta: 0.00 ms)
2026/07/26 09:23:57 [INFO] collision: TX slot collision detected between AA:BB:CC:00:00:03 and AA:BB:CC:00:00:00 (time delta: 0.00 ms)
2026/07/26 09:23:57 [INFO] collision: TX slot collision detected between AA:BB:CC:00:00:03 and AA:BB:CC:00:00:01 (time delta: 0.00 ms)
2026/07/26 09:23:57 "GET http://localhost:8088/ws/dashboard HTTP/1.1" from 127.0.0.1:55808 - 000 0B in 5.062495444s
2026/07/26 09:23:57 [INFO] Dashboard client disconnected (total: 0)
2026/07/26 09:23:57 [INFO] collision: TX slot collision detected between AA:BB:CC:00:00:03 and AA:BB:CC:00:00:01 (time delta: 0.00 ms)
2026/07/26 09:23:57 [INFO] collision: TX slot collision detected between AA:BB:CC:00:00:00 and AA:BB:CC:00:00:01 (time delta: 0.00 ms)
2026/07/26 09:23:57 [INFO] collision: TX slot collision detected between AA:BB:CC:00:00:00 and AA:BB:CC:00:00:03 (time delta: 0.00 ms)
2026/07/26 09:23:57 [INFO] collision: TX slot collision detected between AA:BB:CC:00:00:00 and AA:BB:CC:00:00:03 (time delta: 0.00 ms)
2026/07/26 09:23:57 [INFO] collision: TX slot collision detected between AA:BB:CC:00:00:00 and AA:BB:CC:00:00:01 (time delta: 0.00 ms)
2026/07/26 09:23:57 [INFO] collision: TX slot collision detected between AA:BB:CC:00:00:01 and AA:BB:CC:00:00:00 (time delta: 0.00 ms)
2026/07/26 09:23:57 [INFO] collision: TX slot collision detected between AA:BB:CC:00:00:01 and AA:BB:CC:00:00:03 (time delta: 0.00 ms)
2026/07/26 09:23:57 [INFO] collision: TX slot collision detected between AA:BB:CC:00:00:01 and AA:BB:CC:00:00:00 (time delta: 0.00 ms)
2026/07/26 09:23:57 [INFO] collision: TX slot collision detected between AA:BB:CC:00:00:01 and AA:BB:CC:00:00:03 (time delta: 0.00 ms)
2026/07/26 09:23:57 [INFO] collision: TX slot collision detected between AA:BB:CC:00:00:00 and AA:BB:CC:00:00:01 (time delta: 0.00 ms)
2026/07/26 09:23:57 [INFO] collision: TX slot collision detected between AA:BB:CC:00:00:00 and AA:BB:CC:00:00:03 (time delta: 0.00 ms)
2026/07/26 09:23:57 [INFO] collision: TX slot collision detected between AA:BB:CC:00:00:03 and AA:BB:CC:00:00:01 (time delta: 0.00 ms)
2026/07/26 09:23:57 [INFO] collision: TX slot collision detected between AA:BB:CC:00:00:03 and AA:BB:CC:00:00:00 (time delta: 0.00 ms)
2026/07/26 09:23:57 [INFO] collision: TX slot collision detected between AA:BB:CC:00:00:03 and AA:BB:CC:00:00:01 (time delta: 0.00 ms)
2026/07/26 09:23:57 [INFO] collision: TX slot collision detected between AA:BB:CC:00:00:03 and AA:BB:CC:00:00:00 (time delta: 0.00 ms)
2026/07/26 09:23:57 [INFO] collision: TX slot collision detected between AA:BB:CC:00:00:03 and AA:BB:CC:00:00:01 (time delta: 0.00 ms)
2026/07/26 09:23:57 [INFO] collision: TX slot collision detected between AA:BB:CC:00:00:00 and AA:BB:CC:00:00:01 (time delta: 0.00 ms)
2026/07/26 09:23:57 [INFO] collision: TX slot collision detected between AA:BB:CC:00:00:00 and AA:BB:CC:00:00:03 (time delta: 0.00 ms)
2026/07/26 09:23:57 [INFO] collision: TX slot collision detected between AA:BB:CC:00:00:00 and AA:BB:CC:00:00:01 (time delta: 0.00 ms)
2026/07/26 09:23:57 [INFO] collision: TX slot collision detected between AA:BB:CC:00:00:00 and AA:BB:CC:00:00:03 (time delta: 0.00 ms)
2026/07/26 09:23:57 [INFO] collision: TX slot collision detected between AA:BB:CC:00:00:01 and AA:BB:CC:00:00:03 (time delta: 0.00 ms)
2026/07/26 09:23:57 [INFO] collision: TX slot collision detected between AA:BB:CC:00:00:01 and AA:BB:CC:00:00:00 (time delta: 0.00 ms)
2026/07/26 09:23:57 [INFO] collision: TX slot collision detected between AA:BB:CC:00:00:00 and AA:BB:CC:00:00:01 (time delta: 0.00 ms)
2026/07/26 09:23:57 [INFO] collision: TX slot collision detected between AA:BB:CC:00:00:00 and AA:BB:CC:00:00:03 (time delta: 0.00 ms)
2026/07/26 09:23:57 [INFO] collision: TX slot collision detected between AA:BB:CC:00:00:01 and AA:BB:CC:00:00:00 (time delta: 0.00 ms)
2026/07/26 09:23:57 [INFO] collision: TX slot collision detected between AA:BB:CC:00:00:01 and AA:BB:CC:00:00:03 (time delta: 0.00 ms)
2026/07/26 09:23:57 [INFO] collision: TX slot collision detected between AA:BB:CC:00:00:03 and AA:BB:CC:00:00:01 (time delta: 0.00 ms)
2026/07/26 09:23:57 [INFO] collision: TX slot collision detected between AA:BB:CC:00:00:03 and AA:BB:CC:00:00:00 (time delta: 0.00 ms)
2026/07/26 09:23:57 [INFO] collision: TX slot collision detected between AA:BB:CC:00:00:03 and AA:BB:CC:00:00:01 (time delta: 0.00 ms)
2026/07/26 09:23:57 [INFO] collision: TX slot collision detected between AA:BB:CC:00:00:03 and AA:BB:CC:00:00:00 (time delta: 0.00 ms)
2026/07/26 09:23:57 [INFO] Node disconnected: MAC=AA:BB:CC:00:00:03
2026/07/26 09:23:57 [INFO] Sent role=tx to node AA:BB:CC:00:00:00
2026/07/26 09:23:57 [INFO] Node disconnected: MAC=AA:BB:CC:00:00:00
2026/07/26 09:23:57 [INFO] Node disconnected: MAC=AA:BB:CC:00:00:01
2026/07/26 09:23:57 [INFO] Node disconnected: MAC=AA:BB:CC:00:00:02
2026/07/26 09:23:57 [INFO] fleet: node AA:BB:CC:00:00:03 left, rebalanced roles
2026/07/26 09:23:57 [INFO] fleet: node AA:BB:CC:00:00:02 left, rebalanced roles
2026/07/26 09:23:57 [INFO] fleet: node AA:BB:CC:00:00:00 left, rebalanced roles
2026/07/26 09:23:57 [INFO] fleet: node AA:BB:CC:00:00:01 left, rebalanced roles
2026/07/26 09:23:57 [WARN] fleet: entering degraded mode - only 1/2 nodes online
2026/07/26 09:23:57 [WARN] fleet: entering degraded mode - only 0/1 nodes online
2026/07/26 09:23:57 [WARN] fleet: coverage degraded by 23.1% (23.1% -> 0.0%) due to node AA:BB:CC:00:00:02 disconnect
2026/07/26 09:23:57 [INFO] fleet: node AA:BB:CC:00:00:02 left, reoptimised roles (coverage: 23.1% -> 0.0%)
2026/07/26 09:23:57 [DEBUG] guidedtroubleshoot: node disconnected AA:BB:CC:00:00:02
2026/07/26 09:23:57 "GET http://localhost:8088/ws/node HTTP/1.1" from 127.0.0.1:55616 - 000 0B in 11.026458256s
2026/07/26 09:23:57 [WARN] fleet: coverage degraded by 23.1% (23.1% -> 0.0%) due to node AA:BB:CC:00:00:03 disconnect
2026/07/26 09:23:57 [WARN] fleet: coverage degraded by 23.1% (23.1% -> 0.0%) due to node AA:BB:CC:00:00:00 disconnect
2026/07/26 09:23:57 [WARN] fleet: coverage degraded by 23.1% (23.1% -> 0.0%) due to node AA:BB:CC:00:00:01 disconnect
2026/07/26 09:23:57 [INFO] Received signal interrupt, initiating graceful shutdown
2026/07/26 09:23:57 [INFO] [SHUTDOWN] Initiating graceful shutdown sequence (30s deadline)
2026/07/26 09:23:57 [INFO] [SHUTDOWN] Step 1/10 — Setting ingestion server to shutting down (HTTP 503 for new connections)
2026/07/26 09:23:57 [INFO] Ingestion server set to shutting down (HTTP 503 for new connections)
2026/07/26 09:23:57 [INFO] [SHUTDOWN] Step 1/10 completed in 7.169µs
2026/07/26 09:23:57 [INFO] [SHUTDOWN] Step 2/10 — Broadcasting shutdown message to dashboard clients
2026/07/26 09:23:57 [INFO] Shutdown message broadcast to dashboard clients
2026/07/26 09:23:57 [INFO] [SHUTDOWN] Step 2/10 completed in 82.565µs
2026/07/26 09:23:57 [INFO] [SHUTDOWN] Step 3/10 — Canceling fusion loop context
2026/07/26 09:23:57 [INFO] [SHUTDOWN] Step 3/10 completed in 99.792µs
2026/07/26 09:23:57 [INFO] [SHUTDOWN] Step 4/10 — Draining signal processing pipeline (max 2s)
2026/07/26 09:23:57 [INFO] diagnostics: engine stopped
2026/07/26 09:23:57 [INFO] guidedtroubleshoot: manager stopped
2026/07/26 09:23:57 [INFO] fleet: node AA:BB:CC:00:00:00 left, reoptimised roles (coverage: 23.1% -> 0.0%)
2026/07/26 09:23:57 [DEBUG] guidedtroubleshoot: node disconnected AA:BB:CC:00:00:00
2026/07/26 09:23:57 "GET http://localhost:8088/ws/node HTTP/1.1" from 127.0.0.1:55584 - 000 0B in 11.053241138s
2026/07/26 09:23:57 [INFO] Saved spatial weights on shutdown
2026/07/26 09:23:57 [INFO] Saved learned weights on shutdown
2026/07/26 09:23:57 [INFO] fleet: node AA:BB:CC:00:00:03 left, reoptimised roles (coverage: 23.1% -> 0.0%)
2026/07/26 09:23:57 [DEBUG] guidedtroubleshoot: node disconnected AA:BB:CC:00:00:03
2026/07/26 09:23:57 "GET http://localhost:8088/ws/node HTTP/1.1" from 127.0.0.1:55624 - 000 0B in 11.031416369s
2026/07/26 09:23:57 [INFO] fleet: node AA:BB:CC:00:00:01 left, reoptimised roles (coverage: 23.1% -> 0.0%)
2026/07/26 09:23:57 [DEBUG] guidedtroubleshoot: node disconnected AA:BB:CC:00:00:01
2026/07/26 09:23:57 "GET http://localhost:8088/ws/node HTTP/1.1" from 127.0.0.1:55602 - 000 0B in 11.044722452s
