{"ID":9,"X":4.7,"Y":0.30000000000000004,"Z":1.9000000000000001,"VX":0,"VY":0,"VZ":0,"Weight":0.9999999999999999,"identityResolved":false}