[2026-08-30T08:39:34-04:00] === Bead state consistency check started ===
[2026-08-30T08:39:34-04:00] Checking for assigned-but-open beads (status=open with assignee)...
[2026-08-30T08:39:58-04:00] === Bead state consistency check started ===
[2026-08-30T08:39:58-04:00] Checking for assigned-but-open beads (status=open with assignee)...
[2026-08-30T08:40:37-04:00] === Bead state consistency check started ===
[2026-08-30T08:40:37-04:00] Checking for assigned-but-open beads (status=open with assignee)...
[2026-08-30T08:40:37-04:00] No assigned-but-open beads found
[2026-08-30T08:40:37-04:00] Checking for orphaned in-progress beads (status=in_progress without assignee)...
[2026-08-30T08:41:44-04:00] === Bead state consistency check started ===
[2026-08-30T08:41:44-04:00] Checking for assigned-but-open beads (status=open with assignee)...
[2026-08-30T08:41:44-04:00] No assigned-but-open beads found
[2026-08-30T08:41:44-04:00] Checking for orphaned in-progress beads (status=in_progress without assignee)...
[2026-08-30T08:41:44-04:00] No orphaned in-progress beads found
[2026-08-30T08:41:44-04:00] Checking for stale dependency blocks...
[2026-08-30T08:41:46-04:00] No stale dependency blocks found
[2026-08-30T08:41:46-04:00] === Bead state consistency check completed ===
[2026-08-30T08:47:04-04:00] === Bead state consistency check started ===
[2026-08-30T08:47:04-04:00] Checking for assigned-but-open beads (status=open with assignee)...
[2026-08-30T08:47:04-04:00] Checking for orphaned in-progress beads (status=in_progress without assignee)...
[2026-08-30T08:47:04-04:00] Checking for stale dependency blocks...
[2026-08-30T08:47:04-04:00] === Bead state consistency check completed ===
[2026-08-30T08:47:33-04:00] === Bead state consistency check started ===
[2026-08-30T08:47:33-04:00] Checking for assigned-but-open beads (status=open with assignee)...
[2026-08-30T08:47:33-04:00] No assigned-but-open beads found
[2026-08-30T08:47:33-04:00] Checking for orphaned in-progress beads (status=in_progress without assignee)...
[2026-08-30T08:49:30-04:00] === Bead state consistency check started ===
[2026-08-30T08:49:30-04:00] Checking for assigned-but-open beads (status=open with assignee)...
[2026-08-30T08:49:31-04:00] No assigned-but-open beads found
[2026-08-30T08:49:31-04:00] Checking for orphaned in-progress beads (status=in_progress without assignee)...
[2026-08-30T08:50:48-04:00] === Bead state consistency check started ===
[2026-08-30T08:50:48-04:00] Checking for assigned-but-open beads (status=open with assignee)...
[2026-08-30T08:50:49-04:00] No assigned-but-open beads found
[2026-08-30T08:50:49-04:00] Checking for orphaned in-progress beads (status=in_progress without assignee)...
[2026-08-30T08:51:56-04:00] === Bead state consistency check started ===
[2026-08-30T08:51:56-04:00] Checking for assigned-but-open beads (status=open with assignee)...
[2026-08-30T08:51:56-04:00] No assigned-but-open beads found
[2026-08-30T08:51:56-04:00] Checking for orphaned in-progress beads (status=in_progress without assignee)...
[2026-08-30T08:51:56-04:00] No in-progress beads found
[2026-08-30T08:51:56-04:00] Checking for stale dependency blocks...
[2026-08-30T08:51:58-04:00] No stale dependency blocks found
[2026-08-30T08:51:58-04:00] === Bead state consistency check completed ===
[2026-08-30T09:02:04-04:00] === Bead state consistency check started ===
[2026-08-30T09:02:04-04:00] Checking for assigned-but-open beads (status=open with assignee)...
[2026-08-30T09:02:04-04:00] Checking for orphaned in-progress beads (status=in_progress without assignee)...
[2026-08-30T09:02:04-04:00] Checking for stale dependency blocks...
[2026-08-30T09:02:04-04:00] === Bead state consistency check completed ===
[2026-08-30T09:17:04-04:00] === Bead state consistency check started ===
[2026-08-30T09:17:04-04:00] Checking for assigned-but-open beads (status=open with assignee)...
[2026-08-30T09:17:04-04:00] Checking for orphaned in-progress beads (status=in_progress without assignee)...
[2026-08-30T09:17:04-04:00] Checking for stale dependency blocks...
[2026-08-30T09:17:04-04:00] === Bead state consistency check completed ===
[2026-08-30T09:32:04-04:00] === Bead state consistency check started ===
[2026-08-30T09:32:04-04:00] Checking for assigned-but-open beads (status=open with assignee)...
[2026-08-30T09:32:04-04:00] Checking for orphaned in-progress beads (status=in_progress without assignee)...
[2026-08-30T09:32:04-04:00] Checking for stale dependency blocks...
[2026-08-30T09:32:04-04:00] === Bead state consistency check completed ===
[2026-08-30T09:47:05-04:00] === Bead state consistency check started ===
[2026-08-30T09:47:05-04:00] Checking for assigned-but-open beads (status=open with assignee)...
[2026-08-30T09:47:05-04:00] Checking for orphaned in-progress beads (status=in_progress without assignee)...
[2026-08-30T09:47:05-04:00] Checking for stale dependency blocks...
[2026-08-30T09:47:05-04:00] === Bead state consistency check completed ===
[2026-08-30T10:02:05-04:00] === Bead state consistency check started ===
[2026-08-30T10:02:05-04:00] Checking for assigned-but-open beads (status=open with assignee)...
[2026-08-30T10:02:05-04:00] Checking for orphaned in-progress beads (status=in_progress without assignee)...
[2026-08-30T10:02:05-04:00] Checking for stale dependency blocks...
[2026-08-30T10:02:05-04:00] === Bead state consistency check completed ===
[2026-08-30T10:17:06-04:00] === Bead state consistency check started ===
[2026-08-30T10:17:06-04:00] Checking for assigned-but-open beads (status=open with assignee)...
[2026-08-30T10:17:06-04:00] Checking for orphaned in-progress beads (status=in_progress without assignee)...
[2026-08-30T10:17:06-04:00] Checking for stale dependency blocks...
[2026-08-30T10:17:06-04:00] === Bead state consistency check completed ===
[2026-08-30T10:32:07-04:00] === Bead state consistency check started ===
[2026-08-30T10:32:07-04:00] Checking for assigned-but-open beads (status=open with assignee)...
[2026-08-30T10:32:07-04:00] Checking for orphaned in-progress beads (status=in_progress without assignee)...
[2026-08-30T10:32:07-04:00] Checking for stale dependency blocks...
[2026-08-30T10:32:07-04:00] === Bead state consistency check completed ===
[2026-08-30T10:47:08-04:00] === Bead state consistency check started ===
[2026-08-30T10:47:08-04:00] Checking for assigned-but-open beads (status=open with assignee)...
[2026-08-30T10:47:08-04:00] Checking for orphaned in-progress beads (status=in_progress without assignee)...
[2026-08-30T10:47:08-04:00] Checking for stale dependency blocks...
[2026-08-30T10:47:08-04:00] === Bead state consistency check completed ===
[2026-08-30T11:02:08-04:00] === Bead state consistency check started ===
[2026-08-30T11:02:08-04:00] Checking for assigned-but-open beads (status=open with assignee)...
[2026-08-30T11:02:08-04:00] Checking for orphaned in-progress beads (status=in_progress without assignee)...
[2026-08-30T11:02:08-04:00] Checking for stale dependency blocks...
[2026-08-30T11:02:08-04:00] === Bead state consistency check completed ===
[2026-08-30T11:17:08-04:00] === Bead state consistency check started ===
[2026-08-30T11:17:08-04:00] Checking for assigned-but-open beads (status=open with assignee)...
[2026-08-30T11:17:08-04:00] Checking for orphaned in-progress beads (status=in_progress without assignee)...
[2026-08-30T11:17:08-04:00] Checking for stale dependency blocks...
[2026-08-30T11:17:08-04:00] === Bead state consistency check completed ===
[2026-08-30T11:32:09-04:00] === Bead state consistency check started ===
[2026-08-30T11:32:09-04:00] Checking for assigned-but-open beads (status=open with assignee)...
[2026-08-30T11:32:09-04:00] Checking for orphaned in-progress beads (status=in_progress without assignee)...
[2026-08-30T11:32:09-04:00] Checking for stale dependency blocks...
[2026-08-30T11:32:09-04:00] === Bead state consistency check completed ===
[2026-08-30T11:47:09-04:00] === Bead state consistency check started ===
[2026-08-30T11:47:09-04:00] Checking for assigned-but-open beads (status=open with assignee)...
[2026-08-30T11:47:09-04:00] Checking for orphaned in-progress beads (status=in_progress without assignee)...
[2026-08-30T11:47:09-04:00] Checking for stale dependency blocks...
[2026-08-30T11:47:09-04:00] === Bead state consistency check completed ===
[2026-08-30T12:02:09-04:00] === Bead state consistency check started ===
[2026-08-30T12:02:09-04:00] Checking for assigned-but-open beads (status=open with assignee)...
[2026-08-30T12:02:09-04:00] Checking for orphaned in-progress beads (status=in_progress without assignee)...
[2026-08-30T12:02:09-04:00] Checking for stale dependency blocks...
[2026-08-30T12:02:10-04:00] === Bead state consistency check completed ===
[2026-08-30T12:17:10-04:00] === Bead state consistency check started ===
[2026-08-30T12:17:10-04:00] Checking for assigned-but-open beads (status=open with assignee)...
[2026-08-30T12:17:10-04:00] Checking for orphaned in-progress beads (status=in_progress without assignee)...
[2026-08-30T12:17:10-04:00] Checking for stale dependency blocks...
[2026-08-30T12:17:10-04:00] === Bead state consistency check completed ===
[2026-08-30T12:32:11-04:00] === Bead state consistency check started ===
[2026-08-30T12:32:11-04:00] Checking for assigned-but-open beads (status=open with assignee)...
[2026-08-30T12:32:11-04:00] Checking for orphaned in-progress beads (status=in_progress without assignee)...
[2026-08-30T12:32:11-04:00] Checking for stale dependency blocks...
[2026-08-30T12:32:11-04:00] === Bead state consistency check completed ===
[2026-08-30T12:47:12-04:00] === Bead state consistency check started ===
[2026-08-30T12:47:12-04:00] Checking for assigned-but-open beads (status=open with assignee)...
[2026-08-30T12:47:12-04:00] Checking for orphaned in-progress beads (status=in_progress without assignee)...
[2026-08-30T12:47:12-04:00] Checking for stale dependency blocks...
[2026-08-30T12:47:12-04:00] === Bead state consistency check completed ===
[2026-08-30T13:02:13-04:00] === Bead state consistency check started ===
[2026-08-30T13:02:13-04:00] Checking for assigned-but-open beads (status=open with assignee)...
[2026-08-30T13:02:13-04:00] Checking for orphaned in-progress beads (status=in_progress without assignee)...
[2026-08-30T13:02:13-04:00] Checking for stale dependency blocks...
[2026-08-30T13:02:13-04:00] === Bead state consistency check completed ===
[2026-08-30T13:17:14-04:00] === Bead state consistency check started ===
[2026-08-30T13:17:14-04:00] Checking for assigned-but-open beads (status=open with assignee)...
[2026-08-30T13:17:14-04:00] Checking for orphaned in-progress beads (status=in_progress without assignee)...
[2026-08-30T13:17:14-04:00] Checking for stale dependency blocks...
[2026-08-30T13:17:14-04:00] === Bead state consistency check completed ===
[2026-08-30T13:32:14-04:00] === Bead state consistency check started ===
[2026-08-30T13:32:14-04:00] Checking for assigned-but-open beads (status=open with assignee)...
[2026-08-30T13:32:14-04:00] Checking for orphaned in-progress beads (status=in_progress without assignee)...
[2026-08-30T13:32:14-04:00] Checking for stale dependency blocks...
[2026-08-30T13:32:14-04:00] === Bead state consistency check completed ===
[2026-08-30T13:47:14-04:00] === Bead state consistency check started ===
[2026-08-30T13:47:14-04:00] Checking for assigned-but-open beads (status=open with assignee)...
[2026-08-30T13:47:14-04:00] Checking for orphaned in-progress beads (status=in_progress without assignee)...
[2026-08-30T13:47:14-04:00] Checking for stale dependency blocks...
[2026-08-30T13:47:14-04:00] === Bead state consistency check completed ===
[2026-08-30T14:02:15-04:00] === Bead state consistency check started ===
[2026-08-30T14:02:15-04:00] Checking for assigned-but-open beads (status=open with assignee)...
[2026-08-30T14:02:15-04:00] Checking for orphaned in-progress beads (status=in_progress without assignee)...
[2026-08-30T14:02:15-04:00] Checking for stale dependency blocks...
[2026-08-30T14:02:15-04:00] === Bead state consistency check completed ===
[2026-08-30T14:17:15-04:00] === Bead state consistency check started ===
[2026-08-30T14:17:15-04:00] Checking for assigned-but-open beads (status=open with assignee)...
[2026-08-30T14:17:15-04:00] Checking for orphaned in-progress beads (status=in_progress without assignee)...
[2026-08-30T14:17:15-04:00] Checking for stale dependency blocks...
[2026-08-30T14:17:15-04:00] === Bead state consistency check completed ===
[2026-08-30T14:32:16-04:00] === Bead state consistency check started ===
[2026-08-30T14:32:16-04:00] Checking for assigned-but-open beads (status=open with assignee)...
[2026-08-30T14:32:16-04:00] Checking for orphaned in-progress beads (status=in_progress without assignee)...
[2026-08-30T14:32:16-04:00] Checking for stale dependency blocks...
[2026-08-30T14:32:16-04:00] === Bead state consistency check completed ===
[2026-08-30T14:47:16-04:00] === Bead state consistency check started ===
[2026-08-30T14:47:16-04:00] Checking for assigned-but-open beads (status=open with assignee)...
[2026-08-30T14:47:16-04:00] Checking for orphaned in-progress beads (status=in_progress without assignee)...
[2026-08-30T14:47:16-04:00] Checking for stale dependency blocks...
[2026-08-30T14:47:16-04:00] === Bead state consistency check completed ===
[2026-08-30T15:02:17-04:00] === Bead state consistency check started ===
[2026-08-30T15:02:17-04:00] Checking for assigned-but-open beads (status=open with assignee)...
[2026-08-30T15:02:17-04:00] Checking for orphaned in-progress beads (status=in_progress without assignee)...
[2026-08-30T15:02:17-04:00] Checking for stale dependency blocks...
[2026-08-30T15:02:17-04:00] === Bead state consistency check completed ===
[2026-08-30T15:17:17-04:00] === Bead state consistency check started ===
[2026-08-30T15:17:17-04:00] Checking for assigned-but-open beads (status=open with assignee)...
[2026-08-30T15:17:17-04:00] Checking for orphaned in-progress beads (status=in_progress without assignee)...
[2026-08-30T15:17:17-04:00] Checking for stale dependency blocks...
[2026-08-30T15:17:17-04:00] === Bead state consistency check completed ===
[2026-08-30T15:32:17-04:00] === Bead state consistency check started ===
[2026-08-30T15:32:18-04:00] Checking for assigned-but-open beads (status=open with assignee)...
[2026-08-30T15:32:18-04:00] Checking for orphaned in-progress beads (status=in_progress without assignee)...
[2026-08-30T15:32:18-04:00] Checking for stale dependency blocks...
[2026-08-30T15:32:18-04:00] === Bead state consistency check completed ===
[2026-08-30T15:47:18-04:00] === Bead state consistency check started ===
[2026-08-30T15:47:18-04:00] Checking for assigned-but-open beads (status=open with assignee)...
[2026-08-30T15:47:18-04:00] Checking for orphaned in-progress beads (status=in_progress without assignee)...
[2026-08-30T15:47:18-04:00] Checking for stale dependency blocks...
[2026-08-30T15:47:18-04:00] === Bead state consistency check completed ===
[2026-08-30T16:02:18-04:00] === Bead state consistency check started ===
[2026-08-30T16:02:18-04:00] Checking for assigned-but-open beads (status=open with assignee)...
[2026-08-30T16:02:18-04:00] Checking for orphaned in-progress beads (status=in_progress without assignee)...
[2026-08-30T16:02:18-04:00] Checking for stale dependency blocks...
[2026-08-30T16:02:18-04:00] === Bead state consistency check completed ===
[2026-08-30T16:17:19-04:00] === Bead state consistency check started ===
[2026-08-30T16:17:19-04:00] Checking for assigned-but-open beads (status=open with assignee)...
[2026-08-30T16:17:19-04:00] Checking for orphaned in-progress beads (status=in_progress without assignee)...
[2026-08-30T16:17:19-04:00] Checking for stale dependency blocks...
[2026-08-30T16:17:19-04:00] === Bead state consistency check completed ===
[2026-08-30T16:32:20-04:00] === Bead state consistency check started ===
[2026-08-30T16:32:20-04:00] Checking for assigned-but-open beads (status=open with assignee)...
[2026-08-30T16:32:20-04:00] Checking for orphaned in-progress beads (status=in_progress without assignee)...
[2026-08-30T16:32:20-04:00] Checking for stale dependency blocks...
[2026-08-30T16:32:20-04:00] === Bead state consistency check completed ===
[2026-08-30T16:47:21-04:00] === Bead state consistency check started ===
[2026-08-30T16:47:21-04:00] Checking for assigned-but-open beads (status=open with assignee)...
[2026-08-30T16:47:21-04:00] Checking for orphaned in-progress beads (status=in_progress without assignee)...
[2026-08-30T16:47:21-04:00] Checking for stale dependency blocks...
[2026-08-30T16:47:21-04:00] === Bead state consistency check completed ===
[2026-08-30T17:02:21-04:00] === Bead state consistency check started ===
[2026-08-30T17:02:21-04:00] Checking for assigned-but-open beads (status=open with assignee)...
[2026-08-30T17:02:21-04:00] Checking for orphaned in-progress beads (status=in_progress without assignee)...
[2026-08-30T17:02:21-04:00] Checking for stale dependency blocks...
[2026-08-30T17:02:21-04:00] === Bead state consistency check completed ===
[2026-08-30T17:17:22-04:00] === Bead state consistency check started ===
[2026-08-30T17:17:22-04:00] Checking for assigned-but-open beads (status=open with assignee)...
[2026-08-30T17:17:22-04:00] Checking for orphaned in-progress beads (status=in_progress without assignee)...
[2026-08-30T17:17:22-04:00] Checking for stale dependency blocks...
[2026-08-30T17:17:22-04:00] === Bead state consistency check completed ===
[2026-08-30T17:32:23-04:00] === Bead state consistency check started ===
[2026-08-30T17:32:23-04:00] Checking for assigned-but-open beads (status=open with assignee)...
[2026-08-30T17:32:23-04:00] Checking for orphaned in-progress beads (status=in_progress without assignee)...
[2026-08-30T17:32:23-04:00] Checking for stale dependency blocks...
[2026-08-30T17:32:23-04:00] === Bead state consistency check completed ===
[2026-08-30T17:47:24-04:00] === Bead state consistency check started ===
[2026-08-30T17:47:24-04:00] Checking for assigned-but-open beads (status=open with assignee)...
[2026-08-30T17:47:24-04:00] Checking for orphaned in-progress beads (status=in_progress without assignee)...
[2026-08-30T17:47:24-04:00] Checking for stale dependency blocks...
[2026-08-30T17:47:24-04:00] === Bead state consistency check completed ===
[2026-08-30T18:02:25-04:00] === Bead state consistency check started ===
[2026-08-30T18:02:25-04:00] Checking for assigned-but-open beads (status=open with assignee)...
[2026-08-30T18:02:25-04:00] Checking for orphaned in-progress beads (status=in_progress without assignee)...
[2026-08-30T18:02:25-04:00] Checking for stale dependency blocks...
[2026-08-30T18:02:25-04:00] === Bead state consistency check completed ===
[2026-08-30T18:17:25-04:00] === Bead state consistency check started ===
[2026-08-30T18:17:25-04:00] Checking for assigned-but-open beads (status=open with assignee)...
[2026-08-30T18:17:25-04:00] Checking for orphaned in-progress beads (status=in_progress without assignee)...
[2026-08-30T18:17:25-04:00] Checking for stale dependency blocks...
[2026-08-30T18:17:25-04:00] === Bead state consistency check completed ===
[2026-08-30T18:32:26-04:00] === Bead state consistency check started ===
[2026-08-30T18:32:26-04:00] Checking for assigned-but-open beads (status=open with assignee)...
[2026-08-30T18:32:26-04:00] Checking for orphaned in-progress beads (status=in_progress without assignee)...
[2026-08-30T18:32:26-04:00] Checking for stale dependency blocks...
[2026-08-30T18:32:26-04:00] === Bead state consistency check completed ===
[2026-08-30T18:47:27-04:00] === Bead state consistency check started ===
[2026-08-30T18:47:27-04:00] Checking for assigned-but-open beads (status=open with assignee)...
[2026-08-30T18:47:27-04:00] Checking for orphaned in-progress beads (status=in_progress without assignee)...
[2026-08-30T18:47:27-04:00] Checking for stale dependency blocks...
[2026-08-30T18:47:27-04:00] === Bead state consistency check completed ===
[2026-08-30T19:02:27-04:00] === Bead state consistency check started ===
[2026-08-30T19:02:27-04:00] Checking for assigned-but-open beads (status=open with assignee)...
[2026-08-30T19:02:27-04:00] Checking for orphaned in-progress beads (status=in_progress without assignee)...
[2026-08-30T19:02:27-04:00] Checking for stale dependency blocks...
[2026-08-30T19:02:27-04:00] === Bead state consistency check completed ===
[2026-08-30T19:17:28-04:00] === Bead state consistency check started ===
[2026-08-30T19:17:28-04:00] Checking for assigned-but-open beads (status=open with assignee)...
[2026-08-30T19:17:28-04:00] Checking for orphaned in-progress beads (status=in_progress without assignee)...
[2026-08-30T19:17:28-04:00] Checking for stale dependency blocks...
[2026-08-30T19:17:28-04:00] === Bead state consistency check completed ===
[2026-08-30T19:32:29-04:00] === Bead state consistency check started ===
[2026-08-30T19:32:29-04:00] Checking for assigned-but-open beads (status=open with assignee)...
[2026-08-30T19:32:29-04:00] Checking for orphaned in-progress beads (status=in_progress without assignee)...
[2026-08-30T19:32:29-04:00] Checking for stale dependency blocks...
[2026-08-30T19:32:29-04:00] === Bead state consistency check completed ===
[2026-08-30T19:47:30-04:00] === Bead state consistency check started ===
[2026-08-30T19:47:30-04:00] Checking for assigned-but-open beads (status=open with assignee)...
[2026-08-30T19:47:30-04:00] Checking for orphaned in-progress beads (status=in_progress without assignee)...
[2026-08-30T19:47:30-04:00] Checking for stale dependency blocks...
[2026-08-30T19:47:30-04:00] === Bead state consistency check completed ===
[2026-08-30T20:02:31-04:00] === Bead state consistency check started ===
[2026-08-30T20:02:31-04:00] Checking for assigned-but-open beads (status=open with assignee)...
[2026-08-30T20:02:31-04:00] Checking for orphaned in-progress beads (status=in_progress without assignee)...
[2026-08-30T20:02:31-04:00] Checking for stale dependency blocks...
[2026-08-30T20:02:31-04:00] === Bead state consistency check completed ===
[2026-08-30T20:17:31-04:00] === Bead state consistency check started ===
[2026-08-30T20:17:31-04:00] Checking for assigned-but-open beads (status=open with assignee)...
[2026-08-30T20:17:31-04:00] Checking for orphaned in-progress beads (status=in_progress without assignee)...
[2026-08-30T20:17:31-04:00] Checking for stale dependency blocks...
[2026-08-30T20:17:31-04:00] === Bead state consistency check completed ===
[2026-08-30T20:32:31-04:00] === Bead state consistency check started ===
[2026-08-30T20:32:31-04:00] Checking for assigned-but-open beads (status=open with assignee)...
[2026-08-30T20:32:31-04:00] Checking for orphaned in-progress beads (status=in_progress without assignee)...
[2026-08-30T20:32:31-04:00] Checking for stale dependency blocks...
[2026-08-30T20:32:31-04:00] === Bead state consistency check completed ===
[2026-08-30T20:47:32-04:00] === Bead state consistency check started ===
[2026-08-30T20:47:32-04:00] Checking for assigned-but-open beads (status=open with assignee)...
[2026-08-30T20:47:32-04:00] Checking for orphaned in-progress beads (status=in_progress without assignee)...
[2026-08-30T20:47:32-04:00] Checking for stale dependency blocks...
[2026-08-30T20:47:32-04:00] === Bead state consistency check completed ===
[2026-08-30T21:02:33-04:00] === Bead state consistency check started ===
[2026-08-30T21:02:33-04:00] Checking for assigned-but-open beads (status=open with assignee)...
[2026-08-30T21:02:33-04:00] Checking for orphaned in-progress beads (status=in_progress without assignee)...
[2026-08-30T21:02:33-04:00] Checking for stale dependency blocks...
[2026-08-30T21:02:33-04:00] === Bead state consistency check completed ===
[2026-08-30T21:17:34-04:00] === Bead state consistency check started ===
[2026-08-30T21:17:34-04:00] Checking for assigned-but-open beads (status=open with assignee)...
[2026-08-30T21:17:34-04:00] Checking for orphaned in-progress beads (status=in_progress without assignee)...
[2026-08-30T21:17:34-04:00] Checking for stale dependency blocks...
[2026-08-30T21:17:34-04:00] === Bead state consistency check completed ===
[2026-08-30T21:32:34-04:00] === Bead state consistency check started ===
[2026-08-30T21:32:34-04:00] Checking for assigned-but-open beads (status=open with assignee)...
[2026-08-30T21:32:34-04:00] Checking for orphaned in-progress beads (status=in_progress without assignee)...
[2026-08-30T21:32:34-04:00] Checking for stale dependency blocks...
[2026-08-30T21:32:34-04:00] === Bead state consistency check completed ===
[2026-08-30T21:47:34-04:00] === Bead state consistency check started ===
[2026-08-30T21:47:34-04:00] Checking for assigned-but-open beads (status=open with assignee)...
[2026-08-30T21:47:34-04:00] Checking for orphaned in-progress beads (status=in_progress without assignee)...
[2026-08-30T21:47:34-04:00] Checking for stale dependency blocks...
[2026-08-30T21:47:34-04:00] === Bead state consistency check completed ===
[2026-08-30T22:02:35-04:00] === Bead state consistency check started ===
[2026-08-30T22:02:35-04:00] Checking for assigned-but-open beads (status=open with assignee)...
[2026-08-30T22:02:35-04:00] Checking for orphaned in-progress beads (status=in_progress without assignee)...
[2026-08-30T22:02:35-04:00] Checking for stale dependency blocks...
[2026-08-30T22:02:35-04:00] === Bead state consistency check completed ===
[2026-08-30T22:17:36-04:00] === Bead state consistency check started ===
[2026-08-30T22:17:36-04:00] Checking for assigned-but-open beads (status=open with assignee)...
[2026-08-30T22:17:36-04:00] Checking for orphaned in-progress beads (status=in_progress without assignee)...
[2026-08-30T22:17:36-04:00] Checking for stale dependency blocks...
[2026-08-30T22:17:36-04:00] === Bead state consistency check completed ===
[2026-08-30T22:32:37-04:00] === Bead state consistency check started ===
[2026-08-30T22:32:37-04:00] Checking for assigned-but-open beads (status=open with assignee)...
[2026-08-30T22:32:37-04:00] Checking for orphaned in-progress beads (status=in_progress without assignee)...
[2026-08-30T22:32:37-04:00] Checking for stale dependency blocks...
[2026-08-30T22:32:37-04:00] === Bead state consistency check completed ===
[2026-08-30T22:47:38-04:00] === Bead state consistency check started ===
[2026-08-30T22:47:38-04:00] Checking for assigned-but-open beads (status=open with assignee)...
[2026-08-30T22:47:38-04:00] Checking for orphaned in-progress beads (status=in_progress without assignee)...
[2026-08-30T22:47:38-04:00] Checking for stale dependency blocks...
[2026-08-30T22:47:38-04:00] === Bead state consistency check completed ===
[2026-08-30T23:02:39-04:00] === Bead state consistency check started ===
[2026-08-30T23:02:39-04:00] Checking for assigned-but-open beads (status=open with assignee)...
[2026-08-30T23:02:39-04:00] Checking for orphaned in-progress beads (status=in_progress without assignee)...
[2026-08-30T23:02:39-04:00] Checking for stale dependency blocks...
[2026-08-30T23:02:39-04:00] === Bead state consistency check completed ===
[2026-08-30T23:17:39-04:00] === Bead state consistency check started ===
[2026-08-30T23:17:39-04:00] Checking for assigned-but-open beads (status=open with assignee)...
[2026-08-30T23:17:39-04:00] Checking for orphaned in-progress beads (status=in_progress without assignee)...
[2026-08-30T23:17:39-04:00] Checking for stale dependency blocks...
[2026-08-30T23:17:39-04:00] === Bead state consistency check completed ===
[2026-08-30T23:32:39-04:00] === Bead state consistency check started ===
[2026-08-30T23:32:39-04:00] Checking for assigned-but-open beads (status=open with assignee)...
[2026-08-30T23:32:39-04:00] Checking for orphaned in-progress beads (status=in_progress without assignee)...
[2026-08-30T23:32:39-04:00] Checking for stale dependency blocks...
[2026-08-30T23:32:39-04:00] === Bead state consistency check completed ===
[2026-08-30T23:47:40-04:00] === Bead state consistency check started ===
[2026-08-30T23:47:40-04:00] Checking for assigned-but-open beads (status=open with assignee)...
[2026-08-30T23:47:40-04:00] Checking for orphaned in-progress beads (status=in_progress without assignee)...
[2026-08-30T23:47:40-04:00] Checking for stale dependency blocks...
[2026-08-30T23:47:40-04:00] === Bead state consistency check completed ===
[2026-08-31T00:02:40-04:00] === Bead state consistency check started ===
[2026-08-31T00:02:40-04:00] Checking for assigned-but-open beads (status=open with assignee)...
[2026-08-31T00:02:40-04:00] Checking for orphaned in-progress beads (status=in_progress without assignee)...
[2026-08-31T00:02:40-04:00] Checking for stale dependency blocks...
[2026-08-31T00:02:40-04:00] === Bead state consistency check completed ===
[2026-08-31T00:17:40-04:00] === Bead state consistency check started ===
[2026-08-31T00:17:40-04:00] Checking for assigned-but-open beads (status=open with assignee)...
[2026-08-31T00:17:40-04:00] Checking for orphaned in-progress beads (status=in_progress without assignee)...
[2026-08-31T00:17:40-04:00] Checking for stale dependency blocks...
[2026-08-31T00:17:40-04:00] === Bead state consistency check completed ===
[2026-08-31T00:32:41-04:00] === Bead state consistency check started ===
[2026-08-31T00:32:41-04:00] Checking for assigned-but-open beads (status=open with assignee)...
[2026-08-31T00:32:41-04:00] Checking for orphaned in-progress beads (status=in_progress without assignee)...
[2026-08-31T00:32:41-04:00] Checking for stale dependency blocks...
[2026-08-31T00:32:41-04:00] === Bead state consistency check completed ===
[2026-08-31T00:47:41-04:00] === Bead state consistency check started ===
[2026-08-31T00:47:41-04:00] Checking for assigned-but-open beads (status=open with assignee)...
[2026-08-31T00:47:41-04:00] Checking for orphaned in-progress beads (status=in_progress without assignee)...
[2026-08-31T00:47:41-04:00] Checking for stale dependency blocks...
[2026-08-31T00:47:41-04:00] === Bead state consistency check completed ===
[2026-08-31T01:02:42-04:00] === Bead state consistency check started ===
[2026-08-31T01:02:42-04:00] Checking for assigned-but-open beads (status=open with assignee)...
[2026-08-31T01:02:42-04:00] Checking for orphaned in-progress beads (status=in_progress without assignee)...
[2026-08-31T01:02:42-04:00] Checking for stale dependency blocks...
[2026-08-31T01:02:42-04:00] === Bead state consistency check completed ===
[2026-08-31T01:17:42-04:00] === Bead state consistency check started ===
[2026-08-31T01:17:42-04:00] Checking for assigned-but-open beads (status=open with assignee)...
[2026-08-31T01:17:42-04:00] Checking for orphaned in-progress beads (status=in_progress without assignee)...
[2026-08-31T01:17:42-04:00] Checking for stale dependency blocks...
[2026-08-31T01:17:42-04:00] === Bead state consistency check completed ===
[2026-08-31T01:32:43-04:00] === Bead state consistency check started ===
[2026-08-31T01:32:43-04:00] Checking for assigned-but-open beads (status=open with assignee)...
[2026-08-31T01:32:43-04:00] Checking for orphaned in-progress beads (status=in_progress without assignee)...
[2026-08-31T01:32:43-04:00] Checking for stale dependency blocks...
[2026-08-31T01:32:43-04:00] === Bead state consistency check completed ===
[2026-08-31T01:47:44-04:00] === Bead state consistency check started ===
[2026-08-31T01:47:44-04:00] Checking for assigned-but-open beads (status=open with assignee)...
[2026-08-31T01:47:44-04:00] Checking for orphaned in-progress beads (status=in_progress without assignee)...
[2026-08-31T01:47:44-04:00] Checking for stale dependency blocks...
[2026-08-31T01:47:44-04:00] === Bead state consistency check completed ===
[2026-08-31T02:02:44-04:00] === Bead state consistency check started ===
[2026-08-31T02:02:44-04:00] Checking for assigned-but-open beads (status=open with assignee)...
[2026-08-31T02:02:44-04:00] Checking for orphaned in-progress beads (status=in_progress without assignee)...
[2026-08-31T02:02:44-04:00] Checking for stale dependency blocks...
[2026-08-31T02:02:44-04:00] === Bead state consistency check completed ===
[2026-08-31T02:17:44-04:00] === Bead state consistency check started ===
[2026-08-31T02:17:44-04:00] Checking for assigned-but-open beads (status=open with assignee)...
[2026-08-31T02:17:44-04:00] Checking for orphaned in-progress beads (status=in_progress without assignee)...
[2026-08-31T02:17:44-04:00] Checking for stale dependency blocks...
[2026-08-31T02:17:44-04:00] === Bead state consistency check completed ===
[2026-08-31T02:32:45-04:00] === Bead state consistency check started ===
[2026-08-31T02:32:45-04:00] Checking for assigned-but-open beads (status=open with assignee)...
[2026-08-31T02:32:45-04:00] Checking for orphaned in-progress beads (status=in_progress without assignee)...
[2026-08-31T02:32:45-04:00] Checking for stale dependency blocks...
[2026-08-31T02:32:45-04:00] === Bead state consistency check completed ===
[2026-08-31T02:47:45-04:00] === Bead state consistency check started ===
[2026-08-31T02:47:45-04:00] Checking for assigned-but-open beads (status=open with assignee)...
[2026-08-31T02:47:45-04:00] Checking for orphaned in-progress beads (status=in_progress without assignee)...
[2026-08-31T02:47:45-04:00] Checking for stale dependency blocks...
[2026-08-31T02:47:45-04:00] === Bead state consistency check completed ===
[2026-08-31T03:02:46-04:00] === Bead state consistency check started ===
[2026-08-31T03:02:46-04:00] Checking for assigned-but-open beads (status=open with assignee)...
[2026-08-31T03:02:46-04:00] Checking for orphaned in-progress beads (status=in_progress without assignee)...
[2026-08-31T03:02:46-04:00] Checking for stale dependency blocks...
[2026-08-31T03:02:46-04:00] === Bead state consistency check completed ===
[2026-08-31T03:17:46-04:00] === Bead state consistency check started ===
[2026-08-31T03:17:46-04:00] Checking for assigned-but-open beads (status=open with assignee)...
[2026-08-31T03:17:46-04:00] Checking for orphaned in-progress beads (status=in_progress without assignee)...
[2026-08-31T03:17:46-04:00] Checking for stale dependency blocks...
[2026-08-31T03:17:46-04:00] === Bead state consistency check completed ===
[2026-08-31T03:32:47-04:00] === Bead state consistency check started ===
[2026-08-31T03:32:47-04:00] Checking for assigned-but-open beads (status=open with assignee)...
[2026-08-31T03:32:47-04:00] Checking for orphaned in-progress beads (status=in_progress without assignee)...
[2026-08-31T03:32:47-04:00] Checking for stale dependency blocks...
[2026-08-31T03:32:47-04:00] === Bead state consistency check completed ===
[2026-08-31T03:47:47-04:00] === Bead state consistency check started ===
[2026-08-31T03:47:47-04:00] Checking for assigned-but-open beads (status=open with assignee)...
[2026-08-31T03:47:47-04:00] Checking for orphaned in-progress beads (status=in_progress without assignee)...
[2026-08-31T03:47:47-04:00] Checking for stale dependency blocks...
[2026-08-31T03:47:47-04:00] === Bead state consistency check completed ===
[2026-08-31T04:02:48-04:00] === Bead state consistency check started ===
[2026-08-31T04:02:48-04:00] Checking for assigned-but-open beads (status=open with assignee)...
[2026-08-31T04:02:48-04:00] Checking for orphaned in-progress beads (status=in_progress without assignee)...
[2026-08-31T04:02:48-04:00] Checking for stale dependency blocks...
[2026-08-31T04:02:48-04:00] === Bead state consistency check completed ===
[2026-08-31T04:17:48-04:00] === Bead state consistency check started ===
[2026-08-31T04:17:48-04:00] Checking for assigned-but-open beads (status=open with assignee)...
[2026-08-31T04:17:48-04:00] Checking for orphaned in-progress beads (status=in_progress without assignee)...
[2026-08-31T04:17:48-04:00] Checking for stale dependency blocks...
[2026-08-31T04:17:48-04:00] === Bead state consistency check completed ===
[2026-08-31T04:32:49-04:00] === Bead state consistency check started ===
[2026-08-31T04:32:49-04:00] Checking for assigned-but-open beads (status=open with assignee)...
[2026-08-31T04:32:49-04:00] Checking for orphaned in-progress beads (status=in_progress without assignee)...
[2026-08-31T04:32:49-04:00] Checking for stale dependency blocks...
[2026-08-31T04:32:49-04:00] === Bead state consistency check completed ===
[2026-08-31T04:47:49-04:00] === Bead state consistency check started ===
[2026-08-31T04:47:49-04:00] Checking for assigned-but-open beads (status=open with assignee)...
[2026-08-31T04:47:49-04:00] Checking for orphaned in-progress beads (status=in_progress without assignee)...
[2026-08-31T04:47:49-04:00] Checking for stale dependency blocks...
[2026-08-31T04:47:49-04:00] === Bead state consistency check completed ===
[2026-08-31T05:02:50-04:00] === Bead state consistency check started ===
[2026-08-31T05:02:50-04:00] Checking for assigned-but-open beads (status=open with assignee)...
[2026-08-31T05:02:50-04:00] Checking for orphaned in-progress beads (status=in_progress without assignee)...
[2026-08-31T05:02:50-04:00] Checking for stale dependency blocks...
[2026-08-31T05:02:50-04:00] === Bead state consistency check completed ===
[2026-08-31T05:17:50-04:00] === Bead state consistency check started ===
[2026-08-31T05:17:50-04:00] Checking for assigned-but-open beads (status=open with assignee)...
[2026-08-31T05:17:50-04:00] Checking for orphaned in-progress beads (status=in_progress without assignee)...
[2026-08-31T05:17:50-04:00] Checking for stale dependency blocks...
[2026-08-31T05:17:50-04:00] === Bead state consistency check completed ===
[2026-08-31T05:32:50-04:00] === Bead state consistency check started ===
[2026-08-31T05:32:50-04:00] Checking for assigned-but-open beads (status=open with assignee)...
[2026-08-31T05:32:50-04:00] Checking for orphaned in-progress beads (status=in_progress without assignee)...
[2026-08-31T05:32:50-04:00] Checking for stale dependency blocks...
[2026-08-31T05:32:50-04:00] === Bead state consistency check completed ===
[2026-08-31T05:47:50-04:00] === Bead state consistency check started ===
[2026-08-31T05:47:50-04:00] Checking for assigned-but-open beads (status=open with assignee)...
[2026-08-31T05:47:50-04:00] Checking for orphaned in-progress beads (status=in_progress without assignee)...
[2026-08-31T05:47:50-04:00] Checking for stale dependency blocks...
[2026-08-31T05:47:50-04:00] === Bead state consistency check completed ===
[2026-08-31T06:02:50-04:00] === Bead state consistency check started ===
[2026-08-31T06:02:50-04:00] Checking for assigned-but-open beads (status=open with assignee)...
[2026-08-31T06:02:50-04:00] Checking for orphaned in-progress beads (status=in_progress without assignee)...
[2026-08-31T06:02:50-04:00] Checking for stale dependency blocks...
[2026-08-31T06:02:50-04:00] === Bead state consistency check completed ===
[2026-08-31T06:17:50-04:00] === Bead state consistency check started ===
[2026-08-31T06:17:50-04:00] Checking for assigned-but-open beads (status=open with assignee)...
[2026-08-31T06:17:50-04:00] Checking for orphaned in-progress beads (status=in_progress without assignee)...
[2026-08-31T06:17:50-04:00] Checking for stale dependency blocks...
[2026-08-31T06:17:50-04:00] === Bead state consistency check completed ===
[2026-08-31T06:32:51-04:00] === Bead state consistency check started ===
[2026-08-31T06:32:51-04:00] Checking for assigned-but-open beads (status=open with assignee)...
[2026-08-31T06:32:51-04:00] Checking for orphaned in-progress beads (status=in_progress without assignee)...
[2026-08-31T06:32:51-04:00] Checking for stale dependency blocks...
[2026-08-31T06:32:51-04:00] === Bead state consistency check completed ===
[2026-08-31T06:47:51-04:00] === Bead state consistency check started ===
[2026-08-31T06:47:51-04:00] Checking for assigned-but-open beads (status=open with assignee)...
[2026-08-31T06:47:51-04:00] Checking for orphaned in-progress beads (status=in_progress without assignee)...
[2026-08-31T06:47:51-04:00] Checking for stale dependency blocks...
[2026-08-31T06:47:51-04:00] === Bead state consistency check completed ===
[2026-08-31T07:02:52-04:00] === Bead state consistency check started ===
[2026-08-31T07:02:52-04:00] Checking for assigned-but-open beads (status=open with assignee)...
[2026-08-31T07:02:52-04:00] Checking for orphaned in-progress beads (status=in_progress without assignee)...
[2026-08-31T07:02:52-04:00] Checking for stale dependency blocks...
[2026-08-31T07:02:52-04:00] === Bead state consistency check completed ===
[2026-08-31T07:17:53-04:00] === Bead state consistency check started ===
[2026-08-31T07:17:53-04:00] Checking for assigned-but-open beads (status=open with assignee)...
[2026-08-31T07:17:53-04:00] Checking for orphaned in-progress beads (status=in_progress without assignee)...
[2026-08-31T07:17:53-04:00] Checking for stale dependency blocks...
[2026-08-31T07:17:53-04:00] === Bead state consistency check completed ===
[2026-08-31T07:32:54-04:00] === Bead state consistency check started ===
[2026-08-31T07:32:54-04:00] Checking for assigned-but-open beads (status=open with assignee)...
[2026-08-31T07:32:54-04:00] Checking for orphaned in-progress beads (status=in_progress without assignee)...
[2026-08-31T07:32:54-04:00] Checking for stale dependency blocks...
[2026-08-31T07:32:54-04:00] === Bead state consistency check completed ===
[2026-08-31T07:47:54-04:00] === Bead state consistency check started ===
[2026-08-31T07:47:54-04:00] Checking for assigned-but-open beads (status=open with assignee)...
[2026-08-31T07:47:54-04:00] Checking for orphaned in-progress beads (status=in_progress without assignee)...
[2026-08-31T07:47:54-04:00] Checking for stale dependency blocks...
[2026-08-31T07:47:54-04:00] === Bead state consistency check completed ===
[2026-08-31T08:02:55-04:00] === Bead state consistency check started ===
[2026-08-31T08:02:55-04:00] Checking for assigned-but-open beads (status=open with assignee)...
[2026-08-31T08:02:55-04:00] Checking for orphaned in-progress beads (status=in_progress without assignee)...
[2026-08-31T08:02:55-04:00] Checking for stale dependency blocks...
[2026-08-31T08:02:55-04:00] === Bead state consistency check completed ===
[2026-08-31T08:17:55-04:00] === Bead state consistency check started ===
[2026-08-31T08:17:55-04:00] Checking for assigned-but-open beads (status=open with assignee)...
[2026-08-31T08:17:55-04:00] Checking for orphaned in-progress beads (status=in_progress without assignee)...
[2026-08-31T08:17:55-04:00] Checking for stale dependency blocks...
[2026-08-31T08:17:55-04:00] === Bead state consistency check completed ===
[2026-08-31T08:32:56-04:00] === Bead state consistency check started ===
[2026-08-31T08:32:56-04:00] Checking for assigned-but-open beads (status=open with assignee)...
[2026-08-31T08:32:56-04:00] Checking for orphaned in-progress beads (status=in_progress without assignee)...
[2026-08-31T08:32:56-04:00] Checking for stale dependency blocks...
[2026-08-31T08:32:56-04:00] === Bead state consistency check completed ===
[2026-08-31T08:47:56-04:00] === Bead state consistency check started ===
[2026-08-31T08:47:56-04:00] Checking for assigned-but-open beads (status=open with assignee)...
[2026-08-31T08:47:56-04:00] Checking for orphaned in-progress beads (status=in_progress without assignee)...
[2026-08-31T08:47:56-04:00] Checking for stale dependency blocks...
[2026-08-31T08:47:56-04:00] === Bead state consistency check completed ===
[2026-08-31T09:02:57-04:00] === Bead state consistency check started ===
[2026-08-31T09:02:57-04:00] Checking for assigned-but-open beads (status=open with assignee)...
[2026-08-31T09:02:57-04:00] Checking for orphaned in-progress beads (status=in_progress without assignee)...
[2026-08-31T09:02:57-04:00] Checking for stale dependency blocks...
[2026-08-31T09:02:57-04:00] === Bead state consistency check completed ===
[2026-08-31T09:17:57-04:00] === Bead state consistency check started ===
[2026-08-31T09:17:57-04:00] Checking for assigned-but-open beads (status=open with assignee)...
[2026-08-31T09:17:57-04:00] Checking for orphaned in-progress beads (status=in_progress without assignee)...
[2026-08-31T09:17:57-04:00] Checking for stale dependency blocks...
[2026-08-31T09:17:57-04:00] === Bead state consistency check completed ===
[2026-08-31T09:32:58-04:00] === Bead state consistency check started ===
[2026-08-31T09:32:58-04:00] Checking for assigned-but-open beads (status=open with assignee)...
[2026-08-31T09:32:58-04:00] Checking for orphaned in-progress beads (status=in_progress without assignee)...
[2026-08-31T09:32:58-04:00] Checking for stale dependency blocks...
[2026-08-31T09:32:58-04:00] === Bead state consistency check completed ===
[2026-08-31T09:47:58-04:00] === Bead state consistency check started ===
[2026-08-31T09:47:58-04:00] Checking for assigned-but-open beads (status=open with assignee)...
[2026-08-31T09:47:58-04:00] Checking for orphaned in-progress beads (status=in_progress without assignee)...
[2026-08-31T09:47:58-04:00] Checking for stale dependency blocks...
[2026-08-31T09:47:58-04:00] === Bead state consistency check completed ===
[2026-08-31T10:02:59-04:00] === Bead state consistency check started ===
[2026-08-31T10:02:59-04:00] Checking for assigned-but-open beads (status=open with assignee)...
[2026-08-31T10:02:59-04:00] Checking for orphaned in-progress beads (status=in_progress without assignee)...
[2026-08-31T10:02:59-04:00] Checking for stale dependency blocks...
[2026-08-31T10:02:59-04:00] === Bead state consistency check completed ===
[2026-08-31T10:17:59-04:00] === Bead state consistency check started ===
[2026-08-31T10:17:59-04:00] Checking for assigned-but-open beads (status=open with assignee)...
[2026-08-31T10:17:59-04:00] Checking for orphaned in-progress beads (status=in_progress without assignee)...
[2026-08-31T10:17:59-04:00] Checking for stale dependency blocks...
[2026-08-31T10:17:59-04:00] === Bead state consistency check completed ===
[2026-08-31T10:32:59-04:00] === Bead state consistency check started ===
[2026-08-31T10:32:59-04:00] Checking for assigned-but-open beads (status=open with assignee)...
[2026-08-31T10:32:59-04:00] Checking for orphaned in-progress beads (status=in_progress without assignee)...
[2026-08-31T10:32:59-04:00] Checking for stale dependency blocks...
[2026-08-31T10:32:59-04:00] === Bead state consistency check completed ===
[2026-08-31T10:47:59-04:00] === Bead state consistency check started ===
[2026-08-31T10:47:59-04:00] Checking for assigned-but-open beads (status=open with assignee)...
[2026-08-31T10:47:59-04:00] Checking for orphaned in-progress beads (status=in_progress without assignee)...
[2026-08-31T10:47:59-04:00] Checking for stale dependency blocks...
[2026-08-31T10:47:59-04:00] === Bead state consistency check completed ===
[2026-08-31T11:03:00-04:00] === Bead state consistency check started ===
[2026-08-31T11:03:00-04:00] Checking for assigned-but-open beads (status=open with assignee)...
[2026-08-31T11:03:00-04:00] Checking for orphaned in-progress beads (status=in_progress without assignee)...
[2026-08-31T11:03:00-04:00] Checking for stale dependency blocks...
[2026-08-31T11:03:00-04:00] === Bead state consistency check completed ===
[2026-08-31T11:18:00-04:00] === Bead state consistency check started ===
[2026-08-31T11:18:00-04:00] Checking for assigned-but-open beads (status=open with assignee)...
[2026-08-31T11:18:00-04:00] Checking for orphaned in-progress beads (status=in_progress without assignee)...
[2026-08-31T11:18:00-04:00] Checking for stale dependency blocks...
[2026-08-31T11:18:00-04:00] === Bead state consistency check completed ===
[2026-08-31T11:33:00-04:00] === Bead state consistency check started ===
[2026-08-31T11:33:00-04:00] Checking for assigned-but-open beads (status=open with assignee)...
[2026-08-31T11:33:01-04:00] Checking for orphaned in-progress beads (status=in_progress without assignee)...
[2026-08-31T11:33:01-04:00] Checking for stale dependency blocks...
[2026-08-31T11:33:01-04:00] === Bead state consistency check completed ===
[2026-08-31T11:48:01-04:00] === Bead state consistency check started ===
[2026-08-31T11:48:01-04:00] Checking for assigned-but-open beads (status=open with assignee)...
[2026-08-31T11:48:01-04:00] Checking for orphaned in-progress beads (status=in_progress without assignee)...
[2026-08-31T11:48:01-04:00] Checking for stale dependency blocks...
[2026-08-31T11:48:01-04:00] === Bead state consistency check completed ===
[2026-08-31T12:03:01-04:00] === Bead state consistency check started ===
[2026-08-31T12:03:01-04:00] Checking for assigned-but-open beads (status=open with assignee)...
[2026-08-31T12:03:01-04:00] Checking for orphaned in-progress beads (status=in_progress without assignee)...
[2026-08-31T12:03:01-04:00] Checking for stale dependency blocks...
[2026-08-31T12:03:01-04:00] === Bead state consistency check completed ===
[2026-08-31T12:18:01-04:00] === Bead state consistency check started ===
[2026-08-31T12:18:01-04:00] Checking for assigned-but-open beads (status=open with assignee)...
[2026-08-31T12:18:01-04:00] Checking for orphaned in-progress beads (status=in_progress without assignee)...
[2026-08-31T12:18:01-04:00] Checking for stale dependency blocks...
[2026-08-31T12:18:01-04:00] === Bead state consistency check completed ===
[2026-08-31T12:33:02-04:00] === Bead state consistency check started ===
[2026-08-31T12:33:02-04:00] Checking for assigned-but-open beads (status=open with assignee)...
[2026-08-31T12:33:02-04:00] Checking for orphaned in-progress beads (status=in_progress without assignee)...
[2026-08-31T12:33:02-04:00] Checking for stale dependency blocks...
[2026-08-31T12:33:02-04:00] === Bead state consistency check completed ===
[2026-08-31T12:48:02-04:00] === Bead state consistency check started ===
[2026-08-31T12:48:02-04:00] Checking for assigned-but-open beads (status=open with assignee)...
[2026-08-31T12:48:02-04:00] Checking for orphaned in-progress beads (status=in_progress without assignee)...
[2026-08-31T12:48:02-04:00] Checking for stale dependency blocks...
[2026-08-31T12:48:02-04:00] === Bead state consistency check completed ===
[2026-08-31T13:03:03-04:00] === Bead state consistency check started ===
[2026-08-31T13:03:03-04:00] Checking for assigned-but-open beads (status=open with assignee)...
[2026-08-31T13:03:03-04:00] Checking for orphaned in-progress beads (status=in_progress without assignee)...
[2026-08-31T13:03:03-04:00] Checking for stale dependency blocks...
[2026-08-31T13:03:03-04:00] === Bead state consistency check completed ===
[2026-08-31T13:18:03-04:00] === Bead state consistency check started ===
[2026-08-31T13:18:03-04:00] Checking for assigned-but-open beads (status=open with assignee)...
[2026-08-31T13:18:03-04:00] Checking for orphaned in-progress beads (status=in_progress without assignee)...
[2026-08-31T13:18:03-04:00] Checking for stale dependency blocks...
[2026-08-31T13:18:03-04:00] === Bead state consistency check completed ===
[2026-08-31T13:33:04-04:00] === Bead state consistency check started ===
[2026-08-31T13:33:04-04:00] Checking for assigned-but-open beads (status=open with assignee)...
[2026-08-31T13:33:04-04:00] Checking for orphaned in-progress beads (status=in_progress without assignee)...
[2026-08-31T13:33:04-04:00] Checking for stale dependency blocks...
[2026-08-31T13:33:04-04:00] === Bead state consistency check completed ===
[2026-08-31T13:48:04-04:00] === Bead state consistency check started ===
[2026-08-31T13:48:04-04:00] Checking for assigned-but-open beads (status=open with assignee)...
[2026-08-31T13:48:04-04:00] Checking for orphaned in-progress beads (status=in_progress without assignee)...
[2026-08-31T13:48:04-04:00] Checking for stale dependency blocks...
[2026-08-31T13:48:04-04:00] === Bead state consistency check completed ===
[2026-08-31T14:03:04-04:00] === Bead state consistency check started ===
[2026-08-31T14:03:04-04:00] Checking for assigned-but-open beads (status=open with assignee)...
[2026-08-31T14:03:04-04:00] Checking for orphaned in-progress beads (status=in_progress without assignee)...
[2026-08-31T14:03:04-04:00] Checking for stale dependency blocks...
[2026-08-31T14:03:04-04:00] === Bead state consistency check completed ===
[2026-08-31T14:18:05-04:00] === Bead state consistency check started ===
[2026-08-31T14:18:05-04:00] Checking for assigned-but-open beads (status=open with assignee)...
[2026-08-31T14:18:05-04:00] Checking for orphaned in-progress beads (status=in_progress without assignee)...
[2026-08-31T14:18:05-04:00] Checking for stale dependency blocks...
[2026-08-31T14:18:05-04:00] === Bead state consistency check completed ===
[2026-08-31T14:33:05-04:00] === Bead state consistency check started ===
[2026-08-31T14:33:05-04:00] Checking for assigned-but-open beads (status=open with assignee)...
[2026-08-31T14:33:05-04:00] Checking for orphaned in-progress beads (status=in_progress without assignee)...
[2026-08-31T14:33:05-04:00] Checking for stale dependency blocks...
[2026-08-31T14:33:05-04:00] === Bead state consistency check completed ===
[2026-08-31T14:48:06-04:00] === Bead state consistency check started ===
[2026-08-31T14:48:06-04:00] Checking for assigned-but-open beads (status=open with assignee)...
[2026-08-31T14:48:06-04:00] Checking for orphaned in-progress beads (status=in_progress without assignee)...
[2026-08-31T14:48:06-04:00] Checking for stale dependency blocks...
[2026-08-31T14:48:06-04:00] === Bead state consistency check completed ===
[2026-08-31T15:03:06-04:00] === Bead state consistency check started ===
[2026-08-31T15:03:06-04:00] Checking for assigned-but-open beads (status=open with assignee)...
[2026-08-31T15:03:06-04:00] Checking for orphaned in-progress beads (status=in_progress without assignee)...
[2026-08-31T15:03:06-04:00] Checking for stale dependency blocks...
[2026-08-31T15:03:06-04:00] === Bead state consistency check completed ===
[2026-08-31T15:18:06-04:00] === Bead state consistency check started ===
[2026-08-31T15:18:06-04:00] Checking for assigned-but-open beads (status=open with assignee)...
[2026-08-31T15:18:06-04:00] Checking for orphaned in-progress beads (status=in_progress without assignee)...
[2026-08-31T15:18:06-04:00] Checking for stale dependency blocks...
[2026-08-31T15:18:06-04:00] === Bead state consistency check completed ===
[2026-08-31T15:32:21-04:00] === Bead state consistency check started ===
[2026-08-31T15:32:21-04:00] Checking for assigned-but-open beads (status=open with assignee)...
[2026-08-31T15:32:21-04:00] Checking for orphaned in-progress beads (status=in_progress without assignee)...
[2026-08-31T15:32:21-04:00] Checking for stale dependency blocks...
[2026-08-31T15:32:21-04:00] === Bead state consistency check completed ===
[2026-08-31T15:32:38-04:00] === Bead state consistency check started ===
[2026-08-31T15:32:38-04:00] Checking for assigned-but-open beads (status=open with assignee)...
[2026-08-31T15:32:38-04:00] Checking for orphaned in-progress beads (status=in_progress without assignee)...
[2026-08-31T15:32:38-04:00] Checking for stale dependency blocks...
[2026-08-31T15:32:38-04:00] === Bead state consistency check completed ===
[2026-08-31T15:33:06-04:00] === Bead state consistency check started ===
[2026-08-31T15:33:06-04:00] Checking for assigned-but-open beads (status=open with assignee)...
[2026-08-31T15:33:06-04:00] Checking for orphaned in-progress beads (status=in_progress without assignee)...
[2026-08-31T15:33:06-04:00] Checking for stale dependency blocks...
[2026-08-31T15:33:06-04:00] === Bead state consistency check completed ===
[2026-08-31T15:48:06-04:00] === Bead state consistency check started ===
[2026-08-31T15:48:06-04:00] Checking for assigned-but-open beads (status=open with assignee)...
[2026-08-31T15:48:06-04:00] Checking for orphaned in-progress beads (status=in_progress without assignee)...
[2026-08-31T15:48:06-04:00] Checking for stale dependency blocks...
[2026-08-31T15:48:06-04:00] === Bead state consistency check completed ===
[2026-08-31T16:03:07-04:00] === Bead state consistency check started ===
[2026-08-31T16:03:07-04:00] Checking for assigned-but-open beads (status=open with assignee)...
[2026-08-31T16:03:07-04:00] Checking for orphaned in-progress beads (status=in_progress without assignee)...
[2026-08-31T16:03:07-04:00] Checking for stale dependency blocks...
[2026-08-31T16:03:07-04:00] === Bead state consistency check completed ===
[2026-08-31T16:18:07-04:00] === Bead state consistency check started ===
[2026-08-31T16:18:07-04:00] Checking for assigned-but-open beads (status=open with assignee)...
[2026-08-31T16:18:07-04:00] Checking for orphaned in-progress beads (status=in_progress without assignee)...
[2026-08-31T16:18:07-04:00] Checking for stale dependency blocks...
[2026-08-31T16:18:07-04:00] === Bead state consistency check completed ===
[2026-08-31T16:33:08-04:00] === Bead state consistency check started ===
[2026-08-31T16:33:08-04:00] Checking for assigned-but-open beads (status=open with assignee)...
[2026-08-31T16:33:08-04:00] Checking for orphaned in-progress beads (status=in_progress without assignee)...
[2026-08-31T16:33:08-04:00] Checking for stale dependency blocks...
[2026-08-31T16:33:08-04:00] === Bead state consistency check completed ===
[2026-08-31T16:48:09-04:00] === Bead state consistency check started ===
[2026-08-31T16:48:09-04:00] Checking for assigned-but-open beads (status=open with assignee)...
[2026-08-31T16:48:09-04:00] Checking for orphaned in-progress beads (status=in_progress without assignee)...
[2026-08-31T16:48:09-04:00] Checking for stale dependency blocks...
[2026-08-31T16:48:09-04:00] === Bead state consistency check completed ===
[2026-08-31T17:03:09-04:00] === Bead state consistency check started ===
[2026-08-31T17:03:09-04:00] Checking for assigned-but-open beads (status=open with assignee)...
[2026-08-31T17:03:09-04:00] Checking for orphaned in-progress beads (status=in_progress without assignee)...
[2026-08-31T17:03:09-04:00] Checking for stale dependency blocks...
[2026-08-31T17:03:09-04:00] === Bead state consistency check completed ===
[2026-08-31T17:18:09-04:00] === Bead state consistency check started ===
[2026-08-31T17:18:09-04:00] Checking for assigned-but-open beads (status=open with assignee)...
[2026-08-31T17:18:09-04:00] Checking for orphaned in-progress beads (status=in_progress without assignee)...
[2026-08-31T17:18:09-04:00] Checking for stale dependency blocks...
[2026-08-31T17:18:09-04:00] === Bead state consistency check completed ===
[2026-08-31T17:33:09-04:00] === Bead state consistency check started ===
[2026-08-31T17:33:09-04:00] Checking for assigned-but-open beads (status=open with assignee)...
[2026-08-31T17:33:09-04:00] Checking for orphaned in-progress beads (status=in_progress without assignee)...
[2026-08-31T17:33:09-04:00] Checking for stale dependency blocks...
[2026-08-31T17:33:09-04:00] === Bead state consistency check completed ===
[2026-08-31T17:48:10-04:00] === Bead state consistency check started ===
[2026-08-31T17:48:10-04:00] Checking for assigned-but-open beads (status=open with assignee)...
[2026-08-31T17:48:10-04:00] Checking for orphaned in-progress beads (status=in_progress without assignee)...
[2026-08-31T17:48:10-04:00] Checking for stale dependency blocks...
[2026-08-31T17:48:10-04:00] === Bead state consistency check completed ===
[2026-08-31T18:03:10-04:00] === Bead state consistency check started ===
[2026-08-31T18:03:10-04:00] Checking for assigned-but-open beads (status=open with assignee)...
[2026-08-31T18:03:10-04:00] Checking for orphaned in-progress beads (status=in_progress without assignee)...
[2026-08-31T18:03:10-04:00] Checking for stale dependency blocks...
[2026-08-31T18:03:10-04:00] === Bead state consistency check completed ===
[2026-08-31T18:18:11-04:00] === Bead state consistency check started ===
[2026-08-31T18:18:11-04:00] Checking for assigned-but-open beads (status=open with assignee)...
[2026-08-31T18:18:11-04:00] Checking for orphaned in-progress beads (status=in_progress without assignee)...
[2026-08-31T18:18:11-04:00] Checking for stale dependency blocks...
[2026-08-31T18:18:11-04:00] === Bead state consistency check completed ===
[2026-08-31T18:33:11-04:00] === Bead state consistency check started ===
[2026-08-31T18:33:11-04:00] Checking for assigned-but-open beads (status=open with assignee)...
[2026-08-31T18:33:11-04:00] Checking for orphaned in-progress beads (status=in_progress without assignee)...
[2026-08-31T18:33:11-04:00] Checking for stale dependency blocks...
[2026-08-31T18:33:11-04:00] === Bead state consistency check completed ===
[2026-08-31T18:48:11-04:00] === Bead state consistency check started ===
[2026-08-31T18:48:11-04:00] Checking for assigned-but-open beads (status=open with assignee)...
[2026-08-31T18:48:11-04:00] Checking for orphaned in-progress beads (status=in_progress without assignee)...
[2026-08-31T18:48:11-04:00] Checking for stale dependency blocks...
[2026-08-31T18:48:11-04:00] === Bead state consistency check completed ===
[2026-08-31T19:03:11-04:00] === Bead state consistency check started ===
[2026-08-31T19:03:11-04:00] Checking for assigned-but-open beads (status=open with assignee)...
[2026-08-31T19:03:11-04:00] Checking for orphaned in-progress beads (status=in_progress without assignee)...
[2026-08-31T19:03:11-04:00] Checking for stale dependency blocks...
[2026-08-31T19:03:11-04:00] === Bead state consistency check completed ===
[2026-08-31T19:18:12-04:00] === Bead state consistency check started ===
[2026-08-31T19:18:12-04:00] Checking for assigned-but-open beads (status=open with assignee)...
[2026-08-31T19:18:12-04:00] Checking for orphaned in-progress beads (status=in_progress without assignee)...
[2026-08-31T19:18:12-04:00] Checking for stale dependency blocks...
[2026-08-31T19:18:12-04:00] === Bead state consistency check completed ===
[2026-08-31T19:33:12-04:00] === Bead state consistency check started ===
[2026-08-31T19:33:12-04:00] Checking for assigned-but-open beads (status=open with assignee)...
[2026-08-31T19:33:12-04:00] Checking for orphaned in-progress beads (status=in_progress without assignee)...
[2026-08-31T19:33:12-04:00] Checking for stale dependency blocks...
[2026-08-31T19:33:12-04:00] === Bead state consistency check completed ===
[2026-08-31T19:48:13-04:00] === Bead state consistency check started ===
[2026-08-31T19:48:13-04:00] Checking for assigned-but-open beads (status=open with assignee)...
[2026-08-31T19:48:13-04:00] Checking for orphaned in-progress beads (status=in_progress without assignee)...
[2026-08-31T19:48:13-04:00] Checking for stale dependency blocks...
[2026-08-31T19:48:13-04:00] === Bead state consistency check completed ===
[2026-08-31T20:03:13-04:00] === Bead state consistency check started ===
[2026-08-31T20:03:13-04:00] Checking for assigned-but-open beads (status=open with assignee)...
[2026-08-31T20:03:13-04:00] Checking for orphaned in-progress beads (status=in_progress without assignee)...
[2026-08-31T20:03:13-04:00] Checking for stale dependency blocks...
[2026-08-31T20:03:13-04:00] === Bead state consistency check completed ===
[2026-08-31T20:18:14-04:00] === Bead state consistency check started ===
[2026-08-31T20:18:14-04:00] Checking for assigned-but-open beads (status=open with assignee)...
[2026-08-31T20:18:14-04:00] Checking for orphaned in-progress beads (status=in_progress without assignee)...
[2026-08-31T20:18:14-04:00] Checking for stale dependency blocks...
[2026-08-31T20:18:14-04:00] === Bead state consistency check completed ===
[2026-08-31T20:33:14-04:00] === Bead state consistency check started ===
[2026-08-31T20:33:14-04:00] Checking for assigned-but-open beads (status=open with assignee)...
[2026-08-31T20:33:14-04:00] Checking for orphaned in-progress beads (status=in_progress without assignee)...
[2026-08-31T20:33:14-04:00] Checking for stale dependency blocks...
[2026-08-31T20:33:14-04:00] === Bead state consistency check completed ===
[2026-08-31T20:48:15-04:00] === Bead state consistency check started ===
[2026-08-31T20:48:15-04:00] Checking for assigned-but-open beads (status=open with assignee)...
[2026-08-31T20:48:15-04:00] Checking for orphaned in-progress beads (status=in_progress without assignee)...
[2026-08-31T20:48:15-04:00] Checking for stale dependency blocks...
[2026-08-31T20:48:15-04:00] === Bead state consistency check completed ===
[2026-08-31T21:03:16-04:00] === Bead state consistency check started ===
[2026-08-31T21:03:16-04:00] Checking for assigned-but-open beads (status=open with assignee)...
[2026-08-31T21:03:16-04:00] Checking for orphaned in-progress beads (status=in_progress without assignee)...
[2026-08-31T21:03:16-04:00] Checking for stale dependency blocks...
[2026-08-31T21:03:16-04:00] === Bead state consistency check completed ===
[2026-08-31T21:18:16-04:00] === Bead state consistency check started ===
[2026-08-31T21:18:16-04:00] Checking for assigned-but-open beads (status=open with assignee)...
[2026-08-31T21:18:16-04:00] Checking for orphaned in-progress beads (status=in_progress without assignee)...
[2026-08-31T21:18:16-04:00] Checking for stale dependency blocks...
[2026-08-31T21:18:16-04:00] === Bead state consistency check completed ===
[2026-08-31T21:33:16-04:00] === Bead state consistency check started ===
[2026-08-31T21:33:16-04:00] Checking for assigned-but-open beads (status=open with assignee)...
[2026-08-31T21:33:16-04:00] Checking for orphaned in-progress beads (status=in_progress without assignee)...
[2026-08-31T21:33:16-04:00] Checking for stale dependency blocks...
[2026-08-31T21:33:16-04:00] === Bead state consistency check completed ===
[2026-08-31T21:48:16-04:00] === Bead state consistency check started ===
[2026-08-31T21:48:16-04:00] Checking for assigned-but-open beads (status=open with assignee)...
[2026-08-31T21:48:16-04:00] Checking for orphaned in-progress beads (status=in_progress without assignee)...
[2026-08-31T21:48:16-04:00] Checking for stale dependency blocks...
[2026-08-31T21:48:16-04:00] === Bead state consistency check completed ===
[2026-08-31T22:03:17-04:00] === Bead state consistency check started ===
[2026-08-31T22:03:17-04:00] Checking for assigned-but-open beads (status=open with assignee)...
[2026-08-31T22:03:17-04:00] Checking for orphaned in-progress beads (status=in_progress without assignee)...
[2026-08-31T22:03:17-04:00] Checking for stale dependency blocks...
[2026-08-31T22:03:17-04:00] === Bead state consistency check completed ===
[2026-08-31T22:18:18-04:00] === Bead state consistency check started ===
[2026-08-31T22:18:18-04:00] Checking for assigned-but-open beads (status=open with assignee)...
[2026-08-31T22:18:18-04:00] Checking for orphaned in-progress beads (status=in_progress without assignee)...
[2026-08-31T22:18:18-04:00] Checking for stale dependency blocks...
[2026-08-31T22:18:18-04:00] === Bead state consistency check completed ===
[2026-08-31T22:33:18-04:00] === Bead state consistency check started ===
[2026-08-31T22:33:18-04:00] Checking for assigned-but-open beads (status=open with assignee)...
[2026-08-31T22:33:18-04:00] Checking for orphaned in-progress beads (status=in_progress without assignee)...
[2026-08-31T22:33:18-04:00] Checking for stale dependency blocks...
[2026-08-31T22:33:18-04:00] === Bead state consistency check completed ===
[2026-08-31T22:48:19-04:00] === Bead state consistency check started ===
[2026-08-31T22:48:19-04:00] Checking for assigned-but-open beads (status=open with assignee)...
[2026-08-31T22:48:19-04:00] Checking for orphaned in-progress beads (status=in_progress without assignee)...
[2026-08-31T22:48:19-04:00] Checking for stale dependency blocks...
[2026-08-31T22:48:19-04:00] === Bead state consistency check completed ===
[2026-08-31T23:03:19-04:00] === Bead state consistency check started ===
[2026-08-31T23:03:19-04:00] Checking for assigned-but-open beads (status=open with assignee)...
[2026-08-31T23:03:19-04:00] Checking for orphaned in-progress beads (status=in_progress without assignee)...
[2026-08-31T23:03:19-04:00] Checking for stale dependency blocks...
[2026-08-31T23:03:19-04:00] === Bead state consistency check completed ===
[2026-08-31T23:18:19-04:00] === Bead state consistency check started ===
[2026-08-31T23:18:19-04:00] Checking for assigned-but-open beads (status=open with assignee)...
[2026-08-31T23:18:19-04:00] Checking for orphaned in-progress beads (status=in_progress without assignee)...
[2026-08-31T23:18:19-04:00] Checking for stale dependency blocks...
[2026-08-31T23:18:19-04:00] === Bead state consistency check completed ===
[2026-08-31T23:33:19-04:00] === Bead state consistency check started ===
[2026-08-31T23:33:19-04:00] Checking for assigned-but-open beads (status=open with assignee)...
[2026-08-31T23:33:19-04:00] Checking for orphaned in-progress beads (status=in_progress without assignee)...
[2026-08-31T23:33:19-04:00] Checking for stale dependency blocks...
[2026-08-31T23:33:19-04:00] === Bead state consistency check completed ===
[2026-08-31T23:48:20-04:00] === Bead state consistency check started ===
[2026-08-31T23:48:20-04:00] Checking for assigned-but-open beads (status=open with assignee)...
[2026-08-31T23:48:20-04:00] Checking for orphaned in-progress beads (status=in_progress without assignee)...
[2026-08-31T23:48:20-04:00] Checking for stale dependency blocks...
[2026-08-31T23:48:20-04:00] === Bead state consistency check completed ===
[2026-09-01T00:03:20-04:00] === Bead state consistency check started ===
[2026-09-01T00:03:20-04:00] Checking for assigned-but-open beads (status=open with assignee)...
[2026-09-01T00:03:20-04:00] Checking for orphaned in-progress beads (status=in_progress without assignee)...
[2026-09-01T00:03:20-04:00] Checking for stale dependency blocks...
[2026-09-01T00:03:20-04:00] === Bead state consistency check completed ===
[2026-09-01T00:18:20-04:00] === Bead state consistency check started ===
[2026-09-01T00:18:20-04:00] Checking for assigned-but-open beads (status=open with assignee)...
[2026-09-01T00:18:20-04:00] Checking for orphaned in-progress beads (status=in_progress without assignee)...
[2026-09-01T00:18:20-04:00] Checking for stale dependency blocks...
[2026-09-01T00:18:20-04:00] === Bead state consistency check completed ===
[2026-09-01T00:33:20-04:00] === Bead state consistency check started ===
[2026-09-01T00:33:20-04:00] Checking for assigned-but-open beads (status=open with assignee)...
[2026-09-01T00:33:20-04:00] Checking for orphaned in-progress beads (status=in_progress without assignee)...
[2026-09-01T00:33:20-04:00] Checking for stale dependency blocks...
[2026-09-01T00:33:20-04:00] === Bead state consistency check completed ===
[2026-09-01T00:48:21-04:00] === Bead state consistency check started ===
[2026-09-01T00:48:21-04:00] Checking for assigned-but-open beads (status=open with assignee)...
[2026-09-01T00:48:21-04:00] Checking for orphaned in-progress beads (status=in_progress without assignee)...
[2026-09-01T00:48:21-04:00] Checking for stale dependency blocks...
[2026-09-01T00:48:21-04:00] === Bead state consistency check completed ===
[2026-09-01T01:03:21-04:00] === Bead state consistency check started ===
[2026-09-01T01:03:21-04:00] Checking for assigned-but-open beads (status=open with assignee)...
[2026-09-01T01:03:21-04:00] Checking for orphaned in-progress beads (status=in_progress without assignee)...
[2026-09-01T01:03:21-04:00] Checking for stale dependency blocks...
[2026-09-01T01:03:21-04:00] === Bead state consistency check completed ===
[2026-09-01T01:18:22-04:00] === Bead state consistency check started ===
[2026-09-01T01:18:22-04:00] Checking for assigned-but-open beads (status=open with assignee)...
[2026-09-01T01:18:22-04:00] Checking for orphaned in-progress beads (status=in_progress without assignee)...
[2026-09-01T01:18:22-04:00] Checking for stale dependency blocks...
[2026-09-01T01:18:22-04:00] === Bead state consistency check completed ===
[2026-09-01T01:33:22-04:00] === Bead state consistency check started ===
[2026-09-01T01:33:22-04:00] Checking for assigned-but-open beads (status=open with assignee)...
[2026-09-01T01:33:22-04:00] Checking for orphaned in-progress beads (status=in_progress without assignee)...
[2026-09-01T01:33:22-04:00] Checking for stale dependency blocks...
[2026-09-01T01:33:22-04:00] === Bead state consistency check completed ===
[2026-09-01T01:48:23-04:00] === Bead state consistency check started ===
[2026-09-01T01:48:23-04:00] Checking for assigned-but-open beads (status=open with assignee)...
[2026-09-01T01:48:23-04:00] Checking for orphaned in-progress beads (status=in_progress without assignee)...
[2026-09-01T01:48:23-04:00] Checking for stale dependency blocks...
[2026-09-01T01:48:23-04:00] === Bead state consistency check completed ===
[2026-09-01T02:03:23-04:00] === Bead state consistency check started ===
[2026-09-01T02:03:23-04:00] Checking for assigned-but-open beads (status=open with assignee)...
[2026-09-01T02:03:23-04:00] Checking for orphaned in-progress beads (status=in_progress without assignee)...
[2026-09-01T02:03:23-04:00] Checking for stale dependency blocks...
[2026-09-01T02:03:23-04:00] === Bead state consistency check completed ===
[2026-09-01T02:18:23-04:00] === Bead state consistency check started ===
[2026-09-01T02:18:23-04:00] Checking for assigned-but-open beads (status=open with assignee)...
[2026-09-01T02:18:23-04:00] Checking for orphaned in-progress beads (status=in_progress without assignee)...
[2026-09-01T02:18:23-04:00] Checking for stale dependency blocks...
[2026-09-01T02:18:23-04:00] === Bead state consistency check completed ===
[2026-09-01T02:33:23-04:00] === Bead state consistency check started ===
[2026-09-01T02:33:23-04:00] Checking for assigned-but-open beads (status=open with assignee)...
[2026-09-01T02:33:23-04:00] Checking for orphaned in-progress beads (status=in_progress without assignee)...
[2026-09-01T02:33:23-04:00] Checking for stale dependency blocks...
[2026-09-01T02:33:23-04:00] === Bead state consistency check completed ===
[2026-09-01T02:48:24-04:00] === Bead state consistency check started ===
[2026-09-01T02:48:24-04:00] Checking for assigned-but-open beads (status=open with assignee)...
[2026-09-01T02:48:24-04:00] Checking for orphaned in-progress beads (status=in_progress without assignee)...
[2026-09-01T02:48:24-04:00] Checking for stale dependency blocks...
[2026-09-01T02:48:24-04:00] === Bead state consistency check completed ===
[2026-09-01T03:03:25-04:00] === Bead state consistency check started ===
[2026-09-01T03:03:25-04:00] Checking for assigned-but-open beads (status=open with assignee)...
[2026-09-01T03:03:25-04:00] Checking for orphaned in-progress beads (status=in_progress without assignee)...
[2026-09-01T03:03:25-04:00] Checking for stale dependency blocks...
[2026-09-01T03:03:25-04:00] === Bead state consistency check completed ===
[2026-09-01T03:18:26-04:00] === Bead state consistency check started ===
[2026-09-01T03:18:26-04:00] Checking for assigned-but-open beads (status=open with assignee)...
[2026-09-01T03:18:26-04:00] Checking for orphaned in-progress beads (status=in_progress without assignee)...
[2026-09-01T03:18:26-04:00] Checking for stale dependency blocks...
[2026-09-01T03:18:26-04:00] === Bead state consistency check completed ===
[2026-09-01T03:33:26-04:00] === Bead state consistency check started ===
[2026-09-01T03:33:26-04:00] Checking for assigned-but-open beads (status=open with assignee)...
[2026-09-01T03:33:26-04:00] Checking for orphaned in-progress beads (status=in_progress without assignee)...
[2026-09-01T03:33:26-04:00] Checking for stale dependency blocks...
[2026-09-01T03:33:26-04:00] === Bead state consistency check completed ===
[2026-09-01T03:48:27-04:00] === Bead state consistency check started ===
[2026-09-01T03:48:27-04:00] Checking for assigned-but-open beads (status=open with assignee)...
[2026-09-01T03:48:27-04:00] Checking for orphaned in-progress beads (status=in_progress without assignee)...
[2026-09-01T03:48:27-04:00] Checking for stale dependency blocks...
[2026-09-01T03:48:27-04:00] === Bead state consistency check completed ===
[2026-09-01T04:03:27-04:00] === Bead state consistency check started ===
[2026-09-01T04:03:27-04:00] Checking for assigned-but-open beads (status=open with assignee)...
[2026-09-01T04:03:27-04:00] Checking for orphaned in-progress beads (status=in_progress without assignee)...
[2026-09-01T04:03:27-04:00] Checking for stale dependency blocks...
[2026-09-01T04:03:27-04:00] === Bead state consistency check completed ===
[2026-09-01T04:18:28-04:00] === Bead state consistency check started ===
[2026-09-01T04:18:28-04:00] Checking for assigned-but-open beads (status=open with assignee)...
[2026-09-01T04:18:28-04:00] Checking for orphaned in-progress beads (status=in_progress without assignee)...
[2026-09-01T04:18:28-04:00] Checking for stale dependency blocks...
[2026-09-01T04:18:28-04:00] === Bead state consistency check completed ===
[2026-09-01T04:33:29-04:00] === Bead state consistency check started ===
[2026-09-01T04:33:29-04:00] Checking for assigned-but-open beads (status=open with assignee)...
[2026-09-01T04:33:29-04:00] Checking for orphaned in-progress beads (status=in_progress without assignee)...
[2026-09-01T04:33:29-04:00] Checking for stale dependency blocks...
[2026-09-01T04:33:29-04:00] === Bead state consistency check completed ===
[2026-09-01T04:48:30-04:00] === Bead state consistency check started ===
[2026-09-01T04:48:30-04:00] Checking for assigned-but-open beads (status=open with assignee)...
[2026-09-01T04:48:30-04:00] Checking for orphaned in-progress beads (status=in_progress without assignee)...
[2026-09-01T04:48:30-04:00] Checking for stale dependency blocks...
[2026-09-01T04:48:30-04:00] === Bead state consistency check completed ===
[2026-09-01T05:03:31-04:00] === Bead state consistency check started ===
[2026-09-01T05:03:31-04:00] Checking for assigned-but-open beads (status=open with assignee)...
[2026-09-01T05:03:31-04:00] Checking for orphaned in-progress beads (status=in_progress without assignee)...
[2026-09-01T05:03:31-04:00] Checking for stale dependency blocks...
[2026-09-01T05:03:31-04:00] === Bead state consistency check completed ===
[2026-09-01T05:18:32-04:00] === Bead state consistency check started ===
[2026-09-01T05:18:32-04:00] Checking for assigned-but-open beads (status=open with assignee)...
[2026-09-01T05:18:32-04:00] Checking for orphaned in-progress beads (status=in_progress without assignee)...
[2026-09-01T05:18:32-04:00] Checking for stale dependency blocks...
[2026-09-01T05:18:32-04:00] === Bead state consistency check completed ===
[2026-09-01T05:33:33-04:00] === Bead state consistency check started ===
[2026-09-01T05:33:33-04:00] Checking for assigned-but-open beads (status=open with assignee)...
[2026-09-01T05:33:33-04:00] Checking for orphaned in-progress beads (status=in_progress without assignee)...
[2026-09-01T05:33:33-04:00] Checking for stale dependency blocks...
[2026-09-01T05:33:33-04:00] === Bead state consistency check completed ===
[2026-09-01T05:48:34-04:00] === Bead state consistency check started ===
[2026-09-01T05:48:34-04:00] Checking for assigned-but-open beads (status=open with assignee)...
[2026-09-01T05:48:34-04:00] Checking for orphaned in-progress beads (status=in_progress without assignee)...
[2026-09-01T05:48:34-04:00] Checking for stale dependency blocks...
[2026-09-01T05:48:34-04:00] === Bead state consistency check completed ===
[2026-09-01T06:03:34-04:00] === Bead state consistency check started ===
[2026-09-01T06:03:34-04:00] Checking for assigned-but-open beads (status=open with assignee)...
[2026-09-01T06:03:34-04:00] Checking for orphaned in-progress beads (status=in_progress without assignee)...
[2026-09-01T06:03:34-04:00] Checking for stale dependency blocks...
[2026-09-01T06:03:34-04:00] === Bead state consistency check completed ===
[2026-09-01T06:18:34-04:00] === Bead state consistency check started ===
[2026-09-01T06:18:34-04:00] Checking for assigned-but-open beads (status=open with assignee)...
[2026-09-01T06:18:34-04:00] Checking for orphaned in-progress beads (status=in_progress without assignee)...
[2026-09-01T06:18:34-04:00] Checking for stale dependency blocks...
[2026-09-01T06:18:34-04:00] === Bead state consistency check completed ===
[2026-09-01T06:33:35-04:00] === Bead state consistency check started ===
[2026-09-01T06:33:35-04:00] Checking for assigned-but-open beads (status=open with assignee)...
[2026-09-01T06:33:35-04:00] Checking for orphaned in-progress beads (status=in_progress without assignee)...
[2026-09-01T06:33:35-04:00] Checking for stale dependency blocks...
[2026-09-01T06:33:35-04:00] === Bead state consistency check completed ===
[2026-09-01T06:48:36-04:00] === Bead state consistency check started ===
[2026-09-01T06:48:36-04:00] Checking for assigned-but-open beads (status=open with assignee)...
[2026-09-01T06:48:36-04:00] Checking for orphaned in-progress beads (status=in_progress without assignee)...
[2026-09-01T06:48:36-04:00] Checking for stale dependency blocks...
[2026-09-01T06:48:36-04:00] === Bead state consistency check completed ===
[2026-09-01T07:03:36-04:00] === Bead state consistency check started ===
[2026-09-01T07:03:36-04:00] Checking for assigned-but-open beads (status=open with assignee)...
[2026-09-01T07:03:36-04:00] Checking for orphaned in-progress beads (status=in_progress without assignee)...
[2026-09-01T07:03:36-04:00] Checking for stale dependency blocks...
[2026-09-01T07:03:36-04:00] === Bead state consistency check completed ===
[2026-09-01T07:18:37-04:00] === Bead state consistency check started ===
[2026-09-01T07:18:37-04:00] Checking for assigned-but-open beads (status=open with assignee)...
[2026-09-01T07:18:37-04:00] Checking for orphaned in-progress beads (status=in_progress without assignee)...
[2026-09-01T07:18:37-04:00] Checking for stale dependency blocks...
[2026-09-01T07:18:37-04:00] === Bead state consistency check completed ===
[2026-09-01T07:33:38-04:00] === Bead state consistency check started ===
[2026-09-01T07:33:38-04:00] Checking for assigned-but-open beads (status=open with assignee)...
[2026-09-01T07:33:38-04:00] Checking for orphaned in-progress beads (status=in_progress without assignee)...
[2026-09-01T07:33:38-04:00] Checking for stale dependency blocks...
[2026-09-01T07:33:38-04:00] === Bead state consistency check completed ===
[2026-09-01T07:48:39-04:00] === Bead state consistency check started ===
[2026-09-01T07:48:39-04:00] Checking for assigned-but-open beads (status=open with assignee)...
[2026-09-01T07:48:39-04:00] Checking for orphaned in-progress beads (status=in_progress without assignee)...
[2026-09-01T07:48:39-04:00] Checking for stale dependency blocks...
[2026-09-01T07:48:39-04:00] === Bead state consistency check completed ===
[2026-09-01T08:03:40-04:00] === Bead state consistency check started ===
[2026-09-01T08:03:40-04:00] Checking for assigned-but-open beads (status=open with assignee)...
[2026-09-01T08:03:40-04:00] Checking for orphaned in-progress beads (status=in_progress without assignee)...
[2026-09-01T08:03:40-04:00] Checking for stale dependency blocks...
[2026-09-01T08:03:40-04:00] === Bead state consistency check completed ===
[2026-09-01T08:18:41-04:00] === Bead state consistency check started ===
[2026-09-01T08:18:41-04:00] Checking for assigned-but-open beads (status=open with assignee)...
[2026-09-01T08:18:41-04:00] Checking for orphaned in-progress beads (status=in_progress without assignee)...
[2026-09-01T08:18:41-04:00] Checking for stale dependency blocks...
[2026-09-01T08:18:41-04:00] === Bead state consistency check completed ===
[2026-09-01T08:33:42-04:00] === Bead state consistency check started ===
[2026-09-01T08:33:42-04:00] Checking for assigned-but-open beads (status=open with assignee)...
[2026-09-01T08:33:42-04:00] Checking for orphaned in-progress beads (status=in_progress without assignee)...
[2026-09-01T08:33:42-04:00] Checking for stale dependency blocks...
[2026-09-01T08:33:42-04:00] === Bead state consistency check completed ===
[2026-09-01T08:48:43-04:00] === Bead state consistency check started ===
[2026-09-01T08:48:43-04:00] Checking for assigned-but-open beads (status=open with assignee)...
[2026-09-01T08:48:43-04:00] Checking for orphaned in-progress beads (status=in_progress without assignee)...
[2026-09-01T08:48:43-04:00] Checking for stale dependency blocks...
[2026-09-01T08:48:43-04:00] === Bead state consistency check completed ===
[2026-09-01T09:03:44-04:00] === Bead state consistency check started ===
[2026-09-01T09:03:44-04:00] Checking for assigned-but-open beads (status=open with assignee)...
[2026-09-01T09:03:44-04:00] Checking for orphaned in-progress beads (status=in_progress without assignee)...
[2026-09-01T09:03:44-04:00] Checking for stale dependency blocks...
[2026-09-01T09:03:44-04:00] === Bead state consistency check completed ===
[2026-09-01T09:18:45-04:00] === Bead state consistency check started ===
[2026-09-01T09:18:45-04:00] Checking for assigned-but-open beads (status=open with assignee)...
[2026-09-01T09:18:45-04:00] Checking for orphaned in-progress beads (status=in_progress without assignee)...
[2026-09-01T09:18:45-04:00] Checking for stale dependency blocks...
[2026-09-01T09:18:45-04:00] === Bead state consistency check completed ===
[2026-09-01T09:33:45-04:00] === Bead state consistency check started ===
[2026-09-01T09:33:45-04:00] Checking for assigned-but-open beads (status=open with assignee)...
[2026-09-01T09:33:45-04:00] Checking for orphaned in-progress beads (status=in_progress without assignee)...
[2026-09-01T09:33:45-04:00] Checking for stale dependency blocks...
[2026-09-01T09:33:45-04:00] === Bead state consistency check completed ===
[2026-09-01T09:48:45-04:00] === Bead state consistency check started ===
[2026-09-01T09:48:45-04:00] Checking for assigned-but-open beads (status=open with assignee)...
[2026-09-01T09:48:45-04:00] Checking for orphaned in-progress beads (status=in_progress without assignee)...
[2026-09-01T09:48:45-04:00] Checking for stale dependency blocks...
[2026-09-01T09:48:45-04:00] === Bead state consistency check completed ===
[2026-09-01T10:03:46-04:00] === Bead state consistency check started ===
[2026-09-01T10:03:46-04:00] Checking for assigned-but-open beads (status=open with assignee)...
[2026-09-01T10:03:46-04:00] Checking for orphaned in-progress beads (status=in_progress without assignee)...
[2026-09-01T10:03:46-04:00] Checking for stale dependency blocks...
[2026-09-01T10:03:46-04:00] === Bead state consistency check completed ===
[2026-09-01T10:18:47-04:00] === Bead state consistency check started ===
[2026-09-01T10:18:47-04:00] Checking for assigned-but-open beads (status=open with assignee)...
[2026-09-01T10:18:47-04:00] Checking for orphaned in-progress beads (status=in_progress without assignee)...
[2026-09-01T10:18:47-04:00] Checking for stale dependency blocks...
[2026-09-01T10:18:47-04:00] === Bead state consistency check completed ===
[2026-09-01T10:33:48-04:00] === Bead state consistency check started ===
[2026-09-01T10:33:48-04:00] Checking for assigned-but-open beads (status=open with assignee)...
[2026-09-01T10:33:48-04:00] Checking for orphaned in-progress beads (status=in_progress without assignee)...
[2026-09-01T10:33:48-04:00] Checking for stale dependency blocks...
[2026-09-01T10:33:48-04:00] === Bead state consistency check completed ===
[2026-09-01T10:48:49-04:00] === Bead state consistency check started ===
[2026-09-01T10:48:49-04:00] Checking for assigned-but-open beads (status=open with assignee)...
[2026-09-01T10:48:49-04:00] Checking for orphaned in-progress beads (status=in_progress without assignee)...
[2026-09-01T10:48:49-04:00] Checking for stale dependency blocks...
[2026-09-01T10:48:49-04:00] === Bead state consistency check completed ===
[2026-09-01T11:03:50-04:00] === Bead state consistency check started ===
[2026-09-01T11:03:50-04:00] Checking for assigned-but-open beads (status=open with assignee)...
[2026-09-01T11:03:50-04:00] Checking for orphaned in-progress beads (status=in_progress without assignee)...
[2026-09-01T11:03:50-04:00] Checking for stale dependency blocks...
[2026-09-01T11:03:50-04:00] === Bead state consistency check completed ===
[2026-09-01T11:18:50-04:00] === Bead state consistency check started ===
[2026-09-01T11:18:50-04:00] Checking for assigned-but-open beads (status=open with assignee)...
[2026-09-01T11:18:50-04:00] Checking for orphaned in-progress beads (status=in_progress without assignee)...
[2026-09-01T11:18:50-04:00] Checking for stale dependency blocks...
[2026-09-01T11:18:50-04:00] === Bead state consistency check completed ===
[2026-09-01T11:33:51-04:00] === Bead state consistency check started ===
[2026-09-01T11:33:51-04:00] Checking for assigned-but-open beads (status=open with assignee)...
[2026-09-01T11:33:51-04:00] Checking for orphaned in-progress beads (status=in_progress without assignee)...
[2026-09-01T11:33:51-04:00] Checking for stale dependency blocks...
[2026-09-01T11:33:51-04:00] === Bead state consistency check completed ===
[2026-09-01T11:48:51-04:00] === Bead state consistency check started ===
[2026-09-01T11:48:51-04:00] Checking for assigned-but-open beads (status=open with assignee)...
[2026-09-01T11:48:51-04:00] Checking for orphaned in-progress beads (status=in_progress without assignee)...
[2026-09-01T11:48:51-04:00] Checking for stale dependency blocks...
[2026-09-01T11:48:51-04:00] === Bead state consistency check completed ===
[2026-09-01T12:03:51-04:00] === Bead state consistency check started ===
[2026-09-01T12:03:51-04:00] Checking for assigned-but-open beads (status=open with assignee)...
[2026-09-01T12:03:51-04:00] Checking for orphaned in-progress beads (status=in_progress without assignee)...
[2026-09-01T12:03:51-04:00] Checking for stale dependency blocks...
[2026-09-01T12:03:51-04:00] === Bead state consistency check completed ===
[2026-09-01T12:18:52-04:00] === Bead state consistency check started ===
[2026-09-01T12:18:52-04:00] Checking for assigned-but-open beads (status=open with assignee)...
[2026-09-01T12:18:52-04:00] Checking for orphaned in-progress beads (status=in_progress without assignee)...
[2026-09-01T12:18:52-04:00] Checking for stale dependency blocks...
[2026-09-01T12:18:52-04:00] === Bead state consistency check completed ===
[2026-09-01T12:33:53-04:00] === Bead state consistency check started ===
[2026-09-01T12:33:53-04:00] Checking for assigned-but-open beads (status=open with assignee)...
[2026-09-01T12:33:53-04:00] Checking for orphaned in-progress beads (status=in_progress without assignee)...
[2026-09-01T12:33:53-04:00] Checking for stale dependency blocks...
[2026-09-01T12:33:53-04:00] === Bead state consistency check completed ===
[2026-09-01T12:48:54-04:00] === Bead state consistency check started ===
[2026-09-01T12:48:54-04:00] Checking for assigned-but-open beads (status=open with assignee)...
[2026-09-01T12:48:54-04:00] Checking for orphaned in-progress beads (status=in_progress without assignee)...
[2026-09-01T12:48:54-04:00] Checking for stale dependency blocks...
[2026-09-01T12:48:54-04:00] === Bead state consistency check completed ===
[2026-09-01T13:03:55-04:00] === Bead state consistency check started ===
[2026-09-01T13:03:55-04:00] Checking for assigned-but-open beads (status=open with assignee)...
[2026-09-01T13:03:55-04:00] Checking for orphaned in-progress beads (status=in_progress without assignee)...
[2026-09-01T13:03:55-04:00] Checking for stale dependency blocks...
[2026-09-01T13:03:55-04:00] === Bead state consistency check completed ===
[2026-09-01T13:18:55-04:00] === Bead state consistency check started ===
[2026-09-01T13:18:55-04:00] Checking for assigned-but-open beads (status=open with assignee)...
[2026-09-01T13:18:55-04:00] Checking for orphaned in-progress beads (status=in_progress without assignee)...
[2026-09-01T13:18:55-04:00] Checking for stale dependency blocks...
[2026-09-01T13:18:55-04:00] === Bead state consistency check completed ===
[2026-09-01T13:33:56-04:00] === Bead state consistency check started ===
[2026-09-01T13:33:56-04:00] Checking for assigned-but-open beads (status=open with assignee)...
[2026-09-01T13:33:56-04:00] Checking for orphaned in-progress beads (status=in_progress without assignee)...
[2026-09-01T13:33:56-04:00] Checking for stale dependency blocks...
[2026-09-01T13:33:56-04:00] === Bead state consistency check completed ===
[2026-09-01T13:48:57-04:00] === Bead state consistency check started ===
[2026-09-01T13:48:57-04:00] Checking for assigned-but-open beads (status=open with assignee)...
[2026-09-01T13:48:57-04:00] Checking for orphaned in-progress beads (status=in_progress without assignee)...
[2026-09-01T13:48:57-04:00] Checking for stale dependency blocks...
[2026-09-01T13:48:57-04:00] === Bead state consistency check completed ===
[2026-09-01T14:03:58-04:00] === Bead state consistency check started ===
[2026-09-01T14:03:58-04:00] Checking for assigned-but-open beads (status=open with assignee)...
[2026-09-01T14:03:58-04:00] Checking for orphaned in-progress beads (status=in_progress without assignee)...
[2026-09-01T14:03:58-04:00] Checking for stale dependency blocks...
[2026-09-01T14:03:58-04:00] === Bead state consistency check completed ===
[2026-09-01T14:18:58-04:00] === Bead state consistency check started ===
[2026-09-01T14:18:58-04:00] Checking for assigned-but-open beads (status=open with assignee)...
[2026-09-01T14:18:58-04:00] Checking for orphaned in-progress beads (status=in_progress without assignee)...
[2026-09-01T14:18:58-04:00] Checking for stale dependency blocks...
[2026-09-01T14:18:58-04:00] === Bead state consistency check completed ===
[2026-09-01T14:33:58-04:00] === Bead state consistency check started ===
[2026-09-01T14:33:58-04:00] Checking for assigned-but-open beads (status=open with assignee)...
[2026-09-01T14:33:58-04:00] Checking for orphaned in-progress beads (status=in_progress without assignee)...
[2026-09-01T14:33:58-04:00] Checking for stale dependency blocks...
[2026-09-01T14:33:58-04:00] === Bead state consistency check completed ===
[2026-09-01T14:48:59-04:00] === Bead state consistency check started ===
[2026-09-01T14:48:59-04:00] Checking for assigned-but-open beads (status=open with assignee)...
[2026-09-01T14:48:59-04:00] Checking for orphaned in-progress beads (status=in_progress without assignee)...
[2026-09-01T14:48:59-04:00] Checking for stale dependency blocks...
[2026-09-01T14:48:59-04:00] === Bead state consistency check completed ===
[2026-09-01T15:03:59-04:00] === Bead state consistency check started ===
[2026-09-01T15:03:59-04:00] Checking for assigned-but-open beads (status=open with assignee)...
[2026-09-01T15:03:59-04:00] Checking for orphaned in-progress beads (status=in_progress without assignee)...
[2026-09-01T15:03:59-04:00] Checking for stale dependency blocks...
[2026-09-01T15:03:59-04:00] === Bead state consistency check completed ===
[2026-09-01T15:19:00-04:00] === Bead state consistency check started ===
[2026-09-01T15:19:00-04:00] Checking for assigned-but-open beads (status=open with assignee)...
[2026-09-01T15:19:00-04:00] Checking for orphaned in-progress beads (status=in_progress without assignee)...
[2026-09-01T15:19:00-04:00] Checking for stale dependency blocks...
[2026-09-01T15:19:00-04:00] === Bead state consistency check completed ===
[2026-09-01T15:34:01-04:00] === Bead state consistency check started ===
[2026-09-01T15:34:01-04:00] Checking for assigned-but-open beads (status=open with assignee)...
[2026-09-01T15:34:01-04:00] Checking for orphaned in-progress beads (status=in_progress without assignee)...
[2026-09-01T15:34:01-04:00] Checking for stale dependency blocks...
[2026-09-01T15:34:01-04:00] === Bead state consistency check completed ===
[2026-09-01T15:49:02-04:00] === Bead state consistency check started ===
[2026-09-01T15:49:02-04:00] Checking for assigned-but-open beads (status=open with assignee)...
[2026-09-01T15:49:02-04:00] Checking for orphaned in-progress beads (status=in_progress without assignee)...
[2026-09-01T15:49:02-04:00] Checking for stale dependency blocks...
[2026-09-01T15:49:02-04:00] === Bead state consistency check completed ===
[2026-09-01T16:04:02-04:00] === Bead state consistency check started ===
[2026-09-01T16:04:02-04:00] Checking for assigned-but-open beads (status=open with assignee)...
[2026-09-01T16:04:02-04:00] Checking for orphaned in-progress beads (status=in_progress without assignee)...
[2026-09-01T16:04:02-04:00] Checking for stale dependency blocks...
[2026-09-01T16:04:02-04:00] === Bead state consistency check completed ===
[2026-09-01T16:19:03-04:00] === Bead state consistency check started ===
[2026-09-01T16:19:03-04:00] Checking for assigned-but-open beads (status=open with assignee)...
[2026-09-01T16:19:03-04:00] Checking for orphaned in-progress beads (status=in_progress without assignee)...
[2026-09-01T16:19:03-04:00] Checking for stale dependency blocks...
[2026-09-01T16:19:03-04:00] === Bead state consistency check completed ===
[2026-09-01T16:34:03-04:00] === Bead state consistency check started ===
[2026-09-01T16:34:03-04:00] Checking for assigned-but-open beads (status=open with assignee)...
[2026-09-01T16:34:03-04:00] Checking for orphaned in-progress beads (status=in_progress without assignee)...
[2026-09-01T16:34:03-04:00] Checking for stale dependency blocks...
[2026-09-01T16:34:03-04:00] === Bead state consistency check completed ===
[2026-09-01T16:49:04-04:00] === Bead state consistency check started ===
[2026-09-01T16:49:04-04:00] Checking for assigned-but-open beads (status=open with assignee)...
[2026-09-01T16:49:04-04:00] Checking for orphaned in-progress beads (status=in_progress without assignee)...
[2026-09-01T16:49:04-04:00] Checking for stale dependency blocks...
[2026-09-01T16:49:04-04:00] === Bead state consistency check completed ===
[2026-09-01T17:04:04-04:00] === Bead state consistency check started ===
[2026-09-01T17:04:04-04:00] Checking for assigned-but-open beads (status=open with assignee)...
[2026-09-01T17:04:04-04:00] Checking for orphaned in-progress beads (status=in_progress without assignee)...
[2026-09-01T17:04:04-04:00] Checking for stale dependency blocks...
[2026-09-01T17:04:04-04:00] === Bead state consistency check completed ===
[2026-09-01T17:19:04-04:00] === Bead state consistency check started ===
[2026-09-01T17:19:04-04:00] Checking for assigned-but-open beads (status=open with assignee)...
[2026-09-01T17:19:04-04:00] Checking for orphaned in-progress beads (status=in_progress without assignee)...
[2026-09-01T17:19:04-04:00] Checking for stale dependency blocks...
[2026-09-01T17:19:04-04:00] === Bead state consistency check completed ===
[2026-09-01T17:34:05-04:00] === Bead state consistency check started ===
[2026-09-01T17:34:05-04:00] Checking for assigned-but-open beads (status=open with assignee)...
[2026-09-01T17:34:05-04:00] Checking for orphaned in-progress beads (status=in_progress without assignee)...
[2026-09-01T17:34:05-04:00] Checking for stale dependency blocks...
[2026-09-01T17:34:05-04:00] === Bead state consistency check completed ===
[2026-09-01T17:49:05-04:00] === Bead state consistency check started ===
[2026-09-01T17:49:05-04:00] Checking for assigned-but-open beads (status=open with assignee)...
[2026-09-01T17:49:05-04:00] Checking for orphaned in-progress beads (status=in_progress without assignee)...
[2026-09-01T17:49:05-04:00] Checking for stale dependency blocks...
[2026-09-01T17:49:05-04:00] === Bead state consistency check completed ===
[2026-09-01T18:04:06-04:00] === Bead state consistency check started ===
[2026-09-01T18:04:06-04:00] Checking for assigned-but-open beads (status=open with assignee)...
[2026-09-01T18:04:06-04:00] Checking for orphaned in-progress beads (status=in_progress without assignee)...
[2026-09-01T18:04:06-04:00] Checking for stale dependency blocks...
[2026-09-01T18:04:06-04:00] === Bead state consistency check completed ===
[2026-09-01T18:19:07-04:00] === Bead state consistency check started ===
[2026-09-01T18:19:07-04:00] Checking for assigned-but-open beads (status=open with assignee)...
[2026-09-01T18:19:07-04:00] Checking for orphaned in-progress beads (status=in_progress without assignee)...
[2026-09-01T18:19:07-04:00] Checking for stale dependency blocks...
[2026-09-01T18:19:07-04:00] === Bead state consistency check completed ===
[2026-09-01T18:34:08-04:00] === Bead state consistency check started ===
[2026-09-01T18:34:08-04:00] Checking for assigned-but-open beads (status=open with assignee)...
[2026-09-01T18:34:08-04:00] Checking for orphaned in-progress beads (status=in_progress without assignee)...
[2026-09-01T18:34:08-04:00] Checking for stale dependency blocks...
[2026-09-01T18:34:08-04:00] === Bead state consistency check completed ===
[2026-09-01T18:49:09-04:00] === Bead state consistency check started ===
[2026-09-01T18:49:09-04:00] Checking for assigned-but-open beads (status=open with assignee)...
[2026-09-01T18:49:09-04:00] Checking for orphaned in-progress beads (status=in_progress without assignee)...
[2026-09-01T18:49:09-04:00] Checking for stale dependency blocks...
[2026-09-01T18:49:09-04:00] === Bead state consistency check completed ===
[2026-09-01T19:04:09-04:00] === Bead state consistency check started ===
[2026-09-01T19:04:09-04:00] Checking for assigned-but-open beads (status=open with assignee)...
[2026-09-01T19:04:09-04:00] Checking for orphaned in-progress beads (status=in_progress without assignee)...
[2026-09-01T19:04:09-04:00] Checking for stale dependency blocks...
[2026-09-01T19:04:09-04:00] === Bead state consistency check completed ===
[2026-09-01T19:19:10-04:00] === Bead state consistency check started ===
[2026-09-01T19:19:10-04:00] Checking for assigned-but-open beads (status=open with assignee)...
[2026-09-01T19:19:10-04:00] Checking for orphaned in-progress beads (status=in_progress without assignee)...
[2026-09-01T19:19:10-04:00] Checking for stale dependency blocks...
[2026-09-01T19:19:10-04:00] === Bead state consistency check completed ===
[2026-09-01T19:34:11-04:00] === Bead state consistency check started ===
[2026-09-01T19:34:11-04:00] Checking for assigned-but-open beads (status=open with assignee)...
[2026-09-01T19:34:11-04:00] Checking for orphaned in-progress beads (status=in_progress without assignee)...
[2026-09-01T19:34:11-04:00] Checking for stale dependency blocks...
[2026-09-01T19:34:11-04:00] === Bead state consistency check completed ===
[2026-09-01T19:49:11-04:00] === Bead state consistency check started ===
[2026-09-01T19:49:11-04:00] Checking for assigned-but-open beads (status=open with assignee)...
[2026-09-01T19:49:11-04:00] Checking for orphaned in-progress beads (status=in_progress without assignee)...
[2026-09-01T19:49:11-04:00] Checking for stale dependency blocks...
[2026-09-01T19:49:11-04:00] === Bead state consistency check completed ===
[2026-09-01T20:04:11-04:00] === Bead state consistency check started ===
[2026-09-01T20:04:11-04:00] Checking for assigned-but-open beads (status=open with assignee)...
[2026-09-01T20:04:11-04:00] Checking for orphaned in-progress beads (status=in_progress without assignee)...
[2026-09-01T20:04:11-04:00] Checking for stale dependency blocks...
[2026-09-01T20:04:11-04:00] === Bead state consistency check completed ===
[2026-09-01T20:19:11-04:00] === Bead state consistency check started ===
[2026-09-01T20:19:11-04:00] Checking for assigned-but-open beads (status=open with assignee)...
[2026-09-01T20:19:11-04:00] Checking for orphaned in-progress beads (status=in_progress without assignee)...
[2026-09-01T20:19:11-04:00] Checking for stale dependency blocks...
[2026-09-01T20:19:11-04:00] === Bead state consistency check completed ===
[2026-09-01T20:34:12-04:00] === Bead state consistency check started ===
[2026-09-01T20:34:12-04:00] Checking for assigned-but-open beads (status=open with assignee)...
[2026-09-01T20:34:12-04:00] Checking for orphaned in-progress beads (status=in_progress without assignee)...
[2026-09-01T20:34:12-04:00] Checking for stale dependency blocks...
[2026-09-01T20:34:12-04:00] === Bead state consistency check completed ===
[2026-09-01T20:49:12-04:00] === Bead state consistency check started ===
[2026-09-01T20:49:12-04:00] Checking for assigned-but-open beads (status=open with assignee)...
[2026-09-01T20:49:12-04:00] Checking for orphaned in-progress beads (status=in_progress without assignee)...
[2026-09-01T20:49:12-04:00] Checking for stale dependency blocks...
[2026-09-01T20:49:12-04:00] === Bead state consistency check completed ===
[2026-09-01T21:04:13-04:00] === Bead state consistency check started ===
[2026-09-01T21:04:13-04:00] Checking for assigned-but-open beads (status=open with assignee)...
[2026-09-01T21:04:13-04:00] Checking for orphaned in-progress beads (status=in_progress without assignee)...
[2026-09-01T21:04:13-04:00] Checking for stale dependency blocks...
[2026-09-01T21:04:13-04:00] === Bead state consistency check completed ===
[2026-09-01T21:19:14-04:00] === Bead state consistency check started ===
[2026-09-01T21:19:14-04:00] Checking for assigned-but-open beads (status=open with assignee)...
[2026-09-01T21:19:14-04:00] Checking for orphaned in-progress beads (status=in_progress without assignee)...
[2026-09-01T21:19:14-04:00] Checking for stale dependency blocks...
[2026-09-01T21:19:14-04:00] === Bead state consistency check completed ===
[2026-09-01T21:34:15-04:00] === Bead state consistency check started ===
[2026-09-01T21:34:15-04:00] Checking for assigned-but-open beads (status=open with assignee)...
[2026-09-01T21:34:15-04:00] Checking for orphaned in-progress beads (status=in_progress without assignee)...
[2026-09-01T21:34:15-04:00] Checking for stale dependency blocks...
[2026-09-01T21:34:15-04:00] === Bead state consistency check completed ===
[2026-09-01T21:49:15-04:00] === Bead state consistency check started ===
[2026-09-01T21:49:15-04:00] Checking for assigned-but-open beads (status=open with assignee)...
[2026-09-01T21:49:15-04:00] Checking for orphaned in-progress beads (status=in_progress without assignee)...
[2026-09-01T21:49:15-04:00] Checking for stale dependency blocks...
[2026-09-01T21:49:15-04:00] === Bead state consistency check completed ===
[2026-09-01T22:04:16-04:00] === Bead state consistency check started ===
[2026-09-01T22:04:16-04:00] Checking for assigned-but-open beads (status=open with assignee)...
[2026-09-01T22:04:16-04:00] Checking for orphaned in-progress beads (status=in_progress without assignee)...
[2026-09-01T22:04:16-04:00] Checking for stale dependency blocks...
[2026-09-01T22:04:16-04:00] === Bead state consistency check completed ===
[2026-09-01T22:19:16-04:00] === Bead state consistency check started ===
[2026-09-01T22:19:16-04:00] Checking for assigned-but-open beads (status=open with assignee)...
[2026-09-01T22:19:16-04:00] Checking for orphaned in-progress beads (status=in_progress without assignee)...
[2026-09-01T22:19:16-04:00] Checking for stale dependency blocks...
[2026-09-01T22:19:16-04:00] === Bead state consistency check completed ===
[2026-09-01T22:34:17-04:00] === Bead state consistency check started ===
[2026-09-01T22:34:17-04:00] Checking for assigned-but-open beads (status=open with assignee)...
[2026-09-01T22:34:17-04:00] Checking for orphaned in-progress beads (status=in_progress without assignee)...
[2026-09-01T22:34:17-04:00] Checking for stale dependency blocks...
[2026-09-01T22:34:17-04:00] === Bead state consistency check completed ===
[2026-09-01T22:49:18-04:00] === Bead state consistency check started ===
[2026-09-01T22:49:18-04:00] Checking for assigned-but-open beads (status=open with assignee)...
[2026-09-01T22:49:18-04:00] Checking for orphaned in-progress beads (status=in_progress without assignee)...
[2026-09-01T22:49:18-04:00] Checking for stale dependency blocks...
[2026-09-01T22:49:18-04:00] === Bead state consistency check completed ===
[2026-09-01T23:04:18-04:00] === Bead state consistency check started ===
[2026-09-01T23:04:18-04:00] Checking for assigned-but-open beads (status=open with assignee)...
[2026-09-01T23:04:18-04:00] Checking for orphaned in-progress beads (status=in_progress without assignee)...
[2026-09-01T23:04:18-04:00] Checking for stale dependency blocks...
[2026-09-01T23:04:18-04:00] === Bead state consistency check completed ===
[2026-09-01T23:19:19-04:00] === Bead state consistency check started ===
[2026-09-01T23:19:19-04:00] Checking for assigned-but-open beads (status=open with assignee)...
[2026-09-01T23:19:19-04:00] Checking for orphaned in-progress beads (status=in_progress without assignee)...
[2026-09-01T23:19:19-04:00] Checking for stale dependency blocks...
[2026-09-01T23:19:19-04:00] === Bead state consistency check completed ===
[2026-09-01T23:34:19-04:00] === Bead state consistency check started ===
[2026-09-01T23:34:19-04:00] Checking for assigned-but-open beads (status=open with assignee)...
[2026-09-01T23:34:19-04:00] Checking for orphaned in-progress beads (status=in_progress without assignee)...
[2026-09-01T23:34:19-04:00] Checking for stale dependency blocks...
[2026-09-01T23:34:19-04:00] === Bead state consistency check completed ===
[2026-09-01T23:49:19-04:00] === Bead state consistency check started ===
[2026-09-01T23:49:19-04:00] Checking for assigned-but-open beads (status=open with assignee)...
[2026-09-01T23:49:19-04:00] Checking for orphaned in-progress beads (status=in_progress without assignee)...
[2026-09-01T23:49:19-04:00] Checking for stale dependency blocks...
[2026-09-01T23:49:19-04:00] === Bead state consistency check completed ===
[2026-09-02T00:04:20-04:00] === Bead state consistency check started ===
[2026-09-02T00:04:20-04:00] Checking for assigned-but-open beads (status=open with assignee)...
[2026-09-02T00:04:20-04:00] Checking for orphaned in-progress beads (status=in_progress without assignee)...
[2026-09-02T00:04:20-04:00] Checking for stale dependency blocks...
[2026-09-02T00:04:20-04:00] === Bead state consistency check completed ===
[2026-09-02T00:19:20-04:00] === Bead state consistency check started ===
[2026-09-02T00:19:20-04:00] Checking for assigned-but-open beads (status=open with assignee)...
[2026-09-02T00:19:20-04:00] Checking for orphaned in-progress beads (status=in_progress without assignee)...
[2026-09-02T00:19:20-04:00] Checking for stale dependency blocks...
[2026-09-02T00:19:20-04:00] === Bead state consistency check completed ===
[2026-09-02T00:34:21-04:00] === Bead state consistency check started ===
[2026-09-02T00:34:21-04:00] Checking for assigned-but-open beads (status=open with assignee)...
[2026-09-02T00:34:21-04:00] Checking for orphaned in-progress beads (status=in_progress without assignee)...
[2026-09-02T00:34:21-04:00] Checking for stale dependency blocks...
[2026-09-02T00:34:21-04:00] === Bead state consistency check completed ===
[2026-09-02T00:49:22-04:00] === Bead state consistency check started ===
[2026-09-02T00:49:22-04:00] Checking for assigned-but-open beads (status=open with assignee)...
[2026-09-02T00:49:22-04:00] Checking for orphaned in-progress beads (status=in_progress without assignee)...
[2026-09-02T00:49:22-04:00] Checking for stale dependency blocks...
[2026-09-02T00:49:22-04:00] === Bead state consistency check completed ===
[2026-09-02T01:04:22-04:00] === Bead state consistency check started ===
[2026-09-02T01:04:22-04:00] Checking for assigned-but-open beads (status=open with assignee)...
[2026-09-02T01:04:22-04:00] Checking for orphaned in-progress beads (status=in_progress without assignee)...
[2026-09-02T01:04:22-04:00] Checking for stale dependency blocks...
[2026-09-02T01:04:22-04:00] === Bead state consistency check completed ===
[2026-09-02T01:19:22-04:00] === Bead state consistency check started ===
[2026-09-02T01:19:22-04:00] Checking for assigned-but-open beads (status=open with assignee)...
[2026-09-02T01:19:22-04:00] Checking for orphaned in-progress beads (status=in_progress without assignee)...
[2026-09-02T01:19:22-04:00] Checking for stale dependency blocks...
[2026-09-02T01:19:22-04:00] === Bead state consistency check completed ===
[2026-09-02T01:34:22-04:00] === Bead state consistency check started ===
[2026-09-02T01:34:22-04:00] Checking for assigned-but-open beads (status=open with assignee)...
[2026-09-02T01:34:22-04:00] Checking for orphaned in-progress beads (status=in_progress without assignee)...
[2026-09-02T01:34:22-04:00] Checking for stale dependency blocks...
[2026-09-02T01:34:22-04:00] === Bead state consistency check completed ===
[2026-09-02T01:49:22-04:00] === Bead state consistency check started ===
[2026-09-02T01:49:22-04:00] Checking for assigned-but-open beads (status=open with assignee)...
[2026-09-02T01:49:22-04:00] Checking for orphaned in-progress beads (status=in_progress without assignee)...
[2026-09-02T01:49:22-04:00] Checking for stale dependency blocks...
[2026-09-02T01:49:22-04:00] === Bead state consistency check completed ===
[2026-09-02T02:04:23-04:00] === Bead state consistency check started ===
[2026-09-02T02:04:23-04:00] Checking for assigned-but-open beads (status=open with assignee)...
[2026-09-02T02:04:23-04:00] Checking for orphaned in-progress beads (status=in_progress without assignee)...
[2026-09-02T02:04:23-04:00] Checking for stale dependency blocks...
[2026-09-02T02:04:23-04:00] === Bead state consistency check completed ===
[2026-09-02T02:19:23-04:00] === Bead state consistency check started ===
[2026-09-02T02:19:23-04:00] Checking for assigned-but-open beads (status=open with assignee)...
[2026-09-02T02:19:23-04:00] Checking for orphaned in-progress beads (status=in_progress without assignee)...
[2026-09-02T02:19:23-04:00] Checking for stale dependency blocks...
[2026-09-02T02:19:23-04:00] === Bead state consistency check completed ===
[2026-09-02T02:34:23-04:00] === Bead state consistency check started ===
[2026-09-02T02:34:23-04:00] Checking for assigned-but-open beads (status=open with assignee)...
[2026-09-02T02:34:23-04:00] Checking for orphaned in-progress beads (status=in_progress without assignee)...
[2026-09-02T02:34:23-04:00] Checking for stale dependency blocks...
[2026-09-02T02:34:23-04:00] === Bead state consistency check completed ===
[2026-09-02T02:49:23-04:00] === Bead state consistency check started ===
[2026-09-02T02:49:23-04:00] Checking for assigned-but-open beads (status=open with assignee)...
[2026-09-02T02:49:23-04:00] Checking for orphaned in-progress beads (status=in_progress without assignee)...
[2026-09-02T02:49:23-04:00] Checking for stale dependency blocks...
[2026-09-02T02:49:23-04:00] === Bead state consistency check completed ===
[2026-09-02T03:04:23-04:00] === Bead state consistency check started ===
[2026-09-02T03:04:23-04:00] Checking for assigned-but-open beads (status=open with assignee)...
[2026-09-02T03:04:23-04:00] Checking for orphaned in-progress beads (status=in_progress without assignee)...
[2026-09-02T03:04:23-04:00] Checking for stale dependency blocks...
[2026-09-02T03:04:23-04:00] === Bead state consistency check completed ===
[2026-09-02T03:19:23-04:00] === Bead state consistency check started ===
[2026-09-02T03:19:23-04:00] Checking for assigned-but-open beads (status=open with assignee)...
[2026-09-02T03:19:23-04:00] Checking for orphaned in-progress beads (status=in_progress without assignee)...
[2026-09-02T03:19:23-04:00] Checking for stale dependency blocks...
[2026-09-02T03:19:23-04:00] === Bead state consistency check completed ===
[2026-09-02T03:34:24-04:00] === Bead state consistency check started ===
[2026-09-02T03:34:24-04:00] Checking for assigned-but-open beads (status=open with assignee)...
[2026-09-02T03:34:24-04:00] Checking for orphaned in-progress beads (status=in_progress without assignee)...
[2026-09-02T03:34:24-04:00] Checking for stale dependency blocks...
[2026-09-02T03:34:24-04:00] === Bead state consistency check completed ===
[2026-09-02T03:49:24-04:00] === Bead state consistency check started ===
[2026-09-02T03:49:24-04:00] Checking for assigned-but-open beads (status=open with assignee)...
[2026-09-02T03:49:24-04:00] Checking for orphaned in-progress beads (status=in_progress without assignee)...
[2026-09-02T03:49:24-04:00] Checking for stale dependency blocks...
[2026-09-02T03:49:24-04:00] === Bead state consistency check completed ===
[2026-09-02T04:04:25-04:00] === Bead state consistency check started ===
[2026-09-02T04:04:25-04:00] Checking for assigned-but-open beads (status=open with assignee)...
[2026-09-02T04:04:25-04:00] Checking for orphaned in-progress beads (status=in_progress without assignee)...
[2026-09-02T04:04:25-04:00] Checking for stale dependency blocks...
[2026-09-02T04:04:25-04:00] === Bead state consistency check completed ===
[2026-09-02T04:19:25-04:00] === Bead state consistency check started ===
[2026-09-02T04:19:25-04:00] Checking for assigned-but-open beads (status=open with assignee)...
[2026-09-02T04:19:25-04:00] Checking for orphaned in-progress beads (status=in_progress without assignee)...
[2026-09-02T04:19:25-04:00] Checking for stale dependency blocks...
[2026-09-02T04:19:25-04:00] === Bead state consistency check completed ===
[2026-09-02T04:34:26-04:00] === Bead state consistency check started ===
[2026-09-02T04:34:26-04:00] Checking for assigned-but-open beads (status=open with assignee)...
[2026-09-02T04:34:26-04:00] Checking for orphaned in-progress beads (status=in_progress without assignee)...
[2026-09-02T04:34:26-04:00] Checking for stale dependency blocks...
[2026-09-02T04:34:26-04:00] === Bead state consistency check completed ===
[2026-09-02T04:49:26-04:00] === Bead state consistency check started ===
[2026-09-02T04:49:26-04:00] Checking for assigned-but-open beads (status=open with assignee)...
[2026-09-02T04:49:26-04:00] Checking for orphaned in-progress beads (status=in_progress without assignee)...
[2026-09-02T04:49:26-04:00] Checking for stale dependency blocks...
[2026-09-02T04:49:26-04:00] === Bead state consistency check completed ===
[2026-09-02T05:04:27-04:00] === Bead state consistency check started ===
[2026-09-02T05:04:27-04:00] Checking for assigned-but-open beads (status=open with assignee)...
[2026-09-02T05:04:27-04:00] Checking for orphaned in-progress beads (status=in_progress without assignee)...
[2026-09-02T05:04:27-04:00] Checking for stale dependency blocks...
[2026-09-02T05:04:27-04:00] === Bead state consistency check completed ===
[2026-09-02T05:19:27-04:00] === Bead state consistency check started ===
[2026-09-02T05:19:27-04:00] Checking for assigned-but-open beads (status=open with assignee)...
[2026-09-02T05:19:27-04:00] Checking for orphaned in-progress beads (status=in_progress without assignee)...
[2026-09-02T05:19:27-04:00] Checking for stale dependency blocks...
[2026-09-02T05:19:27-04:00] === Bead state consistency check completed ===
[2026-09-02T05:34:27-04:00] === Bead state consistency check started ===
[2026-09-02T05:34:27-04:00] Checking for assigned-but-open beads (status=open with assignee)...
[2026-09-02T05:34:27-04:00] Checking for orphaned in-progress beads (status=in_progress without assignee)...
[2026-09-02T05:34:27-04:00] Checking for stale dependency blocks...
[2026-09-02T05:34:27-04:00] === Bead state consistency check completed ===
[2026-09-02T05:49:27-04:00] === Bead state consistency check started ===
[2026-09-02T05:49:27-04:00] Checking for assigned-but-open beads (status=open with assignee)...
[2026-09-02T05:49:27-04:00] Checking for orphaned in-progress beads (status=in_progress without assignee)...
[2026-09-02T05:49:27-04:00] Checking for stale dependency blocks...
[2026-09-02T05:49:27-04:00] === Bead state consistency check completed ===
[2026-09-02T06:04:28-04:00] === Bead state consistency check started ===
[2026-09-02T06:04:28-04:00] Checking for assigned-but-open beads (status=open with assignee)...
[2026-09-02T06:04:28-04:00] Checking for orphaned in-progress beads (status=in_progress without assignee)...
[2026-09-02T06:04:28-04:00] Checking for stale dependency blocks...
[2026-09-02T06:04:28-04:00] === Bead state consistency check completed ===
[2026-09-02T06:19:28-04:00] === Bead state consistency check started ===
[2026-09-02T06:19:28-04:00] Checking for assigned-but-open beads (status=open with assignee)...
[2026-09-02T06:19:28-04:00] Checking for orphaned in-progress beads (status=in_progress without assignee)...
[2026-09-02T06:19:28-04:00] Checking for stale dependency blocks...
[2026-09-02T06:19:28-04:00] === Bead state consistency check completed ===
[2026-09-02T06:34:29-04:00] === Bead state consistency check started ===
[2026-09-02T06:34:29-04:00] Checking for assigned-but-open beads (status=open with assignee)...
[2026-09-02T06:34:29-04:00] Checking for orphaned in-progress beads (status=in_progress without assignee)...
[2026-09-02T06:34:29-04:00] Checking for stale dependency blocks...
[2026-09-02T06:34:29-04:00] === Bead state consistency check completed ===
[2026-09-02T06:49:29-04:00] === Bead state consistency check started ===
[2026-09-02T06:49:29-04:00] Checking for assigned-but-open beads (status=open with assignee)...
[2026-09-02T06:49:29-04:00] Checking for orphaned in-progress beads (status=in_progress without assignee)...
[2026-09-02T06:49:29-04:00] Checking for stale dependency blocks...
[2026-09-02T06:49:29-04:00] === Bead state consistency check completed ===
[2026-09-02T07:04:30-04:00] === Bead state consistency check started ===
[2026-09-02T07:04:30-04:00] Checking for assigned-but-open beads (status=open with assignee)...
[2026-09-02T07:04:30-04:00] Checking for orphaned in-progress beads (status=in_progress without assignee)...
[2026-09-02T07:04:30-04:00] Checking for stale dependency blocks...
[2026-09-02T07:04:30-04:00] === Bead state consistency check completed ===
[2026-09-02T07:19:30-04:00] === Bead state consistency check started ===
[2026-09-02T07:19:30-04:00] Checking for assigned-but-open beads (status=open with assignee)...
[2026-09-02T07:19:30-04:00] Checking for orphaned in-progress beads (status=in_progress without assignee)...
[2026-09-02T07:19:30-04:00] Checking for stale dependency blocks...
[2026-09-02T07:19:30-04:00] === Bead state consistency check completed ===
[2026-09-02T07:34:31-04:00] === Bead state consistency check started ===
[2026-09-02T07:34:31-04:00] Checking for assigned-but-open beads (status=open with assignee)...
[2026-09-02T07:34:31-04:00] Checking for orphaned in-progress beads (status=in_progress without assignee)...
[2026-09-02T07:34:31-04:00] Checking for stale dependency blocks...
[2026-09-02T07:34:31-04:00] === Bead state consistency check completed ===
[2026-09-02T07:49:31-04:00] === Bead state consistency check started ===
[2026-09-02T07:49:31-04:00] Checking for assigned-but-open beads (status=open with assignee)...
[2026-09-02T07:49:31-04:00] Checking for orphaned in-progress beads (status=in_progress without assignee)...
[2026-09-02T07:49:31-04:00] Checking for stale dependency blocks...
[2026-09-02T07:49:31-04:00] === Bead state consistency check completed ===
[2026-09-02T08:04:31-04:00] === Bead state consistency check started ===
[2026-09-02T08:04:31-04:00] Checking for assigned-but-open beads (status=open with assignee)...
[2026-09-02T08:04:31-04:00] Checking for orphaned in-progress beads (status=in_progress without assignee)...
[2026-09-02T08:04:31-04:00] Checking for stale dependency blocks...
[2026-09-02T08:04:31-04:00] === Bead state consistency check completed ===
[2026-09-02T08:19:31-04:00] === Bead state consistency check started ===
[2026-09-02T08:19:31-04:00] Checking for assigned-but-open beads (status=open with assignee)...
[2026-09-02T08:19:31-04:00] Checking for orphaned in-progress beads (status=in_progress without assignee)...
[2026-09-02T08:19:31-04:00] Checking for stale dependency blocks...
[2026-09-02T08:19:31-04:00] === Bead state consistency check completed ===
[2026-09-02T08:34:32-04:00] === Bead state consistency check started ===
[2026-09-02T08:34:32-04:00] Checking for assigned-but-open beads (status=open with assignee)...
[2026-09-02T08:34:32-04:00] Checking for orphaned in-progress beads (status=in_progress without assignee)...
[2026-09-02T08:34:32-04:00] Checking for stale dependency blocks...
[2026-09-02T08:34:32-04:00] === Bead state consistency check completed ===
[2026-09-02T08:49:32-04:00] === Bead state consistency check started ===
[2026-09-02T08:49:32-04:00] Checking for assigned-but-open beads (status=open with assignee)...
[2026-09-02T08:49:32-04:00] Checking for orphaned in-progress beads (status=in_progress without assignee)...
[2026-09-02T08:49:32-04:00] Checking for stale dependency blocks...
[2026-09-02T08:49:32-04:00] === Bead state consistency check completed ===
[2026-09-02T09:04:33-04:00] === Bead state consistency check started ===
[2026-09-02T09:04:33-04:00] Checking for assigned-but-open beads (status=open with assignee)...
[2026-09-02T09:04:33-04:00] Checking for orphaned in-progress beads (status=in_progress without assignee)...
[2026-09-02T09:04:33-04:00] Checking for stale dependency blocks...
[2026-09-02T09:04:33-04:00] === Bead state consistency check completed ===
[2026-09-02T09:19:33-04:00] === Bead state consistency check started ===
[2026-09-02T09:19:33-04:00] Checking for assigned-but-open beads (status=open with assignee)...
[2026-09-02T09:19:33-04:00] Checking for orphaned in-progress beads (status=in_progress without assignee)...
[2026-09-02T09:19:33-04:00] Checking for stale dependency blocks...
[2026-09-02T09:19:33-04:00] === Bead state consistency check completed ===
[2026-09-02T09:34:34-04:00] === Bead state consistency check started ===
[2026-09-02T09:34:34-04:00] Checking for assigned-but-open beads (status=open with assignee)...
[2026-09-02T09:34:34-04:00] Checking for orphaned in-progress beads (status=in_progress without assignee)...
[2026-09-02T09:34:34-04:00] Checking for stale dependency blocks...
[2026-09-02T09:34:34-04:00] === Bead state consistency check completed ===
[2026-09-02T09:49:34-04:00] === Bead state consistency check started ===
[2026-09-02T09:49:34-04:00] Checking for assigned-but-open beads (status=open with assignee)...
[2026-09-02T09:49:34-04:00] Checking for orphaned in-progress beads (status=in_progress without assignee)...
[2026-09-02T09:49:34-04:00] Checking for stale dependency blocks...
[2026-09-02T09:49:34-04:00] === Bead state consistency check completed ===
[2026-09-02T10:04:34-04:00] === Bead state consistency check started ===
[2026-09-02T10:04:34-04:00] Checking for assigned-but-open beads (status=open with assignee)...
[2026-09-02T10:04:34-04:00] Checking for orphaned in-progress beads (status=in_progress without assignee)...
[2026-09-02T10:04:34-04:00] Checking for stale dependency blocks...
[2026-09-02T10:04:34-04:00] === Bead state consistency check completed ===
[2026-09-02T10:19:34-04:00] === Bead state consistency check started ===
[2026-09-02T10:19:34-04:00] Checking for assigned-but-open beads (status=open with assignee)...
[2026-09-02T10:19:34-04:00] Checking for orphaned in-progress beads (status=in_progress without assignee)...
[2026-09-02T10:19:34-04:00] Checking for stale dependency blocks...
[2026-09-02T10:19:34-04:00] === Bead state consistency check completed ===
[2026-09-02T10:34:35-04:00] === Bead state consistency check started ===
[2026-09-02T10:34:35-04:00] Checking for assigned-but-open beads (status=open with assignee)...
[2026-09-02T10:34:35-04:00] Checking for orphaned in-progress beads (status=in_progress without assignee)...
[2026-09-02T10:34:35-04:00] Checking for stale dependency blocks...
[2026-09-02T10:34:35-04:00] === Bead state consistency check completed ===
[2026-09-02T10:49:35-04:00] === Bead state consistency check started ===
[2026-09-02T10:49:35-04:00] Checking for assigned-but-open beads (status=open with assignee)...
[2026-09-02T10:49:35-04:00] Checking for orphaned in-progress beads (status=in_progress without assignee)...
[2026-09-02T10:49:35-04:00] Checking for stale dependency blocks...
[2026-09-02T10:49:35-04:00] === Bead state consistency check completed ===
[2026-09-02T11:04:36-04:00] === Bead state consistency check started ===
[2026-09-02T11:04:36-04:00] Checking for assigned-but-open beads (status=open with assignee)...
[2026-09-02T11:04:36-04:00] Checking for orphaned in-progress beads (status=in_progress without assignee)...
[2026-09-02T11:04:36-04:00] Checking for stale dependency blocks...
[2026-09-02T11:04:36-04:00] === Bead state consistency check completed ===
[2026-09-02T11:19:36-04:00] === Bead state consistency check started ===
[2026-09-02T11:19:36-04:00] Checking for assigned-but-open beads (status=open with assignee)...
[2026-09-02T11:19:36-04:00] Checking for orphaned in-progress beads (status=in_progress without assignee)...
[2026-09-02T11:19:36-04:00] Checking for stale dependency blocks...
[2026-09-02T11:19:36-04:00] === Bead state consistency check completed ===
[2026-09-02T11:34:37-04:00] === Bead state consistency check started ===
[2026-09-02T11:34:37-04:00] Checking for assigned-but-open beads (status=open with assignee)...
[2026-09-02T11:34:37-04:00] Checking for orphaned in-progress beads (status=in_progress without assignee)...
[2026-09-02T11:34:37-04:00] Checking for stale dependency blocks...
[2026-09-02T11:34:37-04:00] === Bead state consistency check completed ===
[2026-09-02T11:49:37-04:00] === Bead state consistency check started ===
[2026-09-02T11:49:37-04:00] Checking for assigned-but-open beads (status=open with assignee)...
[2026-09-02T11:49:37-04:00] Checking for orphaned in-progress beads (status=in_progress without assignee)...
[2026-09-02T11:49:37-04:00] Checking for stale dependency blocks...
[2026-09-02T11:49:37-04:00] === Bead state consistency check completed ===
[2026-09-02T12:04:38-04:00] === Bead state consistency check started ===
[2026-09-02T12:04:38-04:00] Checking for assigned-but-open beads (status=open with assignee)...
[2026-09-02T12:04:38-04:00] Checking for orphaned in-progress beads (status=in_progress without assignee)...
[2026-09-02T12:04:38-04:00] Checking for stale dependency blocks...
[2026-09-02T12:04:38-04:00] === Bead state consistency check completed ===
[2026-09-02T12:19:38-04:00] === Bead state consistency check started ===
[2026-09-02T12:19:38-04:00] Checking for assigned-but-open beads (status=open with assignee)...
[2026-09-02T12:19:38-04:00] Checking for orphaned in-progress beads (status=in_progress without assignee)...
[2026-09-02T12:19:38-04:00] Checking for stale dependency blocks...
[2026-09-02T12:19:38-04:00] === Bead state consistency check completed ===
[2026-09-02T12:34:38-04:00] === Bead state consistency check started ===
[2026-09-02T12:34:38-04:00] Checking for assigned-but-open beads (status=open with assignee)...
[2026-09-02T12:34:38-04:00] Checking for orphaned in-progress beads (status=in_progress without assignee)...
[2026-09-02T12:34:38-04:00] Checking for stale dependency blocks...
[2026-09-02T12:34:38-04:00] === Bead state consistency check completed ===
[2026-09-02T12:49:39-04:00] === Bead state consistency check started ===
[2026-09-02T12:49:39-04:00] Checking for assigned-but-open beads (status=open with assignee)...
[2026-09-02T12:49:39-04:00] Checking for orphaned in-progress beads (status=in_progress without assignee)...
[2026-09-02T12:49:39-04:00] Checking for stale dependency blocks...
[2026-09-02T12:49:39-04:00] === Bead state consistency check completed ===
[2026-09-02T13:04:39-04:00] === Bead state consistency check started ===
[2026-09-02T13:04:39-04:00] Checking for assigned-but-open beads (status=open with assignee)...
[2026-09-02T13:04:39-04:00] Checking for orphaned in-progress beads (status=in_progress without assignee)...
[2026-09-02T13:04:39-04:00] Checking for stale dependency blocks...
[2026-09-02T13:04:39-04:00] === Bead state consistency check completed ===
[2026-09-02T13:19:40-04:00] === Bead state consistency check started ===
[2026-09-02T13:19:40-04:00] Checking for assigned-but-open beads (status=open with assignee)...
[2026-09-02T13:19:40-04:00] Checking for orphaned in-progress beads (status=in_progress without assignee)...
[2026-09-02T13:19:40-04:00] Checking for stale dependency blocks...
[2026-09-02T13:19:40-04:00] === Bead state consistency check completed ===
[2026-09-02T13:34:41-04:00] === Bead state consistency check started ===
[2026-09-02T13:34:41-04:00] Checking for assigned-but-open beads (status=open with assignee)...
[2026-09-02T13:34:41-04:00] Checking for orphaned in-progress beads (status=in_progress without assignee)...
[2026-09-02T13:34:41-04:00] Checking for stale dependency blocks...
[2026-09-02T13:34:41-04:00] === Bead state consistency check completed ===
[2026-09-02T13:49:41-04:00] === Bead state consistency check started ===
[2026-09-02T13:49:41-04:00] Checking for assigned-but-open beads (status=open with assignee)...
[2026-09-02T13:49:41-04:00] Checking for orphaned in-progress beads (status=in_progress without assignee)...
[2026-09-02T13:49:41-04:00] Checking for stale dependency blocks...
[2026-09-02T13:49:41-04:00] === Bead state consistency check completed ===
[2026-09-02T14:04:42-04:00] === Bead state consistency check started ===
[2026-09-02T14:04:42-04:00] Checking for assigned-but-open beads (status=open with assignee)...
[2026-09-02T14:04:42-04:00] Checking for orphaned in-progress beads (status=in_progress without assignee)...
[2026-09-02T14:04:42-04:00] Checking for stale dependency blocks...
[2026-09-02T14:04:42-04:00] === Bead state consistency check completed ===
[2026-09-02T14:19:43-04:00] === Bead state consistency check started ===
[2026-09-02T14:19:43-04:00] Checking for assigned-but-open beads (status=open with assignee)...
[2026-09-02T14:19:43-04:00] Checking for orphaned in-progress beads (status=in_progress without assignee)...
[2026-09-02T14:19:43-04:00] Checking for stale dependency blocks...
[2026-09-02T14:19:43-04:00] === Bead state consistency check completed ===
[2026-09-02T14:34:44-04:00] === Bead state consistency check started ===
[2026-09-02T14:34:44-04:00] Checking for assigned-but-open beads (status=open with assignee)...
[2026-09-02T14:34:44-04:00] Checking for orphaned in-progress beads (status=in_progress without assignee)...
[2026-09-02T14:34:44-04:00] Checking for stale dependency blocks...
[2026-09-02T14:34:44-04:00] === Bead state consistency check completed ===
[2026-09-02T14:49:44-04:00] === Bead state consistency check started ===
[2026-09-02T14:49:44-04:00] Checking for assigned-but-open beads (status=open with assignee)...
[2026-09-02T14:49:44-04:00] Checking for orphaned in-progress beads (status=in_progress without assignee)...
[2026-09-02T14:49:44-04:00] Checking for stale dependency blocks...
[2026-09-02T14:49:44-04:00] === Bead state consistency check completed ===
[2026-09-02T15:04:45-04:00] === Bead state consistency check started ===
[2026-09-02T15:04:45-04:00] Checking for assigned-but-open beads (status=open with assignee)...
[2026-09-02T15:04:45-04:00] Checking for orphaned in-progress beads (status=in_progress without assignee)...
[2026-09-02T15:04:45-04:00] Checking for stale dependency blocks...
[2026-09-02T15:04:45-04:00] === Bead state consistency check completed ===
[2026-09-02T15:19:46-04:00] === Bead state consistency check started ===
[2026-09-02T15:19:46-04:00] Checking for assigned-but-open beads (status=open with assignee)...
[2026-09-02T15:19:46-04:00] Checking for orphaned in-progress beads (status=in_progress without assignee)...
[2026-09-02T15:19:46-04:00] Checking for stale dependency blocks...
[2026-09-02T15:19:46-04:00] === Bead state consistency check completed ===
[2026-09-02T15:34:47-04:00] === Bead state consistency check started ===
[2026-09-02T15:34:47-04:00] Checking for assigned-but-open beads (status=open with assignee)...
[2026-09-02T15:34:47-04:00] Checking for orphaned in-progress beads (status=in_progress without assignee)...
[2026-09-02T15:34:47-04:00] Checking for stale dependency blocks...
[2026-09-02T15:34:47-04:00] === Bead state consistency check completed ===
[2026-09-02T15:49:48-04:00] === Bead state consistency check started ===
[2026-09-02T15:49:48-04:00] Checking for assigned-but-open beads (status=open with assignee)...
[2026-09-02T15:49:48-04:00] Checking for orphaned in-progress beads (status=in_progress without assignee)...
[2026-09-02T15:49:48-04:00] Checking for stale dependency blocks...
[2026-09-02T15:49:48-04:00] === Bead state consistency check completed ===
[2026-09-02T16:04:49-04:00] === Bead state consistency check started ===
[2026-09-02T16:04:49-04:00] Checking for assigned-but-open beads (status=open with assignee)...
[2026-09-02T16:04:49-04:00] Checking for orphaned in-progress beads (status=in_progress without assignee)...
[2026-09-02T16:04:49-04:00] Checking for stale dependency blocks...
[2026-09-02T16:04:49-04:00] === Bead state consistency check completed ===
[2026-09-02T16:19:50-04:00] === Bead state consistency check started ===
[2026-09-02T16:19:50-04:00] Checking for assigned-but-open beads (status=open with assignee)...
[2026-09-02T16:19:50-04:00] Checking for orphaned in-progress beads (status=in_progress without assignee)...
[2026-09-02T16:19:50-04:00] Checking for stale dependency blocks...
[2026-09-02T16:19:50-04:00] === Bead state consistency check completed ===
[2026-09-02T16:34:51-04:00] === Bead state consistency check started ===
[2026-09-02T16:34:51-04:00] Checking for assigned-but-open beads (status=open with assignee)...
[2026-09-02T16:34:51-04:00] Checking for orphaned in-progress beads (status=in_progress without assignee)...
[2026-09-02T16:34:51-04:00] Checking for stale dependency blocks...
[2026-09-02T16:34:51-04:00] === Bead state consistency check completed ===
[2026-09-02T16:49:51-04:00] === Bead state consistency check started ===
[2026-09-02T16:49:51-04:00] Checking for assigned-but-open beads (status=open with assignee)...
[2026-09-02T16:49:51-04:00] Checking for orphaned in-progress beads (status=in_progress without assignee)...
[2026-09-02T16:49:51-04:00] Checking for stale dependency blocks...
[2026-09-02T16:49:51-04:00] === Bead state consistency check completed ===
[2026-09-02T17:04:51-04:00] === Bead state consistency check started ===
[2026-09-02T17:04:51-04:00] Checking for assigned-but-open beads (status=open with assignee)...
[2026-09-02T17:04:51-04:00] Checking for orphaned in-progress beads (status=in_progress without assignee)...
[2026-09-02T17:04:51-04:00] Checking for stale dependency blocks...
[2026-09-02T17:04:51-04:00] === Bead state consistency check completed ===
[2026-09-02T17:19:52-04:00] === Bead state consistency check started ===
[2026-09-02T17:19:52-04:00] Checking for assigned-but-open beads (status=open with assignee)...
[2026-09-02T17:19:52-04:00] Checking for orphaned in-progress beads (status=in_progress without assignee)...
[2026-09-02T17:19:52-04:00] Checking for stale dependency blocks...
[2026-09-02T17:19:52-04:00] === Bead state consistency check completed ===
[2026-09-02T17:34:52-04:00] === Bead state consistency check started ===
[2026-09-02T17:34:52-04:00] Checking for assigned-but-open beads (status=open with assignee)...
[2026-09-02T17:34:52-04:00] Checking for orphaned in-progress beads (status=in_progress without assignee)...
[2026-09-02T17:34:52-04:00] Checking for stale dependency blocks...
[2026-09-02T17:34:52-04:00] === Bead state consistency check completed ===
[2026-09-02T17:49:52-04:00] === Bead state consistency check started ===
[2026-09-02T17:49:52-04:00] Checking for assigned-but-open beads (status=open with assignee)...
[2026-09-02T17:49:52-04:00] Checking for orphaned in-progress beads (status=in_progress without assignee)...
[2026-09-02T17:49:52-04:00] Checking for stale dependency blocks...
[2026-09-02T17:49:52-04:00] === Bead state consistency check completed ===
[2026-09-02T18:04:52-04:00] === Bead state consistency check started ===
[2026-09-02T18:04:52-04:00] Checking for assigned-but-open beads (status=open with assignee)...
[2026-09-02T18:04:52-04:00] Checking for orphaned in-progress beads (status=in_progress without assignee)...
[2026-09-02T18:04:52-04:00] Checking for stale dependency blocks...
[2026-09-02T18:04:52-04:00] === Bead state consistency check completed ===
[2026-09-02T18:19:53-04:00] === Bead state consistency check started ===
[2026-09-02T18:19:53-04:00] Checking for assigned-but-open beads (status=open with assignee)...
[2026-09-02T18:19:53-04:00] Checking for orphaned in-progress beads (status=in_progress without assignee)...
[2026-09-02T18:19:53-04:00] Checking for stale dependency blocks...
[2026-09-02T18:19:53-04:00] === Bead state consistency check completed ===
[2026-09-02T18:34:54-04:00] === Bead state consistency check started ===
[2026-09-02T18:34:54-04:00] Checking for assigned-but-open beads (status=open with assignee)...
[2026-09-02T18:34:54-04:00] Checking for orphaned in-progress beads (status=in_progress without assignee)...
[2026-09-02T18:34:54-04:00] Checking for stale dependency blocks...
[2026-09-02T18:34:54-04:00] === Bead state consistency check completed ===
[2026-09-02T18:49:55-04:00] === Bead state consistency check started ===
[2026-09-02T18:49:55-04:00] Checking for assigned-but-open beads (status=open with assignee)...
[2026-09-02T18:49:55-04:00] Checking for orphaned in-progress beads (status=in_progress without assignee)...
[2026-09-02T18:49:55-04:00] Checking for stale dependency blocks...
[2026-09-02T18:49:55-04:00] === Bead state consistency check completed ===
[2026-09-02T19:04:56-04:00] === Bead state consistency check started ===
[2026-09-02T19:04:56-04:00] Checking for assigned-but-open beads (status=open with assignee)...
[2026-09-02T19:04:56-04:00] Checking for orphaned in-progress beads (status=in_progress without assignee)...
[2026-09-02T19:04:56-04:00] Checking for stale dependency blocks...
[2026-09-02T19:04:56-04:00] === Bead state consistency check completed ===
[2026-09-02T19:19:57-04:00] === Bead state consistency check started ===
[2026-09-02T19:19:57-04:00] Checking for assigned-but-open beads (status=open with assignee)...
[2026-09-02T19:19:57-04:00] Checking for orphaned in-progress beads (status=in_progress without assignee)...
[2026-09-02T19:19:57-04:00] Checking for stale dependency blocks...
[2026-09-02T19:19:57-04:00] === Bead state consistency check completed ===
[2026-09-02T19:34:57-04:00] === Bead state consistency check started ===
[2026-09-02T19:34:57-04:00] Checking for assigned-but-open beads (status=open with assignee)...
[2026-09-02T19:34:57-04:00] Checking for orphaned in-progress beads (status=in_progress without assignee)...
[2026-09-02T19:34:57-04:00] Checking for stale dependency blocks...
[2026-09-02T19:34:57-04:00] === Bead state consistency check completed ===
[2026-09-02T19:49:58-04:00] === Bead state consistency check started ===
[2026-09-02T19:49:58-04:00] Checking for assigned-but-open beads (status=open with assignee)...
[2026-09-02T19:49:58-04:00] Checking for orphaned in-progress beads (status=in_progress without assignee)...
[2026-09-02T19:49:58-04:00] Checking for stale dependency blocks...
[2026-09-02T19:49:58-04:00] === Bead state consistency check completed ===
[2026-09-02T20:04:58-04:00] === Bead state consistency check started ===
[2026-09-02T20:04:58-04:00] Checking for assigned-but-open beads (status=open with assignee)...
[2026-09-02T20:04:58-04:00] Checking for orphaned in-progress beads (status=in_progress without assignee)...
[2026-09-02T20:04:58-04:00] Checking for stale dependency blocks...
[2026-09-02T20:04:58-04:00] === Bead state consistency check completed ===
[2026-09-02T20:19:59-04:00] === Bead state consistency check started ===
[2026-09-02T20:19:59-04:00] Checking for assigned-but-open beads (status=open with assignee)...
[2026-09-02T20:19:59-04:00] Checking for orphaned in-progress beads (status=in_progress without assignee)...
[2026-09-02T20:19:59-04:00] Checking for stale dependency blocks...
[2026-09-02T20:19:59-04:00] === Bead state consistency check completed ===
[2026-09-02T20:35:00-04:00] === Bead state consistency check started ===
[2026-09-02T20:35:00-04:00] Checking for assigned-but-open beads (status=open with assignee)...
[2026-09-02T20:35:00-04:00] Checking for orphaned in-progress beads (status=in_progress without assignee)...
[2026-09-02T20:35:00-04:00] Checking for stale dependency blocks...
[2026-09-02T20:35:00-04:00] === Bead state consistency check completed ===
[2026-09-02T20:50:00-04:00] === Bead state consistency check started ===
[2026-09-02T20:50:00-04:00] Checking for assigned-but-open beads (status=open with assignee)...
[2026-09-02T20:50:00-04:00] Checking for orphaned in-progress beads (status=in_progress without assignee)...
[2026-09-02T20:50:00-04:00] Checking for stale dependency blocks...
[2026-09-02T20:50:00-04:00] === Bead state consistency check completed ===
[2026-09-02T21:05:01-04:00] === Bead state consistency check started ===
[2026-09-02T21:05:01-04:00] Checking for assigned-but-open beads (status=open with assignee)...
[2026-09-02T21:05:01-04:00] Checking for orphaned in-progress beads (status=in_progress without assignee)...
[2026-09-02T21:05:01-04:00] Checking for stale dependency blocks...
[2026-09-02T21:05:01-04:00] === Bead state consistency check completed ===
[2026-09-02T21:20:02-04:00] === Bead state consistency check started ===
[2026-09-02T21:20:02-04:00] Checking for assigned-but-open beads (status=open with assignee)...
[2026-09-02T21:20:02-04:00] Checking for orphaned in-progress beads (status=in_progress without assignee)...
[2026-09-02T21:20:02-04:00] Checking for stale dependency blocks...
[2026-09-02T21:20:02-04:00] === Bead state consistency check completed ===
[2026-09-02T21:35:03-04:00] === Bead state consistency check started ===
[2026-09-02T21:35:03-04:00] Checking for assigned-but-open beads (status=open with assignee)...
[2026-09-02T21:35:03-04:00] Checking for orphaned in-progress beads (status=in_progress without assignee)...
[2026-09-02T21:35:03-04:00] Checking for stale dependency blocks...
[2026-09-02T21:35:03-04:00] === Bead state consistency check completed ===
[2026-09-02T21:50:04-04:00] === Bead state consistency check started ===
[2026-09-02T21:50:04-04:00] Checking for assigned-but-open beads (status=open with assignee)...
[2026-09-02T21:50:04-04:00] Checking for orphaned in-progress beads (status=in_progress without assignee)...
[2026-09-02T21:50:04-04:00] Checking for stale dependency blocks...
[2026-09-02T21:50:04-04:00] === Bead state consistency check completed ===
[2026-09-02T22:05:05-04:00] === Bead state consistency check started ===
[2026-09-02T22:05:05-04:00] Checking for assigned-but-open beads (status=open with assignee)...
[2026-09-02T22:05:05-04:00] Checking for orphaned in-progress beads (status=in_progress without assignee)...
[2026-09-02T22:05:05-04:00] Checking for stale dependency blocks...
[2026-09-02T22:05:05-04:00] === Bead state consistency check completed ===
[2026-09-02T22:20:06-04:00] === Bead state consistency check started ===
[2026-09-02T22:20:06-04:00] Checking for assigned-but-open beads (status=open with assignee)...
[2026-09-02T22:20:06-04:00] Checking for orphaned in-progress beads (status=in_progress without assignee)...
[2026-09-02T22:20:06-04:00] Checking for stale dependency blocks...
[2026-09-02T22:20:06-04:00] === Bead state consistency check completed ===
[2026-09-02T22:35:07-04:00] === Bead state consistency check started ===
[2026-09-02T22:35:07-04:00] Checking for assigned-but-open beads (status=open with assignee)...
[2026-09-02T22:35:07-04:00] Checking for orphaned in-progress beads (status=in_progress without assignee)...
[2026-09-02T22:35:07-04:00] Checking for stale dependency blocks...
[2026-09-02T22:35:07-04:00] === Bead state consistency check completed ===
[2026-09-02T22:50:08-04:00] === Bead state consistency check started ===
[2026-09-02T22:50:08-04:00] Checking for assigned-but-open beads (status=open with assignee)...
[2026-09-02T22:50:08-04:00] Checking for orphaned in-progress beads (status=in_progress without assignee)...
[2026-09-02T22:50:08-04:00] Checking for stale dependency blocks...
[2026-09-02T22:50:08-04:00] === Bead state consistency check completed ===
[2026-09-02T23:05:09-04:00] === Bead state consistency check started ===
[2026-09-02T23:05:09-04:00] Checking for assigned-but-open beads (status=open with assignee)...
[2026-09-02T23:05:09-04:00] Checking for orphaned in-progress beads (status=in_progress without assignee)...
[2026-09-02T23:05:09-04:00] Checking for stale dependency blocks...
[2026-09-02T23:05:09-04:00] === Bead state consistency check completed ===
[2026-09-02T23:20:10-04:00] === Bead state consistency check started ===
[2026-09-02T23:20:10-04:00] Checking for assigned-but-open beads (status=open with assignee)...
[2026-09-02T23:20:10-04:00] Checking for orphaned in-progress beads (status=in_progress without assignee)...
[2026-09-02T23:20:10-04:00] Checking for stale dependency blocks...
[2026-09-02T23:20:10-04:00] === Bead state consistency check completed ===
[2026-09-02T23:35:11-04:00] === Bead state consistency check started ===
[2026-09-02T23:35:11-04:00] Checking for assigned-but-open beads (status=open with assignee)...
[2026-09-02T23:35:11-04:00] Checking for orphaned in-progress beads (status=in_progress without assignee)...
[2026-09-02T23:35:11-04:00] Checking for stale dependency blocks...
[2026-09-02T23:35:11-04:00] === Bead state consistency check completed ===
[2026-09-02T23:50:12-04:00] === Bead state consistency check started ===
[2026-09-02T23:50:12-04:00] Checking for assigned-but-open beads (status=open with assignee)...
[2026-09-02T23:50:12-04:00] Checking for orphaned in-progress beads (status=in_progress without assignee)...
[2026-09-02T23:50:12-04:00] Checking for stale dependency blocks...
[2026-09-02T23:50:12-04:00] === Bead state consistency check completed ===
[2026-09-03T00:05:12-04:00] === Bead state consistency check started ===
[2026-09-03T00:05:12-04:00] Checking for assigned-but-open beads (status=open with assignee)...
[2026-09-03T00:05:12-04:00] Checking for orphaned in-progress beads (status=in_progress without assignee)...
[2026-09-03T00:05:12-04:00] Checking for stale dependency blocks...
[2026-09-03T00:05:12-04:00] === Bead state consistency check completed ===
[2026-09-03T00:20:12-04:00] === Bead state consistency check started ===
[2026-09-03T00:20:12-04:00] Checking for assigned-but-open beads (status=open with assignee)...
[2026-09-03T00:20:12-04:00] Checking for orphaned in-progress beads (status=in_progress without assignee)...
[2026-09-03T00:20:12-04:00] Checking for stale dependency blocks...
[2026-09-03T00:20:12-04:00] === Bead state consistency check completed ===
[2026-09-03T00:35:13-04:00] === Bead state consistency check started ===
[2026-09-03T00:35:13-04:00] Checking for assigned-but-open beads (status=open with assignee)...
[2026-09-03T00:35:13-04:00] Checking for orphaned in-progress beads (status=in_progress without assignee)...
[2026-09-03T00:35:13-04:00] Checking for stale dependency blocks...
[2026-09-03T00:35:13-04:00] === Bead state consistency check completed ===
[2026-09-03T00:50:13-04:00] === Bead state consistency check started ===
[2026-09-03T00:50:13-04:00] Checking for assigned-but-open beads (status=open with assignee)...
[2026-09-03T00:50:13-04:00] Checking for orphaned in-progress beads (status=in_progress without assignee)...
[2026-09-03T00:50:13-04:00] Checking for stale dependency blocks...
[2026-09-03T00:50:13-04:00] === Bead state consistency check completed ===
[2026-09-03T01:05:14-04:00] === Bead state consistency check started ===
[2026-09-03T01:05:14-04:00] Checking for assigned-but-open beads (status=open with assignee)...
[2026-09-03T01:05:14-04:00] Checking for orphaned in-progress beads (status=in_progress without assignee)...
[2026-09-03T01:05:14-04:00] Checking for stale dependency blocks...
[2026-09-03T01:05:14-04:00] === Bead state consistency check completed ===
[2026-09-03T01:20:14-04:00] === Bead state consistency check started ===
[2026-09-03T01:20:14-04:00] Checking for assigned-but-open beads (status=open with assignee)...
[2026-09-03T01:20:14-04:00] Checking for orphaned in-progress beads (status=in_progress without assignee)...
[2026-09-03T01:20:14-04:00] Checking for stale dependency blocks...
[2026-09-03T01:20:14-04:00] === Bead state consistency check completed ===
[2026-09-03T01:35:15-04:00] === Bead state consistency check started ===
[2026-09-03T01:35:15-04:00] Checking for assigned-but-open beads (status=open with assignee)...
[2026-09-03T01:35:15-04:00] Checking for orphaned in-progress beads (status=in_progress without assignee)...
[2026-09-03T01:35:15-04:00] Checking for stale dependency blocks...
[2026-09-03T01:35:15-04:00] === Bead state consistency check completed ===
[2026-09-03T01:50:16-04:00] === Bead state consistency check started ===
[2026-09-03T01:50:16-04:00] Checking for assigned-but-open beads (status=open with assignee)...
[2026-09-03T01:50:16-04:00] Checking for orphaned in-progress beads (status=in_progress without assignee)...
[2026-09-03T01:50:16-04:00] Checking for stale dependency blocks...
[2026-09-03T01:50:16-04:00] === Bead state consistency check completed ===
[2026-09-03T02:05:17-04:00] === Bead state consistency check started ===
[2026-09-03T02:05:17-04:00] Checking for assigned-but-open beads (status=open with assignee)...
[2026-09-03T02:05:17-04:00] Checking for orphaned in-progress beads (status=in_progress without assignee)...
[2026-09-03T02:05:17-04:00] Checking for stale dependency blocks...
[2026-09-03T02:05:17-04:00] === Bead state consistency check completed ===
[2026-09-03T02:20:18-04:00] === Bead state consistency check started ===
[2026-09-03T02:20:18-04:00] Checking for assigned-but-open beads (status=open with assignee)...
[2026-09-03T02:20:18-04:00] Checking for orphaned in-progress beads (status=in_progress without assignee)...
[2026-09-03T02:20:18-04:00] Checking for stale dependency blocks...
[2026-09-03T02:20:18-04:00] === Bead state consistency check completed ===
[2026-09-03T02:35:18-04:00] === Bead state consistency check started ===
[2026-09-03T02:35:18-04:00] Checking for assigned-but-open beads (status=open with assignee)...
[2026-09-03T02:35:18-04:00] Checking for orphaned in-progress beads (status=in_progress without assignee)...
[2026-09-03T02:35:18-04:00] Checking for stale dependency blocks...
[2026-09-03T02:35:18-04:00] === Bead state consistency check completed ===
[2026-09-03T02:50:19-04:00] === Bead state consistency check started ===
[2026-09-03T02:50:19-04:00] Checking for assigned-but-open beads (status=open with assignee)...
[2026-09-03T02:50:19-04:00] Checking for orphaned in-progress beads (status=in_progress without assignee)...
[2026-09-03T02:50:19-04:00] Checking for stale dependency blocks...
[2026-09-03T02:50:19-04:00] === Bead state consistency check completed ===
[2026-09-03T03:05:20-04:00] === Bead state consistency check started ===
[2026-09-03T03:05:20-04:00] Checking for assigned-but-open beads (status=open with assignee)...
[2026-09-03T03:05:20-04:00] Checking for orphaned in-progress beads (status=in_progress without assignee)...
[2026-09-03T03:05:20-04:00] Checking for stale dependency blocks...
[2026-09-03T03:05:20-04:00] === Bead state consistency check completed ===
[2026-09-03T03:20:21-04:00] === Bead state consistency check started ===
[2026-09-03T03:20:21-04:00] Checking for assigned-but-open beads (status=open with assignee)...
[2026-09-03T03:20:21-04:00] Checking for orphaned in-progress beads (status=in_progress without assignee)...
[2026-09-03T03:20:21-04:00] Checking for stale dependency blocks...
[2026-09-03T03:20:21-04:00] === Bead state consistency check completed ===
[2026-09-03T03:35:21-04:00] === Bead state consistency check started ===
[2026-09-03T03:35:21-04:00] Checking for assigned-but-open beads (status=open with assignee)...
[2026-09-03T03:35:21-04:00] Checking for orphaned in-progress beads (status=in_progress without assignee)...
[2026-09-03T03:35:21-04:00] Checking for stale dependency blocks...
[2026-09-03T03:35:21-04:00] === Bead state consistency check completed ===
[2026-09-03T03:50:21-04:00] === Bead state consistency check started ===
[2026-09-03T03:50:21-04:00] Checking for assigned-but-open beads (status=open with assignee)...
[2026-09-03T03:50:21-04:00] Checking for orphaned in-progress beads (status=in_progress without assignee)...
[2026-09-03T03:50:21-04:00] Checking for stale dependency blocks...
[2026-09-03T03:50:21-04:00] === Bead state consistency check completed ===
[2026-09-03T04:05:21-04:00] === Bead state consistency check started ===
[2026-09-03T04:05:21-04:00] Checking for assigned-but-open beads (status=open with assignee)...
[2026-09-03T04:05:21-04:00] Checking for orphaned in-progress beads (status=in_progress without assignee)...
[2026-09-03T04:05:21-04:00] Checking for stale dependency blocks...
[2026-09-03T04:05:21-04:00] === Bead state consistency check completed ===
[2026-09-03T04:20:21-04:00] === Bead state consistency check started ===
[2026-09-03T04:20:21-04:00] Checking for assigned-but-open beads (status=open with assignee)...
[2026-09-03T04:20:21-04:00] Checking for orphaned in-progress beads (status=in_progress without assignee)...
[2026-09-03T04:20:21-04:00] Checking for stale dependency blocks...
[2026-09-03T04:20:21-04:00] === Bead state consistency check completed ===
[2026-09-03T04:35:21-04:00] === Bead state consistency check started ===
[2026-09-03T04:35:21-04:00] Checking for assigned-but-open beads (status=open with assignee)...
[2026-09-03T04:35:21-04:00] Checking for orphaned in-progress beads (status=in_progress without assignee)...
[2026-09-03T04:35:21-04:00] Checking for stale dependency blocks...
[2026-09-03T04:35:21-04:00] === Bead state consistency check completed ===
[2026-09-03T04:50:22-04:00] === Bead state consistency check started ===
[2026-09-03T04:50:22-04:00] Checking for assigned-but-open beads (status=open with assignee)...
[2026-09-03T04:50:22-04:00] Checking for orphaned in-progress beads (status=in_progress without assignee)...
[2026-09-03T04:50:22-04:00] Checking for stale dependency blocks...
[2026-09-03T04:50:22-04:00] === Bead state consistency check completed ===
[2026-09-03T05:05:22-04:00] === Bead state consistency check started ===
[2026-09-03T05:05:22-04:00] Checking for assigned-but-open beads (status=open with assignee)...
[2026-09-03T05:05:22-04:00] Checking for orphaned in-progress beads (status=in_progress without assignee)...
[2026-09-03T05:05:22-04:00] Checking for stale dependency blocks...
[2026-09-03T05:05:22-04:00] === Bead state consistency check completed ===
[2026-09-03T05:20:22-04:00] === Bead state consistency check started ===
[2026-09-03T05:20:22-04:00] Checking for assigned-but-open beads (status=open with assignee)...
[2026-09-03T05:20:22-04:00] Checking for orphaned in-progress beads (status=in_progress without assignee)...
[2026-09-03T05:20:22-04:00] Checking for stale dependency blocks...
[2026-09-03T05:20:22-04:00] === Bead state consistency check completed ===
[2026-09-03T05:35:22-04:00] === Bead state consistency check started ===
[2026-09-03T05:35:22-04:00] Checking for assigned-but-open beads (status=open with assignee)...
[2026-09-03T05:35:22-04:00] Checking for orphaned in-progress beads (status=in_progress without assignee)...
[2026-09-03T05:35:22-04:00] Checking for stale dependency blocks...
[2026-09-03T05:35:22-04:00] === Bead state consistency check completed ===
[2026-09-03T05:50:23-04:00] === Bead state consistency check started ===
[2026-09-03T05:50:23-04:00] Checking for assigned-but-open beads (status=open with assignee)...
[2026-09-03T05:50:23-04:00] Checking for orphaned in-progress beads (status=in_progress without assignee)...
[2026-09-03T05:50:23-04:00] Checking for stale dependency blocks...
[2026-09-03T05:50:23-04:00] === Bead state consistency check completed ===
[2026-09-03T06:05:23-04:00] === Bead state consistency check started ===
[2026-09-03T06:05:23-04:00] Checking for assigned-but-open beads (status=open with assignee)...
[2026-09-03T06:05:23-04:00] Checking for orphaned in-progress beads (status=in_progress without assignee)...
[2026-09-03T06:05:23-04:00] Checking for stale dependency blocks...
[2026-09-03T06:05:23-04:00] === Bead state consistency check completed ===
[2026-09-03T06:20:23-04:00] === Bead state consistency check started ===
[2026-09-03T06:20:23-04:00] Checking for assigned-but-open beads (status=open with assignee)...
[2026-09-03T06:20:23-04:00] Checking for orphaned in-progress beads (status=in_progress without assignee)...
[2026-09-03T06:20:23-04:00] Checking for stale dependency blocks...
[2026-09-03T06:20:23-04:00] === Bead state consistency check completed ===
[2026-09-03T06:35:23-04:00] === Bead state consistency check started ===
[2026-09-03T06:35:23-04:00] Checking for assigned-but-open beads (status=open with assignee)...
[2026-09-03T06:35:23-04:00] Checking for orphaned in-progress beads (status=in_progress without assignee)...
[2026-09-03T06:35:23-04:00] Checking for stale dependency blocks...
[2026-09-03T06:35:23-04:00] === Bead state consistency check completed ===
[2026-09-03T06:50:24-04:00] === Bead state consistency check started ===
[2026-09-03T06:50:24-04:00] Checking for assigned-but-open beads (status=open with assignee)...
[2026-09-03T06:50:24-04:00] Checking for orphaned in-progress beads (status=in_progress without assignee)...
[2026-09-03T06:50:24-04:00] Checking for stale dependency blocks...
[2026-09-03T06:50:24-04:00] === Bead state consistency check completed ===
[2026-09-03T07:05:24-04:00] === Bead state consistency check started ===
[2026-09-03T07:05:24-04:00] Checking for assigned-but-open beads (status=open with assignee)...
[2026-09-03T07:05:24-04:00] Checking for orphaned in-progress beads (status=in_progress without assignee)...
[2026-09-03T07:05:24-04:00] Checking for stale dependency blocks...
[2026-09-03T07:05:24-04:00] === Bead state consistency check completed ===
[2026-09-03T07:20:25-04:00] === Bead state consistency check started ===
[2026-09-03T07:20:25-04:00] Checking for assigned-but-open beads (status=open with assignee)...
[2026-09-03T07:20:25-04:00] Checking for orphaned in-progress beads (status=in_progress without assignee)...
[2026-09-03T07:20:25-04:00] Checking for stale dependency blocks...
[2026-09-03T07:20:25-04:00] === Bead state consistency check completed ===
[2026-09-03T07:35:26-04:00] === Bead state consistency check started ===
[2026-09-03T07:35:26-04:00] Checking for assigned-but-open beads (status=open with assignee)...
[2026-09-03T07:35:26-04:00] Checking for orphaned in-progress beads (status=in_progress without assignee)...
[2026-09-03T07:35:26-04:00] Checking for stale dependency blocks...
[2026-09-03T07:35:26-04:00] === Bead state consistency check completed ===
[2026-09-03T07:50:27-04:00] === Bead state consistency check started ===
[2026-09-03T07:50:27-04:00] Checking for assigned-but-open beads (status=open with assignee)...
[2026-09-03T07:50:27-04:00] Checking for orphaned in-progress beads (status=in_progress without assignee)...
[2026-09-03T07:50:27-04:00] Checking for stale dependency blocks...
[2026-09-03T07:50:27-04:00] === Bead state consistency check completed ===
[2026-09-03T08:05:27-04:00] === Bead state consistency check started ===
[2026-09-03T08:05:27-04:00] Checking for assigned-but-open beads (status=open with assignee)...
[2026-09-03T08:05:27-04:00] Checking for orphaned in-progress beads (status=in_progress without assignee)...
[2026-09-03T08:05:27-04:00] Checking for stale dependency blocks...
[2026-09-03T08:05:27-04:00] === Bead state consistency check completed ===
[2026-09-03T08:20:28-04:00] === Bead state consistency check started ===
[2026-09-03T08:20:28-04:00] Checking for assigned-but-open beads (status=open with assignee)...
[2026-09-03T08:20:28-04:00] Checking for orphaned in-progress beads (status=in_progress without assignee)...
[2026-09-03T08:20:28-04:00] Checking for stale dependency blocks...
[2026-09-03T08:20:28-04:00] === Bead state consistency check completed ===
[2026-09-03T08:35:28-04:00] === Bead state consistency check started ===
[2026-09-03T08:35:28-04:00] Checking for assigned-but-open beads (status=open with assignee)...
[2026-09-03T08:35:28-04:00] Checking for orphaned in-progress beads (status=in_progress without assignee)...
[2026-09-03T08:35:28-04:00] Checking for stale dependency blocks...
[2026-09-03T08:35:28-04:00] === Bead state consistency check completed ===
[2026-09-03T08:50:29-04:00] === Bead state consistency check started ===
[2026-09-03T08:50:29-04:00] Checking for assigned-but-open beads (status=open with assignee)...
[2026-09-03T08:50:29-04:00] Checking for orphaned in-progress beads (status=in_progress without assignee)...
[2026-09-03T08:50:29-04:00] Checking for stale dependency blocks...
[2026-09-03T08:50:29-04:00] === Bead state consistency check completed ===
[2026-09-03T09:05:29-04:00] === Bead state consistency check started ===
[2026-09-03T09:05:29-04:00] Checking for assigned-but-open beads (status=open with assignee)...
[2026-09-03T09:05:29-04:00] Checking for orphaned in-progress beads (status=in_progress without assignee)...
[2026-09-03T09:05:29-04:00] Checking for stale dependency blocks...
[2026-09-03T09:05:29-04:00] === Bead state consistency check completed ===
[2026-09-03T09:20:30-04:00] === Bead state consistency check started ===
[2026-09-03T09:20:30-04:00] Checking for assigned-but-open beads (status=open with assignee)...
[2026-09-03T09:20:30-04:00] Checking for orphaned in-progress beads (status=in_progress without assignee)...
[2026-09-03T09:20:30-04:00] Checking for stale dependency blocks...
[2026-09-03T09:20:30-04:00] === Bead state consistency check completed ===
[2026-09-03T09:35:30-04:00] === Bead state consistency check started ===
[2026-09-03T09:35:30-04:00] Checking for assigned-but-open beads (status=open with assignee)...
[2026-09-03T09:35:30-04:00] Checking for orphaned in-progress beads (status=in_progress without assignee)...
[2026-09-03T09:35:30-04:00] Checking for stale dependency blocks...
[2026-09-03T09:35:30-04:00] === Bead state consistency check completed ===
[2026-09-03T09:50:31-04:00] === Bead state consistency check started ===
[2026-09-03T09:50:31-04:00] Checking for assigned-but-open beads (status=open with assignee)...
[2026-09-03T09:50:31-04:00] Checking for orphaned in-progress beads (status=in_progress without assignee)...
[2026-09-03T09:50:31-04:00] Checking for stale dependency blocks...
[2026-09-03T09:50:31-04:00] === Bead state consistency check completed ===
[2026-09-03T10:05:32-04:00] === Bead state consistency check started ===
[2026-09-03T10:05:32-04:00] Checking for assigned-but-open beads (status=open with assignee)...
[2026-09-03T10:05:32-04:00] Checking for orphaned in-progress beads (status=in_progress without assignee)...
[2026-09-03T10:05:32-04:00] Checking for stale dependency blocks...
[2026-09-03T10:05:32-04:00] === Bead state consistency check completed ===
[2026-09-03T10:20:33-04:00] === Bead state consistency check started ===
[2026-09-03T10:20:33-04:00] Checking for assigned-but-open beads (status=open with assignee)...
[2026-09-03T10:20:33-04:00] Checking for orphaned in-progress beads (status=in_progress without assignee)...
[2026-09-03T10:20:33-04:00] Checking for stale dependency blocks...
[2026-09-03T10:20:33-04:00] === Bead state consistency check completed ===
[2026-09-03T10:35:33-04:00] === Bead state consistency check started ===
[2026-09-03T10:35:33-04:00] Checking for assigned-but-open beads (status=open with assignee)...
[2026-09-03T10:35:33-04:00] Checking for orphaned in-progress beads (status=in_progress without assignee)...
[2026-09-03T10:35:33-04:00] Checking for stale dependency blocks...
[2026-09-03T10:35:33-04:00] === Bead state consistency check completed ===
[2026-09-03T10:50:34-04:00] === Bead state consistency check started ===
[2026-09-03T10:50:34-04:00] Checking for assigned-but-open beads (status=open with assignee)...
[2026-09-03T10:50:34-04:00] Checking for orphaned in-progress beads (status=in_progress without assignee)...
[2026-09-03T10:50:34-04:00] Checking for stale dependency blocks...
[2026-09-03T10:50:34-04:00] === Bead state consistency check completed ===
[2026-09-03T11:05:34-04:00] === Bead state consistency check started ===
[2026-09-03T11:05:34-04:00] Checking for assigned-but-open beads (status=open with assignee)...
[2026-09-03T11:05:34-04:00] Checking for orphaned in-progress beads (status=in_progress without assignee)...
[2026-09-03T11:05:34-04:00] Checking for stale dependency blocks...
[2026-09-03T11:05:34-04:00] === Bead state consistency check completed ===
[2026-09-03T11:20:35-04:00] === Bead state consistency check started ===
[2026-09-03T11:20:35-04:00] Checking for assigned-but-open beads (status=open with assignee)...
[2026-09-03T11:20:35-04:00] Checking for orphaned in-progress beads (status=in_progress without assignee)...
[2026-09-03T11:20:35-04:00] Checking for stale dependency blocks...
[2026-09-03T11:20:35-04:00] === Bead state consistency check completed ===
[2026-09-03T11:35:35-04:00] === Bead state consistency check started ===
[2026-09-03T11:35:35-04:00] Checking for assigned-but-open beads (status=open with assignee)...
[2026-09-03T11:35:35-04:00] Checking for orphaned in-progress beads (status=in_progress without assignee)...
[2026-09-03T11:35:35-04:00] Checking for stale dependency blocks...
[2026-09-03T11:35:35-04:00] === Bead state consistency check completed ===
[2026-09-03T11:50:36-04:00] === Bead state consistency check started ===
[2026-09-03T11:50:36-04:00] Checking for assigned-but-open beads (status=open with assignee)...
[2026-09-03T11:50:36-04:00] Checking for orphaned in-progress beads (status=in_progress without assignee)...
[2026-09-03T11:50:36-04:00] Checking for stale dependency blocks...
[2026-09-03T11:50:36-04:00] === Bead state consistency check completed ===
[2026-09-03T12:05:36-04:00] === Bead state consistency check started ===
[2026-09-03T12:05:36-04:00] Checking for assigned-but-open beads (status=open with assignee)...
[2026-09-03T12:05:36-04:00] Checking for orphaned in-progress beads (status=in_progress without assignee)...
[2026-09-03T12:05:36-04:00] Checking for stale dependency blocks...
[2026-09-03T12:05:36-04:00] === Bead state consistency check completed ===
[2026-09-03T12:20:37-04:00] === Bead state consistency check started ===
[2026-09-03T12:20:37-04:00] Checking for assigned-but-open beads (status=open with assignee)...
[2026-09-03T12:20:37-04:00] Checking for orphaned in-progress beads (status=in_progress without assignee)...
[2026-09-03T12:20:37-04:00] Checking for stale dependency blocks...
[2026-09-03T12:20:37-04:00] === Bead state consistency check completed ===
[2026-09-03T12:35:37-04:00] === Bead state consistency check started ===
[2026-09-03T12:35:37-04:00] Checking for assigned-but-open beads (status=open with assignee)...
[2026-09-03T12:35:37-04:00] Checking for orphaned in-progress beads (status=in_progress without assignee)...
[2026-09-03T12:35:37-04:00] Checking for stale dependency blocks...
[2026-09-03T12:35:37-04:00] === Bead state consistency check completed ===
[2026-09-03T12:50:38-04:00] === Bead state consistency check started ===
[2026-09-03T12:50:38-04:00] Checking for assigned-but-open beads (status=open with assignee)...
[2026-09-03T12:50:38-04:00] Checking for orphaned in-progress beads (status=in_progress without assignee)...
[2026-09-03T12:50:38-04:00] Checking for stale dependency blocks...
[2026-09-03T12:50:38-04:00] === Bead state consistency check completed ===
[2026-09-03T13:05:38-04:00] === Bead state consistency check started ===
[2026-09-03T13:05:38-04:00] Checking for assigned-but-open beads (status=open with assignee)...
[2026-09-03T13:05:38-04:00] Checking for orphaned in-progress beads (status=in_progress without assignee)...
[2026-09-03T13:05:38-04:00] Checking for stale dependency blocks...
[2026-09-03T13:05:38-04:00] === Bead state consistency check completed ===
[2026-09-03T13:20:38-04:00] === Bead state consistency check started ===
[2026-09-03T13:20:38-04:00] Checking for assigned-but-open beads (status=open with assignee)...
[2026-09-03T13:20:38-04:00] Checking for orphaned in-progress beads (status=in_progress without assignee)...
[2026-09-03T13:20:38-04:00] Checking for stale dependency blocks...
[2026-09-03T13:20:38-04:00] === Bead state consistency check completed ===
[2026-09-03T13:35:38-04:00] === Bead state consistency check started ===
[2026-09-03T13:35:38-04:00] Checking for assigned-but-open beads (status=open with assignee)...
[2026-09-03T13:35:38-04:00] Checking for orphaned in-progress beads (status=in_progress without assignee)...
[2026-09-03T13:35:38-04:00] Checking for stale dependency blocks...
[2026-09-03T13:35:38-04:00] === Bead state consistency check completed ===
[2026-09-03T13:50:39-04:00] === Bead state consistency check started ===
[2026-09-03T13:50:39-04:00] Checking for assigned-but-open beads (status=open with assignee)...
[2026-09-03T13:50:39-04:00] Checking for orphaned in-progress beads (status=in_progress without assignee)...
[2026-09-03T13:50:39-04:00] Checking for stale dependency blocks...
[2026-09-03T13:50:39-04:00] === Bead state consistency check completed ===
[2026-09-03T14:05:39-04:00] === Bead state consistency check started ===
[2026-09-03T14:05:39-04:00] Checking for assigned-but-open beads (status=open with assignee)...
[2026-09-03T14:05:39-04:00] Checking for orphaned in-progress beads (status=in_progress without assignee)...
[2026-09-03T14:05:39-04:00] Checking for stale dependency blocks...
[2026-09-03T14:05:39-04:00] === Bead state consistency check completed ===
[2026-09-03T14:20:40-04:00] === Bead state consistency check started ===
[2026-09-03T14:20:40-04:00] Checking for assigned-but-open beads (status=open with assignee)...
[2026-09-03T14:20:40-04:00] Checking for orphaned in-progress beads (status=in_progress without assignee)...
[2026-09-03T14:20:40-04:00] Checking for stale dependency blocks...
[2026-09-03T14:20:40-04:00] === Bead state consistency check completed ===
[2026-09-03T14:35:40-04:00] === Bead state consistency check started ===
[2026-09-03T14:35:40-04:00] Checking for assigned-but-open beads (status=open with assignee)...
[2026-09-03T14:35:40-04:00] Checking for orphaned in-progress beads (status=in_progress without assignee)...
[2026-09-03T14:35:40-04:00] Checking for stale dependency blocks...
[2026-09-03T14:35:40-04:00] === Bead state consistency check completed ===
[2026-09-03T14:50:41-04:00] === Bead state consistency check started ===
[2026-09-03T14:50:41-04:00] Checking for assigned-but-open beads (status=open with assignee)...
[2026-09-03T14:50:41-04:00] Checking for orphaned in-progress beads (status=in_progress without assignee)...
[2026-09-03T14:50:41-04:00] Checking for stale dependency blocks...
[2026-09-03T14:50:41-04:00] === Bead state consistency check completed ===
[2026-09-03T15:05:42-04:00] === Bead state consistency check started ===
[2026-09-03T15:05:42-04:00] Checking for assigned-but-open beads (status=open with assignee)...
[2026-09-03T15:05:42-04:00] Checking for orphaned in-progress beads (status=in_progress without assignee)...
[2026-09-03T15:05:42-04:00] Checking for stale dependency blocks...
[2026-09-03T15:05:42-04:00] === Bead state consistency check completed ===
[2026-09-03T15:20:43-04:00] === Bead state consistency check started ===
[2026-09-03T15:20:43-04:00] Checking for assigned-but-open beads (status=open with assignee)...
[2026-09-03T15:20:43-04:00] Checking for orphaned in-progress beads (status=in_progress without assignee)...
[2026-09-03T15:20:43-04:00] Checking for stale dependency blocks...
[2026-09-03T15:20:43-04:00] === Bead state consistency check completed ===
[2026-09-03T15:35:44-04:00] === Bead state consistency check started ===
[2026-09-03T15:35:44-04:00] Checking for assigned-but-open beads (status=open with assignee)...
[2026-09-03T15:35:44-04:00] Checking for orphaned in-progress beads (status=in_progress without assignee)...
[2026-09-03T15:35:44-04:00] Checking for stale dependency blocks...
[2026-09-03T15:35:44-04:00] === Bead state consistency check completed ===
[2026-09-03T15:50:45-04:00] === Bead state consistency check started ===
[2026-09-03T15:50:45-04:00] Checking for assigned-but-open beads (status=open with assignee)...
[2026-09-03T15:50:45-04:00] Checking for orphaned in-progress beads (status=in_progress without assignee)...
[2026-09-03T15:50:45-04:00] Checking for stale dependency blocks...
[2026-09-03T15:50:45-04:00] === Bead state consistency check completed ===
[2026-09-03T16:05:46-04:00] === Bead state consistency check started ===
[2026-09-03T16:05:46-04:00] Checking for assigned-but-open beads (status=open with assignee)...
[2026-09-03T16:05:46-04:00] Checking for orphaned in-progress beads (status=in_progress without assignee)...
[2026-09-03T16:05:46-04:00] Checking for stale dependency blocks...
[2026-09-03T16:05:46-04:00] === Bead state consistency check completed ===
[2026-09-03T16:20:47-04:00] === Bead state consistency check started ===
[2026-09-03T16:20:47-04:00] Checking for assigned-but-open beads (status=open with assignee)...
[2026-09-03T16:20:47-04:00] Checking for orphaned in-progress beads (status=in_progress without assignee)...
[2026-09-03T16:20:47-04:00] Checking for stale dependency blocks...
[2026-09-03T16:20:47-04:00] === Bead state consistency check completed ===
[2026-09-03T16:35:47-04:00] === Bead state consistency check started ===
[2026-09-03T16:35:47-04:00] Checking for assigned-but-open beads (status=open with assignee)...
[2026-09-03T16:35:47-04:00] Checking for orphaned in-progress beads (status=in_progress without assignee)...
[2026-09-03T16:35:47-04:00] Checking for stale dependency blocks...
[2026-09-03T16:35:47-04:00] === Bead state consistency check completed ===
[2026-09-03T16:50:48-04:00] === Bead state consistency check started ===
[2026-09-03T16:50:48-04:00] Checking for assigned-but-open beads (status=open with assignee)...
[2026-09-03T16:50:48-04:00] Checking for orphaned in-progress beads (status=in_progress without assignee)...
[2026-09-03T16:50:48-04:00] Checking for stale dependency blocks...
[2026-09-03T16:50:48-04:00] === Bead state consistency check completed ===
[2026-09-03T17:05:49-04:00] === Bead state consistency check started ===
[2026-09-03T17:05:49-04:00] Checking for assigned-but-open beads (status=open with assignee)...
[2026-09-03T17:05:49-04:00] Checking for orphaned in-progress beads (status=in_progress without assignee)...
[2026-09-03T17:05:49-04:00] Checking for stale dependency blocks...
[2026-09-03T17:05:49-04:00] === Bead state consistency check completed ===
[2026-09-03T17:20:50-04:00] === Bead state consistency check started ===
[2026-09-03T17:20:50-04:00] Checking for assigned-but-open beads (status=open with assignee)...
[2026-09-03T17:20:50-04:00] Checking for orphaned in-progress beads (status=in_progress without assignee)...
[2026-09-03T17:20:50-04:00] Checking for stale dependency blocks...
[2026-09-03T17:20:50-04:00] === Bead state consistency check completed ===
[2026-09-03T17:35:50-04:00] === Bead state consistency check started ===
[2026-09-03T17:35:50-04:00] Checking for assigned-but-open beads (status=open with assignee)...
[2026-09-03T17:35:50-04:00] Checking for orphaned in-progress beads (status=in_progress without assignee)...
[2026-09-03T17:35:50-04:00] Checking for stale dependency blocks...
[2026-09-03T17:35:50-04:00] === Bead state consistency check completed ===
[2026-09-03T17:50:51-04:00] === Bead state consistency check started ===
[2026-09-03T17:50:51-04:00] Checking for assigned-but-open beads (status=open with assignee)...
[2026-09-03T17:50:51-04:00] Checking for orphaned in-progress beads (status=in_progress without assignee)...
[2026-09-03T17:50:51-04:00] Checking for stale dependency blocks...
[2026-09-03T17:50:51-04:00] === Bead state consistency check completed ===
[2026-09-03T18:05:51-04:00] === Bead state consistency check started ===
[2026-09-03T18:05:51-04:00] Checking for assigned-but-open beads (status=open with assignee)...
[2026-09-03T18:05:51-04:00] Checking for orphaned in-progress beads (status=in_progress without assignee)...
[2026-09-03T18:05:51-04:00] Checking for stale dependency blocks...
[2026-09-03T18:05:51-04:00] === Bead state consistency check completed ===
[2026-09-03T18:20:52-04:00] === Bead state consistency check started ===
[2026-09-03T18:20:52-04:00] Checking for assigned-but-open beads (status=open with assignee)...
[2026-09-03T18:20:52-04:00] Checking for orphaned in-progress beads (status=in_progress without assignee)...
[2026-09-03T18:20:52-04:00] Checking for stale dependency blocks...
[2026-09-03T18:20:52-04:00] === Bead state consistency check completed ===
[2026-09-03T18:35:52-04:00] === Bead state consistency check started ===
[2026-09-03T18:35:52-04:00] Checking for assigned-but-open beads (status=open with assignee)...
[2026-09-03T18:35:52-04:00] Checking for orphaned in-progress beads (status=in_progress without assignee)...
[2026-09-03T18:35:52-04:00] Checking for stale dependency blocks...
[2026-09-03T18:35:52-04:00] === Bead state consistency check completed ===
[2026-09-03T18:50:53-04:00] === Bead state consistency check started ===
[2026-09-03T18:50:53-04:00] Checking for assigned-but-open beads (status=open with assignee)...
[2026-09-03T18:50:53-04:00] Checking for orphaned in-progress beads (status=in_progress without assignee)...
[2026-09-03T18:50:53-04:00] Checking for stale dependency blocks...
[2026-09-03T18:50:53-04:00] === Bead state consistency check completed ===
[2026-09-03T19:05:54-04:00] === Bead state consistency check started ===
[2026-09-03T19:05:54-04:00] Checking for assigned-but-open beads (status=open with assignee)...
[2026-09-03T19:05:54-04:00] Checking for orphaned in-progress beads (status=in_progress without assignee)...
[2026-09-03T19:05:54-04:00] Checking for stale dependency blocks...
[2026-09-03T19:05:54-04:00] === Bead state consistency check completed ===
[2026-09-03T19:20:54-04:00] === Bead state consistency check started ===
[2026-09-03T19:20:54-04:00] Checking for assigned-but-open beads (status=open with assignee)...
[2026-09-03T19:20:54-04:00] Checking for orphaned in-progress beads (status=in_progress without assignee)...
[2026-09-03T19:20:54-04:00] Checking for stale dependency blocks...
[2026-09-03T19:20:54-04:00] === Bead state consistency check completed ===
[2026-09-03T19:35:55-04:00] === Bead state consistency check started ===
[2026-09-03T19:35:55-04:00] Checking for assigned-but-open beads (status=open with assignee)...
[2026-09-03T19:35:55-04:00] Checking for orphaned in-progress beads (status=in_progress without assignee)...
[2026-09-03T19:35:55-04:00] Checking for stale dependency blocks...
[2026-09-03T19:35:55-04:00] === Bead state consistency check completed ===
[2026-09-03T19:50:56-04:00] === Bead state consistency check started ===
[2026-09-03T19:50:56-04:00] Checking for assigned-but-open beads (status=open with assignee)...
[2026-09-03T19:50:56-04:00] Checking for orphaned in-progress beads (status=in_progress without assignee)...
[2026-09-03T19:50:56-04:00] Checking for stale dependency blocks...
[2026-09-03T19:50:56-04:00] === Bead state consistency check completed ===
[2026-09-03T20:05:56-04:00] === Bead state consistency check started ===
[2026-09-03T20:05:56-04:00] Checking for assigned-but-open beads (status=open with assignee)...
[2026-09-03T20:05:56-04:00] Checking for orphaned in-progress beads (status=in_progress without assignee)...
[2026-09-03T20:05:56-04:00] Checking for stale dependency blocks...
[2026-09-03T20:05:56-04:00] === Bead state consistency check completed ===
[2026-09-03T20:20:57-04:00] === Bead state consistency check started ===
[2026-09-03T20:20:57-04:00] Checking for assigned-but-open beads (status=open with assignee)...
[2026-09-03T20:20:57-04:00] Checking for orphaned in-progress beads (status=in_progress without assignee)...
[2026-09-03T20:20:57-04:00] Checking for stale dependency blocks...
[2026-09-03T20:20:57-04:00] === Bead state consistency check completed ===
[2026-09-03T20:35:58-04:00] === Bead state consistency check started ===
[2026-09-03T20:35:58-04:00] Checking for assigned-but-open beads (status=open with assignee)...
[2026-09-03T20:35:58-04:00] Checking for orphaned in-progress beads (status=in_progress without assignee)...
[2026-09-03T20:35:58-04:00] Checking for stale dependency blocks...
[2026-09-03T20:35:58-04:00] === Bead state consistency check completed ===
[2026-09-03T20:50:59-04:00] === Bead state consistency check started ===
[2026-09-03T20:50:59-04:00] Checking for assigned-but-open beads (status=open with assignee)...
[2026-09-03T20:50:59-04:00] Checking for orphaned in-progress beads (status=in_progress without assignee)...
[2026-09-03T20:50:59-04:00] Checking for stale dependency blocks...
[2026-09-03T20:50:59-04:00] === Bead state consistency check completed ===
[2026-09-03T21:05:59-04:00] === Bead state consistency check started ===
[2026-09-03T21:05:59-04:00] Checking for assigned-but-open beads (status=open with assignee)...
[2026-09-03T21:05:59-04:00] Checking for orphaned in-progress beads (status=in_progress without assignee)...
[2026-09-03T21:05:59-04:00] Checking for stale dependency blocks...
[2026-09-03T21:05:59-04:00] === Bead state consistency check completed ===
[2026-09-03T21:20:59-04:00] === Bead state consistency check started ===
[2026-09-03T21:20:59-04:00] Checking for assigned-but-open beads (status=open with assignee)...
[2026-09-03T21:20:59-04:00] Checking for orphaned in-progress beads (status=in_progress without assignee)...
[2026-09-03T21:20:59-04:00] Checking for stale dependency blocks...
[2026-09-03T21:20:59-04:00] === Bead state consistency check completed ===
[2026-09-03T21:36:00-04:00] === Bead state consistency check started ===
[2026-09-03T21:36:00-04:00] Checking for assigned-but-open beads (status=open with assignee)...
[2026-09-03T21:36:00-04:00] Checking for orphaned in-progress beads (status=in_progress without assignee)...
[2026-09-03T21:36:00-04:00] Checking for stale dependency blocks...
[2026-09-03T21:36:00-04:00] === Bead state consistency check completed ===
[2026-09-03T21:51:01-04:00] === Bead state consistency check started ===
[2026-09-03T21:51:01-04:00] Checking for assigned-but-open beads (status=open with assignee)...
[2026-09-03T21:51:01-04:00] Checking for orphaned in-progress beads (status=in_progress without assignee)...
[2026-09-03T21:51:01-04:00] Checking for stale dependency blocks...
[2026-09-03T21:51:01-04:00] === Bead state consistency check completed ===
[2026-09-03T22:06:02-04:00] === Bead state consistency check started ===
[2026-09-03T22:06:02-04:00] Checking for assigned-but-open beads (status=open with assignee)...
[2026-09-03T22:06:02-04:00] Checking for orphaned in-progress beads (status=in_progress without assignee)...
[2026-09-03T22:06:02-04:00] Checking for stale dependency blocks...
[2026-09-03T22:06:02-04:00] === Bead state consistency check completed ===
[2026-09-03T22:21:02-04:00] === Bead state consistency check started ===
[2026-09-03T22:21:02-04:00] Checking for assigned-but-open beads (status=open with assignee)...
[2026-09-03T22:21:02-04:00] Checking for orphaned in-progress beads (status=in_progress without assignee)...
[2026-09-03T22:21:02-04:00] Checking for stale dependency blocks...
[2026-09-03T22:21:02-04:00] === Bead state consistency check completed ===
[2026-09-03T22:36:03-04:00] === Bead state consistency check started ===
[2026-09-03T22:36:03-04:00] Checking for assigned-but-open beads (status=open with assignee)...
[2026-09-03T22:36:03-04:00] Checking for orphaned in-progress beads (status=in_progress without assignee)...
[2026-09-03T22:36:03-04:00] Checking for stale dependency blocks...
[2026-09-03T22:36:03-04:00] === Bead state consistency check completed ===
[2026-09-03T22:51:04-04:00] === Bead state consistency check started ===
[2026-09-03T22:51:04-04:00] Checking for assigned-but-open beads (status=open with assignee)...
[2026-09-03T22:51:04-04:00] Checking for orphaned in-progress beads (status=in_progress without assignee)...
[2026-09-03T22:51:04-04:00] Checking for stale dependency blocks...
[2026-09-03T22:51:04-04:00] === Bead state consistency check completed ===
[2026-09-03T23:06:05-04:00] === Bead state consistency check started ===
[2026-09-03T23:06:05-04:00] Checking for assigned-but-open beads (status=open with assignee)...
[2026-09-03T23:06:05-04:00] Checking for orphaned in-progress beads (status=in_progress without assignee)...
[2026-09-03T23:06:05-04:00] Checking for stale dependency blocks...
[2026-09-03T23:06:05-04:00] === Bead state consistency check completed ===
[2026-09-03T23:21:06-04:00] === Bead state consistency check started ===
[2026-09-03T23:21:06-04:00] Checking for assigned-but-open beads (status=open with assignee)...
[2026-09-03T23:21:06-04:00] Checking for orphaned in-progress beads (status=in_progress without assignee)...
[2026-09-03T23:21:06-04:00] Checking for stale dependency blocks...
[2026-09-03T23:21:06-04:00] === Bead state consistency check completed ===
[2026-09-03T23:36:07-04:00] === Bead state consistency check started ===
[2026-09-03T23:36:07-04:00] Checking for assigned-but-open beads (status=open with assignee)...
[2026-09-03T23:36:07-04:00] Checking for orphaned in-progress beads (status=in_progress without assignee)...
[2026-09-03T23:36:07-04:00] Checking for stale dependency blocks...
[2026-09-03T23:36:07-04:00] === Bead state consistency check completed ===
[2026-09-03T23:51:08-04:00] === Bead state consistency check started ===
[2026-09-03T23:51:08-04:00] Checking for assigned-but-open beads (status=open with assignee)...
[2026-09-03T23:51:08-04:00] Checking for orphaned in-progress beads (status=in_progress without assignee)...
[2026-09-03T23:51:08-04:00] Checking for stale dependency blocks...
[2026-09-03T23:51:08-04:00] === Bead state consistency check completed ===
[2026-09-04T00:06:08-04:00] === Bead state consistency check started ===
[2026-09-04T00:06:08-04:00] Checking for assigned-but-open beads (status=open with assignee)...
[2026-09-04T00:06:08-04:00] Checking for orphaned in-progress beads (status=in_progress without assignee)...
[2026-09-04T00:06:08-04:00] Checking for stale dependency blocks...
[2026-09-04T00:06:08-04:00] === Bead state consistency check completed ===
[2026-09-04T00:21:09-04:00] === Bead state consistency check started ===
[2026-09-04T00:21:09-04:00] Checking for assigned-but-open beads (status=open with assignee)...
[2026-09-04T00:21:09-04:00] Checking for orphaned in-progress beads (status=in_progress without assignee)...
[2026-09-04T00:21:09-04:00] Checking for stale dependency blocks...
[2026-09-04T00:21:09-04:00] === Bead state consistency check completed ===
[2026-09-04T00:36:10-04:00] === Bead state consistency check started ===
[2026-09-04T00:36:10-04:00] Checking for assigned-but-open beads (status=open with assignee)...
[2026-09-04T00:36:10-04:00] Checking for orphaned in-progress beads (status=in_progress without assignee)...
[2026-09-04T00:36:10-04:00] Checking for stale dependency blocks...
[2026-09-04T00:36:10-04:00] === Bead state consistency check completed ===
[2026-09-04T00:51:10-04:00] === Bead state consistency check started ===
[2026-09-04T00:51:10-04:00] Checking for assigned-but-open beads (status=open with assignee)...
[2026-09-04T00:51:10-04:00] Checking for orphaned in-progress beads (status=in_progress without assignee)...
[2026-09-04T00:51:10-04:00] Checking for stale dependency blocks...
[2026-09-04T00:51:10-04:00] === Bead state consistency check completed ===
[2026-09-04T01:06:11-04:00] === Bead state consistency check started ===
[2026-09-04T01:06:11-04:00] Checking for assigned-but-open beads (status=open with assignee)...
[2026-09-04T01:06:11-04:00] Checking for orphaned in-progress beads (status=in_progress without assignee)...
[2026-09-04T01:06:11-04:00] Checking for stale dependency blocks...
[2026-09-04T01:06:11-04:00] === Bead state consistency check completed ===
[2026-09-04T01:21:12-04:00] === Bead state consistency check started ===
[2026-09-04T01:21:12-04:00] Checking for assigned-but-open beads (status=open with assignee)...
[2026-09-04T01:21:12-04:00] Checking for orphaned in-progress beads (status=in_progress without assignee)...
[2026-09-04T01:21:12-04:00] Checking for stale dependency blocks...
[2026-09-04T01:21:12-04:00] === Bead state consistency check completed ===
[2026-09-04T01:36:13-04:00] === Bead state consistency check started ===
[2026-09-04T01:36:13-04:00] Checking for assigned-but-open beads (status=open with assignee)...
[2026-09-04T01:36:13-04:00] Checking for orphaned in-progress beads (status=in_progress without assignee)...
[2026-09-04T01:36:13-04:00] Checking for stale dependency blocks...
[2026-09-04T01:36:13-04:00] === Bead state consistency check completed ===
[2026-09-04T01:51:14-04:00] === Bead state consistency check started ===
[2026-09-04T01:51:14-04:00] Checking for assigned-but-open beads (status=open with assignee)...
[2026-09-04T01:51:14-04:00] Checking for orphaned in-progress beads (status=in_progress without assignee)...
[2026-09-04T01:51:14-04:00] Checking for stale dependency blocks...
[2026-09-04T01:51:14-04:00] === Bead state consistency check completed ===
[2026-09-04T02:06:15-04:00] === Bead state consistency check started ===
[2026-09-04T02:06:15-04:00] Checking for assigned-but-open beads (status=open with assignee)...
[2026-09-04T02:06:15-04:00] Checking for orphaned in-progress beads (status=in_progress without assignee)...
[2026-09-04T02:06:15-04:00] Checking for stale dependency blocks...
[2026-09-04T02:06:15-04:00] === Bead state consistency check completed ===
[2026-09-04T02:21:16-04:00] === Bead state consistency check started ===
[2026-09-04T02:21:16-04:00] Checking for assigned-but-open beads (status=open with assignee)...
[2026-09-04T02:21:16-04:00] Checking for orphaned in-progress beads (status=in_progress without assignee)...
[2026-09-04T02:21:16-04:00] Checking for stale dependency blocks...
[2026-09-04T02:21:16-04:00] === Bead state consistency check completed ===
[2026-09-04T02:36:17-04:00] === Bead state consistency check started ===
[2026-09-04T02:36:17-04:00] Checking for assigned-but-open beads (status=open with assignee)...
[2026-09-04T02:36:17-04:00] Checking for orphaned in-progress beads (status=in_progress without assignee)...
[2026-09-04T02:36:17-04:00] Checking for stale dependency blocks...
[2026-09-04T02:36:17-04:00] === Bead state consistency check completed ===
[2026-09-04T02:51:18-04:00] === Bead state consistency check started ===
[2026-09-04T02:51:18-04:00] Checking for assigned-but-open beads (status=open with assignee)...
[2026-09-04T02:51:18-04:00] Checking for orphaned in-progress beads (status=in_progress without assignee)...
[2026-09-04T02:51:18-04:00] Checking for stale dependency blocks...
[2026-09-04T02:51:18-04:00] === Bead state consistency check completed ===
[2026-09-04T03:06:18-04:00] === Bead state consistency check started ===
[2026-09-04T03:06:18-04:00] Checking for assigned-but-open beads (status=open with assignee)...
[2026-09-04T03:06:18-04:00] Checking for orphaned in-progress beads (status=in_progress without assignee)...
[2026-09-04T03:06:18-04:00] Checking for stale dependency blocks...
[2026-09-04T03:06:18-04:00] === Bead state consistency check completed ===
[2026-09-04T03:21:18-04:00] === Bead state consistency check started ===
[2026-09-04T03:21:18-04:00] Checking for assigned-but-open beads (status=open with assignee)...
[2026-09-04T03:21:18-04:00] Checking for orphaned in-progress beads (status=in_progress without assignee)...
[2026-09-04T03:21:18-04:00] Checking for stale dependency blocks...
[2026-09-04T03:21:18-04:00] === Bead state consistency check completed ===
[2026-09-04T03:36:19-04:00] === Bead state consistency check started ===
[2026-09-04T03:36:19-04:00] Checking for assigned-but-open beads (status=open with assignee)...
[2026-09-04T03:36:19-04:00] Checking for orphaned in-progress beads (status=in_progress without assignee)...
[2026-09-04T03:36:19-04:00] Checking for stale dependency blocks...
[2026-09-04T03:36:19-04:00] === Bead state consistency check completed ===
[2026-09-04T03:51:20-04:00] === Bead state consistency check started ===
[2026-09-04T03:51:20-04:00] Checking for assigned-but-open beads (status=open with assignee)...
[2026-09-04T03:51:20-04:00] Checking for orphaned in-progress beads (status=in_progress without assignee)...
[2026-09-04T03:51:20-04:00] Checking for stale dependency blocks...
[2026-09-04T03:51:20-04:00] === Bead state consistency check completed ===
[2026-09-04T04:06:20-04:00] === Bead state consistency check started ===
[2026-09-04T04:06:20-04:00] Checking for assigned-but-open beads (status=open with assignee)...
[2026-09-04T04:06:20-04:00] Checking for orphaned in-progress beads (status=in_progress without assignee)...
[2026-09-04T04:06:20-04:00] Checking for stale dependency blocks...
[2026-09-04T04:06:20-04:00] === Bead state consistency check completed ===
[2026-09-04T04:21:21-04:00] === Bead state consistency check started ===
[2026-09-04T04:21:21-04:00] Checking for assigned-but-open beads (status=open with assignee)...
[2026-09-04T04:21:21-04:00] Checking for orphaned in-progress beads (status=in_progress without assignee)...
[2026-09-04T04:21:21-04:00] Checking for stale dependency blocks...
[2026-09-04T04:21:21-04:00] === Bead state consistency check completed ===
[2026-09-04T04:36:22-04:00] === Bead state consistency check started ===
[2026-09-04T04:36:22-04:00] Checking for assigned-but-open beads (status=open with assignee)...
[2026-09-04T04:36:22-04:00] Checking for orphaned in-progress beads (status=in_progress without assignee)...
[2026-09-04T04:36:22-04:00] Checking for stale dependency blocks...
[2026-09-04T04:36:22-04:00] === Bead state consistency check completed ===
[2026-09-04T04:51:23-04:00] === Bead state consistency check started ===
[2026-09-04T04:51:23-04:00] Checking for assigned-but-open beads (status=open with assignee)...
[2026-09-04T04:51:23-04:00] Checking for orphaned in-progress beads (status=in_progress without assignee)...
[2026-09-04T04:51:23-04:00] Checking for stale dependency blocks...
[2026-09-04T04:51:23-04:00] === Bead state consistency check completed ===
[2026-09-04T05:06:23-04:00] === Bead state consistency check started ===
[2026-09-04T05:06:23-04:00] Checking for assigned-but-open beads (status=open with assignee)...
[2026-09-04T05:06:23-04:00] Checking for orphaned in-progress beads (status=in_progress without assignee)...
[2026-09-04T05:06:23-04:00] Checking for stale dependency blocks...
[2026-09-04T05:06:23-04:00] === Bead state consistency check completed ===
[2026-09-04T05:21:24-04:00] === Bead state consistency check started ===
[2026-09-04T05:21:24-04:00] Checking for assigned-but-open beads (status=open with assignee)...
[2026-09-04T05:21:24-04:00] Checking for orphaned in-progress beads (status=in_progress without assignee)...
[2026-09-04T05:21:24-04:00] Checking for stale dependency blocks...
[2026-09-04T05:21:24-04:00] === Bead state consistency check completed ===
[2026-09-04T05:36:25-04:00] === Bead state consistency check started ===
[2026-09-04T05:36:25-04:00] Checking for assigned-but-open beads (status=open with assignee)...
[2026-09-04T05:36:25-04:00] Checking for orphaned in-progress beads (status=in_progress without assignee)...
[2026-09-04T05:36:25-04:00] Checking for stale dependency blocks...
[2026-09-04T05:36:25-04:00] === Bead state consistency check completed ===
[2026-09-04T05:51:25-04:00] === Bead state consistency check started ===
[2026-09-04T05:51:25-04:00] Checking for assigned-but-open beads (status=open with assignee)...
[2026-09-04T05:51:25-04:00] Checking for orphaned in-progress beads (status=in_progress without assignee)...
[2026-09-04T05:51:25-04:00] Checking for stale dependency blocks...
[2026-09-04T05:51:25-04:00] === Bead state consistency check completed ===
[2026-09-04T06:06:26-04:00] === Bead state consistency check started ===
[2026-09-04T06:06:26-04:00] Checking for assigned-but-open beads (status=open with assignee)...
[2026-09-04T06:06:26-04:00] Checking for orphaned in-progress beads (status=in_progress without assignee)...
[2026-09-04T06:06:26-04:00] Checking for stale dependency blocks...
[2026-09-04T06:06:26-04:00] === Bead state consistency check completed ===
[2026-09-04T06:21:26-04:00] === Bead state consistency check started ===
[2026-09-04T06:21:26-04:00] Checking for assigned-but-open beads (status=open with assignee)...
[2026-09-04T06:21:26-04:00] Checking for orphaned in-progress beads (status=in_progress without assignee)...
[2026-09-04T06:21:26-04:00] Checking for stale dependency blocks...
[2026-09-04T06:21:26-04:00] === Bead state consistency check completed ===
[2026-09-04T06:36:27-04:00] === Bead state consistency check started ===
[2026-09-04T06:36:27-04:00] Checking for assigned-but-open beads (status=open with assignee)...
[2026-09-04T06:36:27-04:00] Checking for orphaned in-progress beads (status=in_progress without assignee)...
[2026-09-04T06:36:27-04:00] Checking for stale dependency blocks...
[2026-09-04T06:36:27-04:00] === Bead state consistency check completed ===
[2026-09-04T06:51:27-04:00] === Bead state consistency check started ===
[2026-09-04T06:51:27-04:00] Checking for assigned-but-open beads (status=open with assignee)...
[2026-09-04T06:51:27-04:00] Checking for orphaned in-progress beads (status=in_progress without assignee)...
[2026-09-04T06:51:27-04:00] Checking for stale dependency blocks...
[2026-09-04T06:51:27-04:00] === Bead state consistency check completed ===
[2026-09-04T07:06:27-04:00] === Bead state consistency check started ===
[2026-09-04T07:06:27-04:00] Checking for assigned-but-open beads (status=open with assignee)...
[2026-09-04T07:06:27-04:00] Checking for orphaned in-progress beads (status=in_progress without assignee)...
[2026-09-04T07:06:27-04:00] Checking for stale dependency blocks...
[2026-09-04T07:06:27-04:00] === Bead state consistency check completed ===
[2026-09-04T07:21:28-04:00] === Bead state consistency check started ===
[2026-09-04T07:21:28-04:00] Checking for assigned-but-open beads (status=open with assignee)...
[2026-09-04T07:21:28-04:00] Checking for orphaned in-progress beads (status=in_progress without assignee)...
[2026-09-04T07:21:28-04:00] Checking for stale dependency blocks...
[2026-09-04T07:21:28-04:00] === Bead state consistency check completed ===
[2026-09-04T07:36:29-04:00] === Bead state consistency check started ===
[2026-09-04T07:36:29-04:00] Checking for assigned-but-open beads (status=open with assignee)...
[2026-09-04T07:36:29-04:00] Checking for orphaned in-progress beads (status=in_progress without assignee)...
[2026-09-04T07:36:29-04:00] Checking for stale dependency blocks...
[2026-09-04T07:36:29-04:00] === Bead state consistency check completed ===
[2026-09-04T07:51:29-04:00] === Bead state consistency check started ===
[2026-09-04T07:51:29-04:00] Checking for assigned-but-open beads (status=open with assignee)...
[2026-09-04T07:51:29-04:00] Checking for orphaned in-progress beads (status=in_progress without assignee)...
[2026-09-04T07:51:29-04:00] Checking for stale dependency blocks...
[2026-09-04T07:51:29-04:00] === Bead state consistency check completed ===
[2026-09-04T08:06:30-04:00] === Bead state consistency check started ===
[2026-09-04T08:06:30-04:00] Checking for assigned-but-open beads (status=open with assignee)...
[2026-09-04T08:06:30-04:00] Checking for orphaned in-progress beads (status=in_progress without assignee)...
[2026-09-04T08:06:30-04:00] Checking for stale dependency blocks...
[2026-09-04T08:06:30-04:00] === Bead state consistency check completed ===
[2026-09-04T08:21:31-04:00] === Bead state consistency check started ===
[2026-09-04T08:21:31-04:00] Checking for assigned-but-open beads (status=open with assignee)...
[2026-09-04T08:21:31-04:00] Checking for orphaned in-progress beads (status=in_progress without assignee)...
[2026-09-04T08:21:31-04:00] Checking for stale dependency blocks...
[2026-09-04T08:21:31-04:00] === Bead state consistency check completed ===
[2026-09-04T08:36:31-04:00] === Bead state consistency check started ===
[2026-09-04T08:36:31-04:00] Checking for assigned-but-open beads (status=open with assignee)...
[2026-09-04T08:36:31-04:00] Checking for orphaned in-progress beads (status=in_progress without assignee)...
[2026-09-04T08:36:31-04:00] Checking for stale dependency blocks...
[2026-09-04T08:36:31-04:00] === Bead state consistency check completed ===
[2026-09-04T08:51:31-04:00] === Bead state consistency check started ===
[2026-09-04T08:51:31-04:00] Checking for assigned-but-open beads (status=open with assignee)...
[2026-09-04T08:51:31-04:00] Checking for orphaned in-progress beads (status=in_progress without assignee)...
[2026-09-04T08:51:31-04:00] Checking for stale dependency blocks...
[2026-09-04T08:51:31-04:00] === Bead state consistency check completed ===
[2026-09-04T09:06:32-04:00] === Bead state consistency check started ===
[2026-09-04T09:06:32-04:00] Checking for assigned-but-open beads (status=open with assignee)...
[2026-09-04T09:06:32-04:00] Checking for orphaned in-progress beads (status=in_progress without assignee)...
[2026-09-04T09:06:32-04:00] Checking for stale dependency blocks...
[2026-09-04T09:06:32-04:00] === Bead state consistency check completed ===
[2026-09-04T09:21:32-04:00] === Bead state consistency check started ===
[2026-09-04T09:21:32-04:00] Checking for assigned-but-open beads (status=open with assignee)...
[2026-09-04T09:21:32-04:00] Checking for orphaned in-progress beads (status=in_progress without assignee)...
[2026-09-04T09:21:32-04:00] Checking for stale dependency blocks...
[2026-09-04T09:21:32-04:00] === Bead state consistency check completed ===
[2026-09-04T09:36:33-04:00] === Bead state consistency check started ===
[2026-09-04T09:36:33-04:00] Checking for assigned-but-open beads (status=open with assignee)...
[2026-09-04T09:36:33-04:00] Checking for orphaned in-progress beads (status=in_progress without assignee)...
[2026-09-04T09:36:33-04:00] Checking for stale dependency blocks...
[2026-09-04T09:36:33-04:00] === Bead state consistency check completed ===
[2026-09-04T09:51:33-04:00] === Bead state consistency check started ===
[2026-09-04T09:51:33-04:00] Checking for assigned-but-open beads (status=open with assignee)...
[2026-09-04T09:51:33-04:00] Checking for orphaned in-progress beads (status=in_progress without assignee)...
[2026-09-04T09:51:33-04:00] Checking for stale dependency blocks...
[2026-09-04T09:51:33-04:00] === Bead state consistency check completed ===
[2026-09-04T10:06:34-04:00] === Bead state consistency check started ===
[2026-09-04T10:06:34-04:00] Checking for assigned-but-open beads (status=open with assignee)...
[2026-09-04T10:06:34-04:00] Checking for orphaned in-progress beads (status=in_progress without assignee)...
[2026-09-04T10:06:34-04:00] Checking for stale dependency blocks...
[2026-09-04T10:06:34-04:00] === Bead state consistency check completed ===
[2026-09-04T10:21:35-04:00] === Bead state consistency check started ===
[2026-09-04T10:21:35-04:00] Checking for assigned-but-open beads (status=open with assignee)...
[2026-09-04T10:21:35-04:00] Checking for orphaned in-progress beads (status=in_progress without assignee)...
[2026-09-04T10:21:35-04:00] Checking for stale dependency blocks...
[2026-09-04T10:21:35-04:00] === Bead state consistency check completed ===
[2026-09-04T10:36:36-04:00] === Bead state consistency check started ===
[2026-09-04T10:36:36-04:00] Checking for assigned-but-open beads (status=open with assignee)...
[2026-09-04T10:36:36-04:00] Checking for orphaned in-progress beads (status=in_progress without assignee)...
[2026-09-04T10:36:36-04:00] Checking for stale dependency blocks...
[2026-09-04T10:36:36-04:00] === Bead state consistency check completed ===
[2026-09-04T10:51:37-04:00] === Bead state consistency check started ===
[2026-09-04T10:51:37-04:00] Checking for assigned-but-open beads (status=open with assignee)...
[2026-09-04T10:51:37-04:00] Checking for orphaned in-progress beads (status=in_progress without assignee)...
[2026-09-04T10:51:37-04:00] Checking for stale dependency blocks...
[2026-09-04T10:51:37-04:00] === Bead state consistency check completed ===
[2026-09-04T11:06:38-04:00] === Bead state consistency check started ===
[2026-09-04T11:06:38-04:00] Checking for assigned-but-open beads (status=open with assignee)...
[2026-09-04T11:06:38-04:00] Checking for orphaned in-progress beads (status=in_progress without assignee)...
[2026-09-04T11:06:38-04:00] Checking for stale dependency blocks...
[2026-09-04T11:06:38-04:00] === Bead state consistency check completed ===
[2026-09-04T11:21:39-04:00] === Bead state consistency check started ===
[2026-09-04T11:21:39-04:00] Checking for assigned-but-open beads (status=open with assignee)...
[2026-09-04T11:21:39-04:00] Checking for orphaned in-progress beads (status=in_progress without assignee)...
[2026-09-04T11:21:39-04:00] Checking for stale dependency blocks...
[2026-09-04T11:21:39-04:00] === Bead state consistency check completed ===
[2026-09-04T11:36:40-04:00] === Bead state consistency check started ===
[2026-09-04T11:36:40-04:00] Checking for assigned-but-open beads (status=open with assignee)...
[2026-09-04T11:36:40-04:00] Checking for orphaned in-progress beads (status=in_progress without assignee)...
[2026-09-04T11:36:40-04:00] Checking for stale dependency blocks...
[2026-09-04T11:36:40-04:00] === Bead state consistency check completed ===
[2026-09-04T11:51:40-04:00] === Bead state consistency check started ===
[2026-09-04T11:51:40-04:00] Checking for assigned-but-open beads (status=open with assignee)...
[2026-09-04T11:51:40-04:00] Checking for orphaned in-progress beads (status=in_progress without assignee)...
[2026-09-04T11:51:40-04:00] Checking for stale dependency blocks...
[2026-09-04T11:51:40-04:00] === Bead state consistency check completed ===
[2026-09-04T12:06:41-04:00] === Bead state consistency check started ===
[2026-09-04T12:06:41-04:00] Checking for assigned-but-open beads (status=open with assignee)...
[2026-09-04T12:06:41-04:00] Checking for orphaned in-progress beads (status=in_progress without assignee)...
[2026-09-04T12:06:41-04:00] Checking for stale dependency blocks...
[2026-09-04T12:06:41-04:00] === Bead state consistency check completed ===
[2026-09-04T12:21:42-04:00] === Bead state consistency check started ===
[2026-09-04T12:21:42-04:00] Checking for assigned-but-open beads (status=open with assignee)...
[2026-09-04T12:21:42-04:00] Checking for orphaned in-progress beads (status=in_progress without assignee)...
[2026-09-04T12:21:42-04:00] Checking for stale dependency blocks...
[2026-09-04T12:21:42-04:00] === Bead state consistency check completed ===
[2026-09-04T12:36:43-04:00] === Bead state consistency check started ===
[2026-09-04T12:36:43-04:00] Checking for assigned-but-open beads (status=open with assignee)...
[2026-09-04T12:36:43-04:00] Checking for orphaned in-progress beads (status=in_progress without assignee)...
[2026-09-04T12:36:43-04:00] Checking for stale dependency blocks...
[2026-09-04T12:36:43-04:00] === Bead state consistency check completed ===
[2026-09-04T12:51:43-04:00] === Bead state consistency check started ===
[2026-09-04T12:51:43-04:00] Checking for assigned-but-open beads (status=open with assignee)...
[2026-09-04T12:51:43-04:00] Checking for orphaned in-progress beads (status=in_progress without assignee)...
[2026-09-04T12:51:43-04:00] Checking for stale dependency blocks...
[2026-09-04T12:51:43-04:00] === Bead state consistency check completed ===
[2026-09-04T13:06:44-04:00] === Bead state consistency check started ===
[2026-09-04T13:06:44-04:00] Checking for assigned-but-open beads (status=open with assignee)...
[2026-09-04T13:06:44-04:00] Checking for orphaned in-progress beads (status=in_progress without assignee)...
[2026-09-04T13:06:44-04:00] Checking for stale dependency blocks...
[2026-09-04T13:06:44-04:00] === Bead state consistency check completed ===
[2026-09-04T13:21:44-04:00] === Bead state consistency check started ===
[2026-09-04T13:21:44-04:00] Checking for assigned-but-open beads (status=open with assignee)...
[2026-09-04T13:21:44-04:00] Checking for orphaned in-progress beads (status=in_progress without assignee)...
[2026-09-04T13:21:44-04:00] Checking for stale dependency blocks...
[2026-09-04T13:21:44-04:00] === Bead state consistency check completed ===
[2026-09-04T13:36:45-04:00] === Bead state consistency check started ===
[2026-09-04T13:36:45-04:00] Checking for assigned-but-open beads (status=open with assignee)...
[2026-09-04T13:36:45-04:00] Checking for orphaned in-progress beads (status=in_progress without assignee)...
[2026-09-04T13:36:45-04:00] Checking for stale dependency blocks...
[2026-09-04T13:36:45-04:00] === Bead state consistency check completed ===
[2026-09-04T13:51:45-04:00] === Bead state consistency check started ===
[2026-09-04T13:51:45-04:00] Checking for assigned-but-open beads (status=open with assignee)...
[2026-09-04T13:51:45-04:00] Checking for orphaned in-progress beads (status=in_progress without assignee)...
[2026-09-04T13:51:45-04:00] Checking for stale dependency blocks...
[2026-09-04T13:51:45-04:00] === Bead state consistency check completed ===
[2026-09-04T14:06:45-04:00] === Bead state consistency check started ===
[2026-09-04T14:06:45-04:00] Checking for assigned-but-open beads (status=open with assignee)...
[2026-09-04T14:06:45-04:00] Checking for orphaned in-progress beads (status=in_progress without assignee)...
[2026-09-04T14:06:45-04:00] Checking for stale dependency blocks...
[2026-09-04T14:06:45-04:00] === Bead state consistency check completed ===
[2026-09-04T14:21:45-04:00] === Bead state consistency check started ===
[2026-09-04T14:21:45-04:00] Checking for assigned-but-open beads (status=open with assignee)...
[2026-09-04T14:21:45-04:00] Checking for orphaned in-progress beads (status=in_progress without assignee)...
[2026-09-04T14:21:45-04:00] Checking for stale dependency blocks...
[2026-09-04T14:21:45-04:00] === Bead state consistency check completed ===
[2026-09-04T14:36:45-04:00] === Bead state consistency check started ===
[2026-09-04T14:36:45-04:00] Checking for assigned-but-open beads (status=open with assignee)...
[2026-09-04T14:36:45-04:00] Checking for orphaned in-progress beads (status=in_progress without assignee)...
[2026-09-04T14:36:45-04:00] Checking for stale dependency blocks...
[2026-09-04T14:36:45-04:00] === Bead state consistency check completed ===
[2026-09-04T14:51:45-04:00] === Bead state consistency check started ===
[2026-09-04T14:51:45-04:00] Checking for assigned-but-open beads (status=open with assignee)...
[2026-09-04T14:51:45-04:00] Checking for orphaned in-progress beads (status=in_progress without assignee)...
[2026-09-04T14:51:45-04:00] Checking for stale dependency blocks...
[2026-09-04T14:51:45-04:00] === Bead state consistency check completed ===
[2026-09-04T15:06:46-04:00] === Bead state consistency check started ===
[2026-09-04T15:06:46-04:00] Checking for assigned-but-open beads (status=open with assignee)...
[2026-09-04T15:06:46-04:00] Checking for orphaned in-progress beads (status=in_progress without assignee)...
[2026-09-04T15:06:46-04:00] Checking for stale dependency blocks...
[2026-09-04T15:06:46-04:00] === Bead state consistency check completed ===
[2026-09-04T15:21:46-04:00] === Bead state consistency check started ===
[2026-09-04T15:21:46-04:00] Checking for assigned-but-open beads (status=open with assignee)...
[2026-09-04T15:21:46-04:00] Checking for orphaned in-progress beads (status=in_progress without assignee)...
[2026-09-04T15:21:46-04:00] Checking for stale dependency blocks...
[2026-09-04T15:21:46-04:00] === Bead state consistency check completed ===
[2026-09-04T15:36:47-04:00] === Bead state consistency check started ===
[2026-09-04T15:36:47-04:00] Checking for assigned-but-open beads (status=open with assignee)...
[2026-09-04T15:36:47-04:00] Checking for orphaned in-progress beads (status=in_progress without assignee)...
[2026-09-04T15:36:47-04:00] Checking for stale dependency blocks...
[2026-09-04T15:36:47-04:00] === Bead state consistency check completed ===
[2026-09-04T15:51:47-04:00] === Bead state consistency check started ===
[2026-09-04T15:51:47-04:00] Checking for assigned-but-open beads (status=open with assignee)...
[2026-09-04T15:51:47-04:00] Checking for orphaned in-progress beads (status=in_progress without assignee)...
[2026-09-04T15:51:47-04:00] Checking for stale dependency blocks...
[2026-09-04T15:51:47-04:00] === Bead state consistency check completed ===
[2026-09-04T16:06:48-04:00] === Bead state consistency check started ===
[2026-09-04T16:06:48-04:00] Checking for assigned-but-open beads (status=open with assignee)...
[2026-09-04T16:06:48-04:00] Checking for orphaned in-progress beads (status=in_progress without assignee)...
[2026-09-04T16:06:48-04:00] Checking for stale dependency blocks...
[2026-09-04T16:06:48-04:00] === Bead state consistency check completed ===
[2026-09-04T16:21:48-04:00] === Bead state consistency check started ===
[2026-09-04T16:21:48-04:00] Checking for assigned-but-open beads (status=open with assignee)...
[2026-09-04T16:21:48-04:00] Checking for orphaned in-progress beads (status=in_progress without assignee)...
[2026-09-04T16:21:48-04:00] Checking for stale dependency blocks...
[2026-09-04T16:21:48-04:00] === Bead state consistency check completed ===
[2026-09-04T16:36:48-04:00] === Bead state consistency check started ===
[2026-09-04T16:36:48-04:00] Checking for assigned-but-open beads (status=open with assignee)...
[2026-09-04T16:36:48-04:00] Checking for orphaned in-progress beads (status=in_progress without assignee)...
[2026-09-04T16:36:48-04:00] Checking for stale dependency blocks...
[2026-09-04T16:36:48-04:00] === Bead state consistency check completed ===
[2026-09-04T16:51:48-04:00] === Bead state consistency check started ===
[2026-09-04T16:51:48-04:00] Checking for assigned-but-open beads (status=open with assignee)...
[2026-09-04T16:51:48-04:00] Checking for orphaned in-progress beads (status=in_progress without assignee)...
[2026-09-04T16:51:48-04:00] Checking for stale dependency blocks...
[2026-09-04T16:51:48-04:00] === Bead state consistency check completed ===
[2026-09-04T17:06:49-04:00] === Bead state consistency check started ===
[2026-09-04T17:06:49-04:00] Checking for assigned-but-open beads (status=open with assignee)...
[2026-09-04T17:06:49-04:00] Checking for orphaned in-progress beads (status=in_progress without assignee)...
[2026-09-04T17:06:49-04:00] Checking for stale dependency blocks...
[2026-09-04T17:06:49-04:00] === Bead state consistency check completed ===
[2026-09-04T17:21:49-04:00] === Bead state consistency check started ===
[2026-09-04T17:21:49-04:00] Checking for assigned-but-open beads (status=open with assignee)...
[2026-09-04T17:21:49-04:00] Checking for orphaned in-progress beads (status=in_progress without assignee)...
[2026-09-04T17:21:49-04:00] Checking for stale dependency blocks...
[2026-09-04T17:21:49-04:00] === Bead state consistency check completed ===
[2026-09-04T17:36:50-04:00] === Bead state consistency check started ===
[2026-09-04T17:36:50-04:00] Checking for assigned-but-open beads (status=open with assignee)...
[2026-09-04T17:36:50-04:00] Checking for orphaned in-progress beads (status=in_progress without assignee)...
[2026-09-04T17:36:50-04:00] Checking for stale dependency blocks...
[2026-09-04T17:36:50-04:00] === Bead state consistency check completed ===
[2026-09-04T17:51:50-04:00] === Bead state consistency check started ===
[2026-09-04T17:51:50-04:00] Checking for assigned-but-open beads (status=open with assignee)...
[2026-09-04T17:51:50-04:00] Checking for orphaned in-progress beads (status=in_progress without assignee)...
[2026-09-04T17:51:50-04:00] Checking for stale dependency blocks...
[2026-09-04T17:51:50-04:00] === Bead state consistency check completed ===
[2026-09-04T18:06:51-04:00] === Bead state consistency check started ===
[2026-09-04T18:06:51-04:00] Checking for assigned-but-open beads (status=open with assignee)...
[2026-09-04T18:06:51-04:00] Checking for orphaned in-progress beads (status=in_progress without assignee)...
[2026-09-04T18:06:51-04:00] Checking for stale dependency blocks...
[2026-09-04T18:06:51-04:00] === Bead state consistency check completed ===
[2026-09-04T18:21:51-04:00] === Bead state consistency check started ===
[2026-09-04T18:21:51-04:00] Checking for assigned-but-open beads (status=open with assignee)...
[2026-09-04T18:21:51-04:00] Checking for orphaned in-progress beads (status=in_progress without assignee)...
[2026-09-04T18:21:51-04:00] Checking for stale dependency blocks...
[2026-09-04T18:21:51-04:00] === Bead state consistency check completed ===
[2026-09-04T18:36:52-04:00] === Bead state consistency check started ===
[2026-09-04T18:36:52-04:00] Checking for assigned-but-open beads (status=open with assignee)...
[2026-09-04T18:36:52-04:00] Checking for orphaned in-progress beads (status=in_progress without assignee)...
[2026-09-04T18:36:52-04:00] Checking for stale dependency blocks...
[2026-09-04T18:36:52-04:00] === Bead state consistency check completed ===
[2026-09-04T18:51:52-04:00] === Bead state consistency check started ===
[2026-09-04T18:51:52-04:00] Checking for assigned-but-open beads (status=open with assignee)...
[2026-09-04T18:51:52-04:00] Checking for orphaned in-progress beads (status=in_progress without assignee)...
[2026-09-04T18:51:52-04:00] Checking for stale dependency blocks...
[2026-09-04T18:51:52-04:00] === Bead state consistency check completed ===
[2026-09-04T19:06:53-04:00] === Bead state consistency check started ===
[2026-09-04T19:06:53-04:00] Checking for assigned-but-open beads (status=open with assignee)...
[2026-09-04T19:06:53-04:00] Checking for orphaned in-progress beads (status=in_progress without assignee)...
[2026-09-04T19:06:53-04:00] Checking for stale dependency blocks...
[2026-09-04T19:06:53-04:00] === Bead state consistency check completed ===
[2026-09-04T19:21:53-04:00] === Bead state consistency check started ===
[2026-09-04T19:21:53-04:00] Checking for assigned-but-open beads (status=open with assignee)...
[2026-09-04T19:21:53-04:00] Checking for orphaned in-progress beads (status=in_progress without assignee)...
[2026-09-04T19:21:53-04:00] Checking for stale dependency blocks...
[2026-09-04T19:21:53-04:00] === Bead state consistency check completed ===
[2026-09-04T19:36:53-04:00] === Bead state consistency check started ===
[2026-09-04T19:36:53-04:00] Checking for assigned-but-open beads (status=open with assignee)...
[2026-09-04T19:36:53-04:00] Checking for orphaned in-progress beads (status=in_progress without assignee)...
[2026-09-04T19:36:53-04:00] Checking for stale dependency blocks...
[2026-09-04T19:36:53-04:00] === Bead state consistency check completed ===
[2026-09-04T19:51:53-04:00] === Bead state consistency check started ===
[2026-09-04T19:51:53-04:00] Checking for assigned-but-open beads (status=open with assignee)...
[2026-09-04T19:51:53-04:00] Checking for orphaned in-progress beads (status=in_progress without assignee)...
[2026-09-04T19:51:53-04:00] Checking for stale dependency blocks...
[2026-09-04T19:51:53-04:00] === Bead state consistency check completed ===
[2026-09-04T20:06:54-04:00] === Bead state consistency check started ===
[2026-09-04T20:06:54-04:00] Checking for assigned-but-open beads (status=open with assignee)...
[2026-09-04T20:06:54-04:00] Checking for orphaned in-progress beads (status=in_progress without assignee)...
[2026-09-04T20:06:54-04:00] Checking for stale dependency blocks...
[2026-09-04T20:06:54-04:00] === Bead state consistency check completed ===
[2026-09-04T20:21:54-04:00] === Bead state consistency check started ===
[2026-09-04T20:21:54-04:00] Checking for assigned-but-open beads (status=open with assignee)...
[2026-09-04T20:21:54-04:00] Checking for orphaned in-progress beads (status=in_progress without assignee)...
[2026-09-04T20:21:54-04:00] Checking for stale dependency blocks...
[2026-09-04T20:21:54-04:00] === Bead state consistency check completed ===
[2026-09-04T20:36:55-04:00] === Bead state consistency check started ===
[2026-09-04T20:36:55-04:00] Checking for assigned-but-open beads (status=open with assignee)...
[2026-09-04T20:36:55-04:00] Checking for orphaned in-progress beads (status=in_progress without assignee)...
[2026-09-04T20:36:55-04:00] Checking for stale dependency blocks...
[2026-09-04T20:36:55-04:00] === Bead state consistency check completed ===
[2026-09-04T20:51:55-04:00] === Bead state consistency check started ===
[2026-09-04T20:51:55-04:00] Checking for assigned-but-open beads (status=open with assignee)...
[2026-09-04T20:51:55-04:00] Checking for orphaned in-progress beads (status=in_progress without assignee)...
[2026-09-04T20:51:55-04:00] Checking for stale dependency blocks...
[2026-09-04T20:51:55-04:00] === Bead state consistency check completed ===
[2026-09-04T21:06:56-04:00] === Bead state consistency check started ===
[2026-09-04T21:06:56-04:00] Checking for assigned-but-open beads (status=open with assignee)...
[2026-09-04T21:06:56-04:00] Checking for orphaned in-progress beads (status=in_progress without assignee)...
[2026-09-04T21:06:56-04:00] Checking for stale dependency blocks...
[2026-09-04T21:06:56-04:00] === Bead state consistency check completed ===
[2026-09-04T21:21:56-04:00] === Bead state consistency check started ===
[2026-09-04T21:21:56-04:00] Checking for assigned-but-open beads (status=open with assignee)...
[2026-09-04T21:21:56-04:00] Checking for orphaned in-progress beads (status=in_progress without assignee)...
[2026-09-04T21:21:56-04:00] Checking for stale dependency blocks...
[2026-09-04T21:21:56-04:00] === Bead state consistency check completed ===
[2026-09-04T21:36:57-04:00] === Bead state consistency check started ===
[2026-09-04T21:36:57-04:00] Checking for assigned-but-open beads (status=open with assignee)...
[2026-09-04T21:36:57-04:00] Checking for orphaned in-progress beads (status=in_progress without assignee)...
[2026-09-04T21:36:57-04:00] Checking for stale dependency blocks...
[2026-09-04T21:36:57-04:00] === Bead state consistency check completed ===
[2026-09-04T21:51:57-04:00] === Bead state consistency check started ===
[2026-09-04T21:51:57-04:00] Checking for assigned-but-open beads (status=open with assignee)...
[2026-09-04T21:51:57-04:00] Checking for orphaned in-progress beads (status=in_progress without assignee)...
[2026-09-04T21:51:57-04:00] Checking for stale dependency blocks...
[2026-09-04T21:51:57-04:00] === Bead state consistency check completed ===
[2026-09-04T22:06:57-04:00] === Bead state consistency check started ===
[2026-09-04T22:06:57-04:00] Checking for assigned-but-open beads (status=open with assignee)...
[2026-09-04T22:06:57-04:00] Checking for orphaned in-progress beads (status=in_progress without assignee)...
[2026-09-04T22:06:57-04:00] Checking for stale dependency blocks...
[2026-09-04T22:06:57-04:00] === Bead state consistency check completed ===
[2026-09-04T22:21:57-04:00] === Bead state consistency check started ===
[2026-09-04T22:21:57-04:00] Checking for assigned-but-open beads (status=open with assignee)...
[2026-09-04T22:21:57-04:00] Checking for orphaned in-progress beads (status=in_progress without assignee)...
[2026-09-04T22:21:57-04:00] Checking for stale dependency blocks...
[2026-09-04T22:21:57-04:00] === Bead state consistency check completed ===
[2026-09-04T22:36:58-04:00] === Bead state consistency check started ===
[2026-09-04T22:36:58-04:00] Checking for assigned-but-open beads (status=open with assignee)...
[2026-09-04T22:36:58-04:00] Checking for orphaned in-progress beads (status=in_progress without assignee)...
[2026-09-04T22:36:58-04:00] Checking for stale dependency blocks...
[2026-09-04T22:36:58-04:00] === Bead state consistency check completed ===
[2026-09-04T22:51:58-04:00] === Bead state consistency check started ===
[2026-09-04T22:51:58-04:00] Checking for assigned-but-open beads (status=open with assignee)...
[2026-09-04T22:51:58-04:00] Checking for orphaned in-progress beads (status=in_progress without assignee)...
[2026-09-04T22:51:58-04:00] Checking for stale dependency blocks...
[2026-09-04T22:51:58-04:00] === Bead state consistency check completed ===
[2026-09-04T23:06:59-04:00] === Bead state consistency check started ===
[2026-09-04T23:06:59-04:00] Checking for assigned-but-open beads (status=open with assignee)...
[2026-09-04T23:06:59-04:00] Checking for orphaned in-progress beads (status=in_progress without assignee)...
[2026-09-04T23:06:59-04:00] Checking for stale dependency blocks...
[2026-09-04T23:06:59-04:00] === Bead state consistency check completed ===
[2026-09-04T23:21:59-04:00] === Bead state consistency check started ===
[2026-09-04T23:21:59-04:00] Checking for assigned-but-open beads (status=open with assignee)...
[2026-09-04T23:21:59-04:00] Checking for orphaned in-progress beads (status=in_progress without assignee)...
[2026-09-04T23:21:59-04:00] Checking for stale dependency blocks...
[2026-09-04T23:21:59-04:00] === Bead state consistency check completed ===
[2026-09-04T23:36:59-04:00] === Bead state consistency check started ===
[2026-09-04T23:36:59-04:00] Checking for assigned-but-open beads (status=open with assignee)...
[2026-09-04T23:36:59-04:00] Checking for orphaned in-progress beads (status=in_progress without assignee)...
[2026-09-04T23:36:59-04:00] Checking for stale dependency blocks...
[2026-09-04T23:36:59-04:00] === Bead state consistency check completed ===
[2026-09-04T23:51:59-04:00] === Bead state consistency check started ===
[2026-09-04T23:51:59-04:00] Checking for assigned-but-open beads (status=open with assignee)...
[2026-09-04T23:51:59-04:00] Checking for orphaned in-progress beads (status=in_progress without assignee)...
[2026-09-04T23:51:59-04:00] Checking for stale dependency blocks...
[2026-09-04T23:51:59-04:00] === Bead state consistency check completed ===
[2026-09-05T00:07:00-04:00] === Bead state consistency check started ===
[2026-09-05T00:07:00-04:00] Checking for assigned-but-open beads (status=open with assignee)...
[2026-09-05T00:07:00-04:00] Checking for orphaned in-progress beads (status=in_progress without assignee)...
[2026-09-05T00:07:00-04:00] Checking for stale dependency blocks...
[2026-09-05T00:07:00-04:00] === Bead state consistency check completed ===
[2026-09-05T00:22:00-04:00] === Bead state consistency check started ===
[2026-09-05T00:22:00-04:00] Checking for assigned-but-open beads (status=open with assignee)...
[2026-09-05T00:22:00-04:00] Checking for orphaned in-progress beads (status=in_progress without assignee)...
[2026-09-05T00:22:00-04:00] Checking for stale dependency blocks...
[2026-09-05T00:22:00-04:00] === Bead state consistency check completed ===
[2026-09-05T00:37:01-04:00] === Bead state consistency check started ===
[2026-09-05T00:37:01-04:00] Checking for assigned-but-open beads (status=open with assignee)...
[2026-09-05T00:37:01-04:00] Checking for orphaned in-progress beads (status=in_progress without assignee)...
[2026-09-05T00:37:01-04:00] Checking for stale dependency blocks...
[2026-09-05T00:37:01-04:00] === Bead state consistency check completed ===
[2026-09-05T00:52:02-04:00] === Bead state consistency check started ===
[2026-09-05T00:52:02-04:00] Checking for assigned-but-open beads (status=open with assignee)...
[2026-09-05T00:52:02-04:00] Checking for orphaned in-progress beads (status=in_progress without assignee)...
[2026-09-05T00:52:02-04:00] Checking for stale dependency blocks...
[2026-09-05T00:52:02-04:00] === Bead state consistency check completed ===
[2026-09-05T01:07:03-04:00] === Bead state consistency check started ===
[2026-09-05T01:07:03-04:00] Checking for assigned-but-open beads (status=open with assignee)...
[2026-09-05T01:07:03-04:00] Checking for orphaned in-progress beads (status=in_progress without assignee)...
[2026-09-05T01:07:03-04:00] Checking for stale dependency blocks...
[2026-09-05T01:07:03-04:00] === Bead state consistency check completed ===
[2026-09-05T01:22:03-04:00] === Bead state consistency check started ===
[2026-09-05T01:22:03-04:00] Checking for assigned-but-open beads (status=open with assignee)...
[2026-09-05T01:22:03-04:00] Checking for orphaned in-progress beads (status=in_progress without assignee)...
[2026-09-05T01:22:03-04:00] Checking for stale dependency blocks...
[2026-09-05T01:22:03-04:00] === Bead state consistency check completed ===
[2026-09-05T01:37:04-04:00] === Bead state consistency check started ===
[2026-09-05T01:37:04-04:00] Checking for assigned-but-open beads (status=open with assignee)...
[2026-09-05T01:37:04-04:00] Checking for orphaned in-progress beads (status=in_progress without assignee)...
[2026-09-05T01:37:04-04:00] Checking for stale dependency blocks...
[2026-09-05T01:37:04-04:00] === Bead state consistency check completed ===
[2026-09-05T01:52:04-04:00] === Bead state consistency check started ===
[2026-09-05T01:52:04-04:00] Checking for assigned-but-open beads (status=open with assignee)...
[2026-09-05T01:52:04-04:00] Checking for orphaned in-progress beads (status=in_progress without assignee)...
[2026-09-05T01:52:04-04:00] Checking for stale dependency blocks...
[2026-09-05T01:52:04-04:00] === Bead state consistency check completed ===
[2026-09-05T02:07:05-04:00] === Bead state consistency check started ===
[2026-09-05T02:07:05-04:00] Checking for assigned-but-open beads (status=open with assignee)...
[2026-09-05T02:07:05-04:00] Checking for orphaned in-progress beads (status=in_progress without assignee)...
[2026-09-05T02:07:05-04:00] Checking for stale dependency blocks...
[2026-09-05T02:07:05-04:00] === Bead state consistency check completed ===
[2026-09-05T02:22:06-04:00] === Bead state consistency check started ===
[2026-09-05T02:22:06-04:00] Checking for assigned-but-open beads (status=open with assignee)...
[2026-09-05T02:22:06-04:00] Checking for orphaned in-progress beads (status=in_progress without assignee)...
[2026-09-05T02:22:06-04:00] Checking for stale dependency blocks...
[2026-09-05T02:22:06-04:00] === Bead state consistency check completed ===
[2026-09-05T02:37:07-04:00] === Bead state consistency check started ===
[2026-09-05T02:37:07-04:00] Checking for assigned-but-open beads (status=open with assignee)...
[2026-09-05T02:37:07-04:00] Checking for orphaned in-progress beads (status=in_progress without assignee)...
[2026-09-05T02:37:07-04:00] Checking for stale dependency blocks...
[2026-09-05T02:37:07-04:00] === Bead state consistency check completed ===
[2026-09-05T02:52:07-04:00] === Bead state consistency check started ===
[2026-09-05T02:52:07-04:00] Checking for assigned-but-open beads (status=open with assignee)...
[2026-09-05T02:52:07-04:00] Checking for orphaned in-progress beads (status=in_progress without assignee)...
[2026-09-05T02:52:07-04:00] Checking for stale dependency blocks...
[2026-09-05T02:52:07-04:00] === Bead state consistency check completed ===
[2026-09-05T03:07:08-04:00] === Bead state consistency check started ===
[2026-09-05T03:07:08-04:00] Checking for assigned-but-open beads (status=open with assignee)...
[2026-09-05T03:07:08-04:00] Checking for orphaned in-progress beads (status=in_progress without assignee)...
[2026-09-05T03:07:08-04:00] Checking for stale dependency blocks...
[2026-09-05T03:07:08-04:00] === Bead state consistency check completed ===
[2026-09-05T03:22:08-04:00] === Bead state consistency check started ===
[2026-09-05T03:22:08-04:00] Checking for assigned-but-open beads (status=open with assignee)...
[2026-09-05T03:22:08-04:00] Checking for orphaned in-progress beads (status=in_progress without assignee)...
[2026-09-05T03:22:08-04:00] Checking for stale dependency blocks...
[2026-09-05T03:22:08-04:00] === Bead state consistency check completed ===
[2026-09-05T03:37:09-04:00] === Bead state consistency check started ===
[2026-09-05T03:37:09-04:00] Checking for assigned-but-open beads (status=open with assignee)...
[2026-09-05T03:37:09-04:00] Checking for orphaned in-progress beads (status=in_progress without assignee)...
[2026-09-05T03:37:09-04:00] Checking for stale dependency blocks...
[2026-09-05T03:37:09-04:00] === Bead state consistency check completed ===
[2026-09-05T03:52:10-04:00] === Bead state consistency check started ===
[2026-09-05T03:52:10-04:00] Checking for assigned-but-open beads (status=open with assignee)...
[2026-09-05T03:52:10-04:00] Checking for orphaned in-progress beads (status=in_progress without assignee)...
[2026-09-05T03:52:10-04:00] Checking for stale dependency blocks...
[2026-09-05T03:52:10-04:00] === Bead state consistency check completed ===
[2026-09-05T04:07:10-04:00] === Bead state consistency check started ===
[2026-09-05T04:07:10-04:00] Checking for assigned-but-open beads (status=open with assignee)...
[2026-09-05T04:07:10-04:00] Checking for orphaned in-progress beads (status=in_progress without assignee)...
[2026-09-05T04:07:10-04:00] Checking for stale dependency blocks...
[2026-09-05T04:07:10-04:00] === Bead state consistency check completed ===
[2026-09-05T04:22:11-04:00] === Bead state consistency check started ===
[2026-09-05T04:22:11-04:00] Checking for assigned-but-open beads (status=open with assignee)...
[2026-09-05T04:22:11-04:00] Checking for orphaned in-progress beads (status=in_progress without assignee)...
[2026-09-05T04:22:11-04:00] Checking for stale dependency blocks...
[2026-09-05T04:22:11-04:00] === Bead state consistency check completed ===
[2026-09-05T04:37:11-04:00] === Bead state consistency check started ===
[2026-09-05T04:37:11-04:00] Checking for assigned-but-open beads (status=open with assignee)...
[2026-09-05T04:37:11-04:00] Checking for orphaned in-progress beads (status=in_progress without assignee)...
[2026-09-05T04:37:11-04:00] Checking for stale dependency blocks...
[2026-09-05T04:37:11-04:00] === Bead state consistency check completed ===
[2026-09-05T04:52:12-04:00] === Bead state consistency check started ===
[2026-09-05T04:52:12-04:00] Checking for assigned-but-open beads (status=open with assignee)...
[2026-09-05T04:52:12-04:00] Checking for orphaned in-progress beads (status=in_progress without assignee)...
[2026-09-05T04:52:12-04:00] Checking for stale dependency blocks...
[2026-09-05T04:52:12-04:00] === Bead state consistency check completed ===
[2026-09-05T05:07:13-04:00] === Bead state consistency check started ===
[2026-09-05T05:07:13-04:00] Checking for assigned-but-open beads (status=open with assignee)...
[2026-09-05T05:07:13-04:00] Checking for orphaned in-progress beads (status=in_progress without assignee)...
[2026-09-05T05:07:13-04:00] Checking for stale dependency blocks...
[2026-09-05T05:07:13-04:00] === Bead state consistency check completed ===
[2026-09-05T05:22:14-04:00] === Bead state consistency check started ===
[2026-09-05T05:22:14-04:00] Checking for assigned-but-open beads (status=open with assignee)...
[2026-09-05T05:22:14-04:00] Checking for orphaned in-progress beads (status=in_progress without assignee)...
[2026-09-05T05:22:14-04:00] Checking for stale dependency blocks...
[2026-09-05T05:22:14-04:00] === Bead state consistency check completed ===
[2026-09-05T05:37:15-04:00] === Bead state consistency check started ===
[2026-09-05T05:37:15-04:00] Checking for assigned-but-open beads (status=open with assignee)...
[2026-09-05T05:37:15-04:00] Checking for orphaned in-progress beads (status=in_progress without assignee)...
[2026-09-05T05:37:15-04:00] Checking for stale dependency blocks...
[2026-09-05T05:37:15-04:00] === Bead state consistency check completed ===
[2026-09-05T05:52:16-04:00] === Bead state consistency check started ===
[2026-09-05T05:52:16-04:00] Checking for assigned-but-open beads (status=open with assignee)...
[2026-09-05T05:52:16-04:00] Checking for orphaned in-progress beads (status=in_progress without assignee)...
[2026-09-05T05:52:16-04:00] Checking for stale dependency blocks...
[2026-09-05T05:52:16-04:00] === Bead state consistency check completed ===
[2026-09-05T06:07:17-04:00] === Bead state consistency check started ===
[2026-09-05T06:07:17-04:00] Checking for assigned-but-open beads (status=open with assignee)...
[2026-09-05T06:07:17-04:00] Checking for orphaned in-progress beads (status=in_progress without assignee)...
[2026-09-05T06:07:17-04:00] Checking for stale dependency blocks...
[2026-09-05T06:07:17-04:00] === Bead state consistency check completed ===
[2026-09-05T06:22:18-04:00] === Bead state consistency check started ===
[2026-09-05T06:22:18-04:00] Checking for assigned-but-open beads (status=open with assignee)...
[2026-09-05T06:22:18-04:00] Checking for orphaned in-progress beads (status=in_progress without assignee)...
[2026-09-05T06:22:18-04:00] Checking for stale dependency blocks...
[2026-09-05T06:22:18-04:00] === Bead state consistency check completed ===
[2026-09-05T06:37:19-04:00] === Bead state consistency check started ===
[2026-09-05T06:37:19-04:00] Checking for assigned-but-open beads (status=open with assignee)...
[2026-09-05T06:37:19-04:00] Checking for orphaned in-progress beads (status=in_progress without assignee)...
[2026-09-05T06:37:19-04:00] Checking for stale dependency blocks...
[2026-09-05T06:37:19-04:00] === Bead state consistency check completed ===
[2026-09-05T06:52:20-04:00] === Bead state consistency check started ===
[2026-09-05T06:52:20-04:00] Checking for assigned-but-open beads (status=open with assignee)...
[2026-09-05T06:52:20-04:00] Checking for orphaned in-progress beads (status=in_progress without assignee)...
[2026-09-05T06:52:20-04:00] Checking for stale dependency blocks...
[2026-09-05T06:52:20-04:00] === Bead state consistency check completed ===
[2026-09-05T07:07:21-04:00] === Bead state consistency check started ===
[2026-09-05T07:07:21-04:00] Checking for assigned-but-open beads (status=open with assignee)...
[2026-09-05T07:07:21-04:00] Checking for orphaned in-progress beads (status=in_progress without assignee)...
[2026-09-05T07:07:21-04:00] Checking for stale dependency blocks...
[2026-09-05T07:07:21-04:00] === Bead state consistency check completed ===
[2026-09-05T07:22:22-04:00] === Bead state consistency check started ===
[2026-09-05T07:22:22-04:00] Checking for assigned-but-open beads (status=open with assignee)...
[2026-09-05T07:22:22-04:00] Checking for orphaned in-progress beads (status=in_progress without assignee)...
[2026-09-05T07:22:22-04:00] Checking for stale dependency blocks...
[2026-09-05T07:22:22-04:00] === Bead state consistency check completed ===
[2026-09-05T07:37:23-04:00] === Bead state consistency check started ===
[2026-09-05T07:37:23-04:00] Checking for assigned-but-open beads (status=open with assignee)...
[2026-09-05T07:37:23-04:00] Checking for orphaned in-progress beads (status=in_progress without assignee)...
[2026-09-05T07:37:23-04:00] Checking for stale dependency blocks...
[2026-09-05T07:37:23-04:00] === Bead state consistency check completed ===
[2026-09-05T07:52:23-04:00] === Bead state consistency check started ===
[2026-09-05T07:52:23-04:00] Checking for assigned-but-open beads (status=open with assignee)...
[2026-09-05T07:52:23-04:00] Checking for orphaned in-progress beads (status=in_progress without assignee)...
[2026-09-05T07:52:23-04:00] Checking for stale dependency blocks...
[2026-09-05T07:52:23-04:00] === Bead state consistency check completed ===
[2026-09-05T08:07:24-04:00] === Bead state consistency check started ===
[2026-09-05T08:07:24-04:00] Checking for assigned-but-open beads (status=open with assignee)...
[2026-09-05T08:07:24-04:00] Checking for orphaned in-progress beads (status=in_progress without assignee)...
[2026-09-05T08:07:24-04:00] Checking for stale dependency blocks...
[2026-09-05T08:07:24-04:00] === Bead state consistency check completed ===
[2026-09-05T08:22:24-04:00] === Bead state consistency check started ===
[2026-09-05T08:22:24-04:00] Checking for assigned-but-open beads (status=open with assignee)...
[2026-09-05T08:22:24-04:00] Checking for orphaned in-progress beads (status=in_progress without assignee)...
[2026-09-05T08:22:24-04:00] Checking for stale dependency blocks...
[2026-09-05T08:22:24-04:00] === Bead state consistency check completed ===
[2026-09-05T08:37:25-04:00] === Bead state consistency check started ===
[2026-09-05T08:37:25-04:00] Checking for assigned-but-open beads (status=open with assignee)...
[2026-09-05T08:37:25-04:00] Checking for orphaned in-progress beads (status=in_progress without assignee)...
[2026-09-05T08:37:25-04:00] Checking for stale dependency blocks...
[2026-09-05T08:37:25-04:00] === Bead state consistency check completed ===
[2026-09-05T08:52:25-04:00] === Bead state consistency check started ===
[2026-09-05T08:52:25-04:00] Checking for assigned-but-open beads (status=open with assignee)...
[2026-09-05T08:52:25-04:00] Checking for orphaned in-progress beads (status=in_progress without assignee)...
[2026-09-05T08:52:25-04:00] Checking for stale dependency blocks...
[2026-09-05T08:52:25-04:00] === Bead state consistency check completed ===
[2026-09-05T09:07:26-04:00] === Bead state consistency check started ===
[2026-09-05T09:07:26-04:00] Checking for assigned-but-open beads (status=open with assignee)...
[2026-09-05T09:07:26-04:00] Checking for orphaned in-progress beads (status=in_progress without assignee)...
[2026-09-05T09:07:26-04:00] Checking for stale dependency blocks...
[2026-09-05T09:07:26-04:00] === Bead state consistency check completed ===
[2026-09-05T09:22:26-04:00] === Bead state consistency check started ===
[2026-09-05T09:22:26-04:00] Checking for assigned-but-open beads (status=open with assignee)...
[2026-09-05T09:22:26-04:00] Checking for orphaned in-progress beads (status=in_progress without assignee)...
[2026-09-05T09:22:26-04:00] Checking for stale dependency blocks...
[2026-09-05T09:22:26-04:00] === Bead state consistency check completed ===
[2026-09-05T09:37:27-04:00] === Bead state consistency check started ===
[2026-09-05T09:37:27-04:00] Checking for assigned-but-open beads (status=open with assignee)...
[2026-09-05T09:37:27-04:00] Checking for orphaned in-progress beads (status=in_progress without assignee)...
[2026-09-05T09:37:27-04:00] Checking for stale dependency blocks...
[2026-09-05T09:37:27-04:00] === Bead state consistency check completed ===
[2026-09-05T09:52:27-04:00] === Bead state consistency check started ===
[2026-09-05T09:52:27-04:00] Checking for assigned-but-open beads (status=open with assignee)...
[2026-09-05T09:52:27-04:00] Checking for orphaned in-progress beads (status=in_progress without assignee)...
[2026-09-05T09:52:27-04:00] Checking for stale dependency blocks...
[2026-09-05T09:52:27-04:00] === Bead state consistency check completed ===
[2026-09-05T10:07:28-04:00] === Bead state consistency check started ===
[2026-09-05T10:07:28-04:00] Checking for assigned-but-open beads (status=open with assignee)...
[2026-09-05T10:07:28-04:00] Checking for orphaned in-progress beads (status=in_progress without assignee)...
[2026-09-05T10:07:28-04:00] Checking for stale dependency blocks...
[2026-09-05T10:07:28-04:00] === Bead state consistency check completed ===
[2026-09-05T10:22:29-04:00] === Bead state consistency check started ===
[2026-09-05T10:22:29-04:00] Checking for assigned-but-open beads (status=open with assignee)...
[2026-09-05T10:22:29-04:00] Checking for orphaned in-progress beads (status=in_progress without assignee)...
[2026-09-05T10:22:29-04:00] Checking for stale dependency blocks...
[2026-09-05T10:22:29-04:00] === Bead state consistency check completed ===
[2026-09-05T10:37:30-04:00] === Bead state consistency check started ===
[2026-09-05T10:37:30-04:00] Checking for assigned-but-open beads (status=open with assignee)...
[2026-09-05T10:37:30-04:00] Checking for orphaned in-progress beads (status=in_progress without assignee)...
[2026-09-05T10:37:30-04:00] Checking for stale dependency blocks...
[2026-09-05T10:37:30-04:00] === Bead state consistency check completed ===
[2026-09-05T10:52:31-04:00] === Bead state consistency check started ===
[2026-09-05T10:52:31-04:00] Checking for assigned-but-open beads (status=open with assignee)...
[2026-09-05T10:52:31-04:00] Checking for orphaned in-progress beads (status=in_progress without assignee)...
[2026-09-05T10:52:31-04:00] Checking for stale dependency blocks...
[2026-09-05T10:52:31-04:00] === Bead state consistency check completed ===
[2026-09-05T11:07:31-04:00] === Bead state consistency check started ===
[2026-09-05T11:07:31-04:00] Checking for assigned-but-open beads (status=open with assignee)...
[2026-09-05T11:07:31-04:00] Checking for orphaned in-progress beads (status=in_progress without assignee)...
[2026-09-05T11:07:31-04:00] Checking for stale dependency blocks...
[2026-09-05T11:07:31-04:00] === Bead state consistency check completed ===
[2026-09-05T11:22:32-04:00] === Bead state consistency check started ===
[2026-09-05T11:22:32-04:00] Checking for assigned-but-open beads (status=open with assignee)...
[2026-09-05T11:22:32-04:00] Checking for orphaned in-progress beads (status=in_progress without assignee)...
[2026-09-05T11:22:32-04:00] Checking for stale dependency blocks...
[2026-09-05T11:22:32-04:00] === Bead state consistency check completed ===
[2026-09-05T11:37:33-04:00] === Bead state consistency check started ===
[2026-09-05T11:37:33-04:00] Checking for assigned-but-open beads (status=open with assignee)...
[2026-09-05T11:37:33-04:00] Checking for orphaned in-progress beads (status=in_progress without assignee)...
[2026-09-05T11:37:33-04:00] Checking for stale dependency blocks...
[2026-09-05T11:37:33-04:00] === Bead state consistency check completed ===
[2026-09-05T11:52:34-04:00] === Bead state consistency check started ===
[2026-09-05T11:52:34-04:00] Checking for assigned-but-open beads (status=open with assignee)...
[2026-09-05T11:52:34-04:00] Checking for orphaned in-progress beads (status=in_progress without assignee)...
[2026-09-05T11:52:34-04:00] Checking for stale dependency blocks...
[2026-09-05T11:52:34-04:00] === Bead state consistency check completed ===
[2026-09-05T12:07:34-04:00] === Bead state consistency check started ===
[2026-09-05T12:07:34-04:00] Checking for assigned-but-open beads (status=open with assignee)...
[2026-09-05T12:07:34-04:00] Checking for orphaned in-progress beads (status=in_progress without assignee)...
[2026-09-05T12:07:34-04:00] Checking for stale dependency blocks...
[2026-09-05T12:07:34-04:00] === Bead state consistency check completed ===
[2026-09-05T12:22:34-04:00] === Bead state consistency check started ===
[2026-09-05T12:22:34-04:00] Checking for assigned-but-open beads (status=open with assignee)...
[2026-09-05T12:22:34-04:00] Checking for orphaned in-progress beads (status=in_progress without assignee)...
[2026-09-05T12:22:34-04:00] Checking for stale dependency blocks...
[2026-09-05T12:22:34-04:00] === Bead state consistency check completed ===
[2026-09-05T12:37:35-04:00] === Bead state consistency check started ===
[2026-09-05T12:37:35-04:00] Checking for assigned-but-open beads (status=open with assignee)...
[2026-09-05T12:37:35-04:00] Checking for orphaned in-progress beads (status=in_progress without assignee)...
[2026-09-05T12:37:35-04:00] Checking for stale dependency blocks...
[2026-09-05T12:37:35-04:00] === Bead state consistency check completed ===
[2026-09-05T12:52:36-04:00] === Bead state consistency check started ===
[2026-09-05T12:52:36-04:00] Checking for assigned-but-open beads (status=open with assignee)...
[2026-09-05T12:52:36-04:00] Checking for orphaned in-progress beads (status=in_progress without assignee)...
[2026-09-05T12:52:36-04:00] Checking for stale dependency blocks...
[2026-09-05T12:52:36-04:00] === Bead state consistency check completed ===
[2026-09-05T13:07:37-04:00] === Bead state consistency check started ===
[2026-09-05T13:07:37-04:00] Checking for assigned-but-open beads (status=open with assignee)...
[2026-09-05T13:07:37-04:00] Checking for orphaned in-progress beads (status=in_progress without assignee)...
[2026-09-05T13:07:37-04:00] Checking for stale dependency blocks...
[2026-09-05T13:07:37-04:00] === Bead state consistency check completed ===
[2026-09-05T13:22:37-04:00] === Bead state consistency check started ===
[2026-09-05T13:22:37-04:00] Checking for assigned-but-open beads (status=open with assignee)...
[2026-09-05T13:22:37-04:00] Checking for orphaned in-progress beads (status=in_progress without assignee)...
[2026-09-05T13:22:37-04:00] Checking for stale dependency blocks...
[2026-09-05T13:22:37-04:00] === Bead state consistency check completed ===
[2026-09-05T13:37:37-04:00] === Bead state consistency check started ===
[2026-09-05T13:37:37-04:00] Checking for assigned-but-open beads (status=open with assignee)...
[2026-09-05T13:37:37-04:00] Checking for orphaned in-progress beads (status=in_progress without assignee)...
[2026-09-05T13:37:37-04:00] Checking for stale dependency blocks...
[2026-09-05T13:37:37-04:00] === Bead state consistency check completed ===
[2026-09-05T13:52:38-04:00] === Bead state consistency check started ===
[2026-09-05T13:52:38-04:00] Checking for assigned-but-open beads (status=open with assignee)...
[2026-09-05T13:52:38-04:00] Checking for orphaned in-progress beads (status=in_progress without assignee)...
[2026-09-05T13:52:38-04:00] Checking for stale dependency blocks...
[2026-09-05T13:52:38-04:00] === Bead state consistency check completed ===
[2026-09-05T14:07:38-04:00] === Bead state consistency check started ===
[2026-09-05T14:07:38-04:00] Checking for assigned-but-open beads (status=open with assignee)...
[2026-09-05T14:07:38-04:00] Checking for orphaned in-progress beads (status=in_progress without assignee)...
[2026-09-05T14:07:38-04:00] Checking for stale dependency blocks...
[2026-09-05T14:07:38-04:00] === Bead state consistency check completed ===
[2026-09-05T14:22:38-04:00] === Bead state consistency check started ===
[2026-09-05T14:22:38-04:00] Checking for assigned-but-open beads (status=open with assignee)...
[2026-09-05T14:22:38-04:00] Checking for orphaned in-progress beads (status=in_progress without assignee)...
[2026-09-05T14:22:38-04:00] Checking for stale dependency blocks...
[2026-09-05T14:22:38-04:00] === Bead state consistency check completed ===
[2026-09-05T14:37:38-04:00] === Bead state consistency check started ===
[2026-09-05T14:37:38-04:00] Checking for assigned-but-open beads (status=open with assignee)...
[2026-09-05T14:37:38-04:00] Checking for orphaned in-progress beads (status=in_progress without assignee)...
[2026-09-05T14:37:38-04:00] Checking for stale dependency blocks...
[2026-09-05T14:37:38-04:00] === Bead state consistency check completed ===
[2026-09-05T14:52:39-04:00] === Bead state consistency check started ===
[2026-09-05T14:52:39-04:00] Checking for assigned-but-open beads (status=open with assignee)...
[2026-09-05T14:52:39-04:00] Checking for orphaned in-progress beads (status=in_progress without assignee)...
[2026-09-05T14:52:39-04:00] Checking for stale dependency blocks...
[2026-09-05T14:52:39-04:00] === Bead state consistency check completed ===
[2026-09-05T15:07:39-04:00] === Bead state consistency check started ===
[2026-09-05T15:07:39-04:00] Checking for assigned-but-open beads (status=open with assignee)...
[2026-09-05T15:07:39-04:00] Checking for orphaned in-progress beads (status=in_progress without assignee)...
[2026-09-05T15:07:39-04:00] Checking for stale dependency blocks...
[2026-09-05T15:07:39-04:00] === Bead state consistency check completed ===
[2026-09-05T15:22:40-04:00] === Bead state consistency check started ===
[2026-09-05T15:22:40-04:00] Checking for assigned-but-open beads (status=open with assignee)...
[2026-09-05T15:22:40-04:00] Checking for orphaned in-progress beads (status=in_progress without assignee)...
[2026-09-05T15:22:40-04:00] Checking for stale dependency blocks...
[2026-09-05T15:22:40-04:00] === Bead state consistency check completed ===
[2026-09-05T15:37:40-04:00] === Bead state consistency check started ===
[2026-09-05T15:37:40-04:00] Checking for assigned-but-open beads (status=open with assignee)...
[2026-09-05T15:37:40-04:00] Checking for orphaned in-progress beads (status=in_progress without assignee)...
[2026-09-05T15:37:40-04:00] Checking for stale dependency blocks...
[2026-09-05T15:37:40-04:00] === Bead state consistency check completed ===
[2026-09-05T15:52:41-04:00] === Bead state consistency check started ===
[2026-09-05T15:52:41-04:00] Checking for assigned-but-open beads (status=open with assignee)...
[2026-09-05T15:52:41-04:00] Checking for orphaned in-progress beads (status=in_progress without assignee)...
[2026-09-05T15:52:41-04:00] Checking for stale dependency blocks...
[2026-09-05T15:52:41-04:00] === Bead state consistency check completed ===
[2026-09-05T16:07:42-04:00] === Bead state consistency check started ===
[2026-09-05T16:07:42-04:00] Checking for assigned-but-open beads (status=open with assignee)...
[2026-09-05T16:07:42-04:00] Checking for orphaned in-progress beads (status=in_progress without assignee)...
[2026-09-05T16:07:42-04:00] Checking for stale dependency blocks...
[2026-09-05T16:07:42-04:00] === Bead state consistency check completed ===
[2026-09-05T16:22:42-04:00] === Bead state consistency check started ===
[2026-09-05T16:22:42-04:00] Checking for assigned-but-open beads (status=open with assignee)...
[2026-09-05T16:22:42-04:00] Checking for orphaned in-progress beads (status=in_progress without assignee)...
[2026-09-05T16:22:42-04:00] Checking for stale dependency blocks...
[2026-09-05T16:22:42-04:00] === Bead state consistency check completed ===
[2026-09-05T16:37:42-04:00] === Bead state consistency check started ===
[2026-09-05T16:37:42-04:00] Checking for assigned-but-open beads (status=open with assignee)...
[2026-09-05T16:37:42-04:00] Checking for orphaned in-progress beads (status=in_progress without assignee)...
[2026-09-05T16:37:42-04:00] Checking for stale dependency blocks...
[2026-09-05T16:37:42-04:00] === Bead state consistency check completed ===
[2026-09-05T16:52:42-04:00] === Bead state consistency check started ===
[2026-09-05T16:52:42-04:00] Checking for assigned-but-open beads (status=open with assignee)...
[2026-09-05T16:52:42-04:00] Checking for orphaned in-progress beads (status=in_progress without assignee)...
[2026-09-05T16:52:42-04:00] Checking for stale dependency blocks...
[2026-09-05T16:52:42-04:00] === Bead state consistency check completed ===
[2026-09-05T17:07:42-04:00] === Bead state consistency check started ===
[2026-09-05T17:07:42-04:00] Checking for assigned-but-open beads (status=open with assignee)...
[2026-09-05T17:07:42-04:00] Checking for orphaned in-progress beads (status=in_progress without assignee)...
[2026-09-05T17:07:42-04:00] Checking for stale dependency blocks...
[2026-09-05T17:07:42-04:00] === Bead state consistency check completed ===
[2026-09-05T17:22:43-04:00] === Bead state consistency check started ===
[2026-09-05T17:22:43-04:00] Checking for assigned-but-open beads (status=open with assignee)...
[2026-09-05T17:22:43-04:00] Checking for orphaned in-progress beads (status=in_progress without assignee)...
[2026-09-05T17:22:43-04:00] Checking for stale dependency blocks...
[2026-09-05T17:22:43-04:00] === Bead state consistency check completed ===
[2026-09-05T17:37:44-04:00] === Bead state consistency check started ===
[2026-09-05T17:37:44-04:00] Checking for assigned-but-open beads (status=open with assignee)...
[2026-09-05T17:37:44-04:00] Checking for orphaned in-progress beads (status=in_progress without assignee)...
[2026-09-05T17:37:44-04:00] Checking for stale dependency blocks...
[2026-09-05T17:37:44-04:00] === Bead state consistency check completed ===
[2026-09-05T17:52:44-04:00] === Bead state consistency check started ===
[2026-09-05T17:52:44-04:00] Checking for assigned-but-open beads (status=open with assignee)...
[2026-09-05T17:52:44-04:00] Checking for orphaned in-progress beads (status=in_progress without assignee)...
[2026-09-05T17:52:44-04:00] Checking for stale dependency blocks...
[2026-09-05T17:52:44-04:00] === Bead state consistency check completed ===
[2026-09-05T18:07:44-04:00] === Bead state consistency check started ===
[2026-09-05T18:07:44-04:00] Checking for assigned-but-open beads (status=open with assignee)...
[2026-09-05T18:07:44-04:00] Checking for orphaned in-progress beads (status=in_progress without assignee)...
[2026-09-05T18:07:44-04:00] Checking for stale dependency blocks...
[2026-09-05T18:07:44-04:00] === Bead state consistency check completed ===
[2026-09-05T18:22:45-04:00] === Bead state consistency check started ===
[2026-09-05T18:22:45-04:00] Checking for assigned-but-open beads (status=open with assignee)...
[2026-09-05T18:22:45-04:00] Checking for orphaned in-progress beads (status=in_progress without assignee)...
[2026-09-05T18:22:45-04:00] Checking for stale dependency blocks...
[2026-09-05T18:22:45-04:00] === Bead state consistency check completed ===
[2026-09-05T18:37:45-04:00] === Bead state consistency check started ===
[2026-09-05T18:37:45-04:00] Checking for assigned-but-open beads (status=open with assignee)...
[2026-09-05T18:37:45-04:00] Checking for orphaned in-progress beads (status=in_progress without assignee)...
[2026-09-05T18:37:45-04:00] Checking for stale dependency blocks...
[2026-09-05T18:37:45-04:00] === Bead state consistency check completed ===
[2026-09-05T18:52:46-04:00] === Bead state consistency check started ===
[2026-09-05T18:52:46-04:00] Checking for assigned-but-open beads (status=open with assignee)...
[2026-09-05T18:52:46-04:00] Checking for orphaned in-progress beads (status=in_progress without assignee)...
[2026-09-05T18:52:46-04:00] Checking for stale dependency blocks...
[2026-09-05T18:52:46-04:00] === Bead state consistency check completed ===
[2026-09-05T19:07:46-04:00] === Bead state consistency check started ===
[2026-09-05T19:07:46-04:00] Checking for assigned-but-open beads (status=open with assignee)...
[2026-09-05T19:07:46-04:00] Checking for orphaned in-progress beads (status=in_progress without assignee)...
[2026-09-05T19:07:46-04:00] Checking for stale dependency blocks...
[2026-09-05T19:07:46-04:00] === Bead state consistency check completed ===
[2026-09-05T19:22:47-04:00] === Bead state consistency check started ===
[2026-09-05T19:22:47-04:00] Checking for assigned-but-open beads (status=open with assignee)...
[2026-09-05T19:22:47-04:00] Checking for orphaned in-progress beads (status=in_progress without assignee)...
[2026-09-05T19:22:47-04:00] Checking for stale dependency blocks...
[2026-09-05T19:22:47-04:00] === Bead state consistency check completed ===
[2026-09-05T19:37:47-04:00] === Bead state consistency check started ===
[2026-09-05T19:37:47-04:00] Checking for assigned-but-open beads (status=open with assignee)...
[2026-09-05T19:37:47-04:00] Checking for orphaned in-progress beads (status=in_progress without assignee)...
[2026-09-05T19:37:47-04:00] Checking for stale dependency blocks...
[2026-09-05T19:37:47-04:00] === Bead state consistency check completed ===
[2026-09-05T19:52:48-04:00] === Bead state consistency check started ===
[2026-09-05T19:52:48-04:00] Checking for assigned-but-open beads (status=open with assignee)...
[2026-09-05T19:52:48-04:00] Checking for orphaned in-progress beads (status=in_progress without assignee)...
[2026-09-05T19:52:48-04:00] Checking for stale dependency blocks...
[2026-09-05T19:52:48-04:00] === Bead state consistency check completed ===
[2026-09-05T20:07:48-04:00] === Bead state consistency check started ===
[2026-09-05T20:07:48-04:00] Checking for assigned-but-open beads (status=open with assignee)...
[2026-09-05T20:07:48-04:00] Checking for orphaned in-progress beads (status=in_progress without assignee)...
[2026-09-05T20:07:48-04:00] Checking for stale dependency blocks...
[2026-09-05T20:07:48-04:00] === Bead state consistency check completed ===
[2026-09-05T20:22:49-04:00] === Bead state consistency check started ===
[2026-09-05T20:22:49-04:00] Checking for assigned-but-open beads (status=open with assignee)...
[2026-09-05T20:22:49-04:00] Checking for orphaned in-progress beads (status=in_progress without assignee)...
[2026-09-05T20:22:49-04:00] Checking for stale dependency blocks...
[2026-09-05T20:22:49-04:00] === Bead state consistency check completed ===
[2026-09-05T20:37:50-04:00] === Bead state consistency check started ===
[2026-09-05T20:37:50-04:00] Checking for assigned-but-open beads (status=open with assignee)...
[2026-09-05T20:37:50-04:00] Checking for orphaned in-progress beads (status=in_progress without assignee)...
[2026-09-05T20:37:50-04:00] Checking for stale dependency blocks...
[2026-09-05T20:37:50-04:00] === Bead state consistency check completed ===
[2026-09-05T20:52:51-04:00] === Bead state consistency check started ===
[2026-09-05T20:52:51-04:00] Checking for assigned-but-open beads (status=open with assignee)...
[2026-09-05T20:52:51-04:00] Checking for orphaned in-progress beads (status=in_progress without assignee)...
[2026-09-05T20:52:51-04:00] Checking for stale dependency blocks...
[2026-09-05T20:52:51-04:00] === Bead state consistency check completed ===
[2026-09-05T21:07:51-04:00] === Bead state consistency check started ===
[2026-09-05T21:07:51-04:00] Checking for assigned-but-open beads (status=open with assignee)...
[2026-09-05T21:07:51-04:00] Checking for orphaned in-progress beads (status=in_progress without assignee)...
[2026-09-05T21:07:51-04:00] Checking for stale dependency blocks...
[2026-09-05T21:07:51-04:00] === Bead state consistency check completed ===
[2026-09-05T21:22:52-04:00] === Bead state consistency check started ===
[2026-09-05T21:22:52-04:00] Checking for assigned-but-open beads (status=open with assignee)...
[2026-09-05T21:22:52-04:00] Checking for orphaned in-progress beads (status=in_progress without assignee)...
[2026-09-05T21:22:52-04:00] Checking for stale dependency blocks...
[2026-09-05T21:22:52-04:00] === Bead state consistency check completed ===
[2026-09-05T21:37:52-04:00] === Bead state consistency check started ===
[2026-09-05T21:37:52-04:00] Checking for assigned-but-open beads (status=open with assignee)...
[2026-09-05T21:37:52-04:00] Checking for orphaned in-progress beads (status=in_progress without assignee)...
[2026-09-05T21:37:52-04:00] Checking for stale dependency blocks...
[2026-09-05T21:37:52-04:00] === Bead state consistency check completed ===
[2026-09-05T21:52:53-04:00] === Bead state consistency check started ===
[2026-09-05T21:52:53-04:00] Checking for assigned-but-open beads (status=open with assignee)...
[2026-09-05T21:52:53-04:00] Checking for orphaned in-progress beads (status=in_progress without assignee)...
[2026-09-05T21:52:53-04:00] Checking for stale dependency blocks...
[2026-09-05T21:52:53-04:00] === Bead state consistency check completed ===
[2026-09-05T22:07:53-04:00] === Bead state consistency check started ===
[2026-09-05T22:07:53-04:00] Checking for assigned-but-open beads (status=open with assignee)...
[2026-09-05T22:07:53-04:00] Checking for orphaned in-progress beads (status=in_progress without assignee)...
[2026-09-05T22:07:53-04:00] Checking for stale dependency blocks...
[2026-09-05T22:07:53-04:00] === Bead state consistency check completed ===
[2026-09-05T22:22:54-04:00] === Bead state consistency check started ===
[2026-09-05T22:22:54-04:00] Checking for assigned-but-open beads (status=open with assignee)...
[2026-09-05T22:22:54-04:00] Checking for orphaned in-progress beads (status=in_progress without assignee)...
[2026-09-05T22:22:54-04:00] Checking for stale dependency blocks...
[2026-09-05T22:22:54-04:00] === Bead state consistency check completed ===
[2026-09-05T22:37:55-04:00] === Bead state consistency check started ===
[2026-09-05T22:37:55-04:00] Checking for assigned-but-open beads (status=open with assignee)...
[2026-09-05T22:37:55-04:00] Checking for orphaned in-progress beads (status=in_progress without assignee)...
[2026-09-05T22:37:55-04:00] Checking for stale dependency blocks...
[2026-09-05T22:37:55-04:00] === Bead state consistency check completed ===
[2026-09-05T22:52:56-04:00] === Bead state consistency check started ===
[2026-09-05T22:52:56-04:00] Checking for assigned-but-open beads (status=open with assignee)...
[2026-09-05T22:52:56-04:00] Checking for orphaned in-progress beads (status=in_progress without assignee)...
[2026-09-05T22:52:56-04:00] Checking for stale dependency blocks...
[2026-09-05T22:52:56-04:00] === Bead state consistency check completed ===
[2026-09-05T23:07:56-04:00] === Bead state consistency check started ===
[2026-09-05T23:07:56-04:00] Checking for assigned-but-open beads (status=open with assignee)...
[2026-09-05T23:07:56-04:00] Checking for orphaned in-progress beads (status=in_progress without assignee)...
[2026-09-05T23:07:56-04:00] Checking for stale dependency blocks...
[2026-09-05T23:07:56-04:00] === Bead state consistency check completed ===
[2026-09-05T23:22:56-04:00] === Bead state consistency check started ===
[2026-09-05T23:22:56-04:00] Checking for assigned-but-open beads (status=open with assignee)...
[2026-09-05T23:22:56-04:00] Checking for orphaned in-progress beads (status=in_progress without assignee)...
[2026-09-05T23:22:56-04:00] Checking for stale dependency blocks...
[2026-09-05T23:22:56-04:00] === Bead state consistency check completed ===
[2026-09-05T23:37:57-04:00] === Bead state consistency check started ===
[2026-09-05T23:37:57-04:00] Checking for assigned-but-open beads (status=open with assignee)...
[2026-09-05T23:37:57-04:00] Checking for orphaned in-progress beads (status=in_progress without assignee)...
[2026-09-05T23:37:57-04:00] Checking for stale dependency blocks...
[2026-09-05T23:37:57-04:00] === Bead state consistency check completed ===
[2026-09-05T23:52:58-04:00] === Bead state consistency check started ===
[2026-09-05T23:52:58-04:00] Checking for assigned-but-open beads (status=open with assignee)...
[2026-09-05T23:52:58-04:00] Checking for orphaned in-progress beads (status=in_progress without assignee)...
[2026-09-05T23:52:58-04:00] Checking for stale dependency blocks...
[2026-09-05T23:52:58-04:00] === Bead state consistency check completed ===
[2026-09-06T00:07:58-04:00] === Bead state consistency check started ===
[2026-09-06T00:07:58-04:00] Checking for assigned-but-open beads (status=open with assignee)...
[2026-09-06T00:07:58-04:00] Checking for orphaned in-progress beads (status=in_progress without assignee)...
[2026-09-06T00:07:58-04:00] Checking for stale dependency blocks...
[2026-09-06T00:07:58-04:00] === Bead state consistency check completed ===
[2026-09-06T00:22:59-04:00] === Bead state consistency check started ===
[2026-09-06T00:22:59-04:00] Checking for assigned-but-open beads (status=open with assignee)...
[2026-09-06T00:22:59-04:00] Checking for orphaned in-progress beads (status=in_progress without assignee)...
[2026-09-06T00:22:59-04:00] Checking for stale dependency blocks...
[2026-09-06T00:22:59-04:00] === Bead state consistency check completed ===
[2026-09-06T00:37:59-04:00] === Bead state consistency check started ===
[2026-09-06T00:37:59-04:00] Checking for assigned-but-open beads (status=open with assignee)...
[2026-09-06T00:37:59-04:00] Checking for orphaned in-progress beads (status=in_progress without assignee)...
[2026-09-06T00:37:59-04:00] Checking for stale dependency blocks...
[2026-09-06T00:37:59-04:00] === Bead state consistency check completed ===
[2026-09-06T00:53:00-04:00] === Bead state consistency check started ===
[2026-09-06T00:53:00-04:00] Checking for assigned-but-open beads (status=open with assignee)...
[2026-09-06T00:53:00-04:00] Checking for orphaned in-progress beads (status=in_progress without assignee)...
[2026-09-06T00:53:00-04:00] Checking for stale dependency blocks...
[2026-09-06T00:53:00-04:00] === Bead state consistency check completed ===
[2026-09-06T01:08:00-04:00] === Bead state consistency check started ===
[2026-09-06T01:08:00-04:00] Checking for assigned-but-open beads (status=open with assignee)...
[2026-09-06T01:08:00-04:00] Checking for orphaned in-progress beads (status=in_progress without assignee)...
[2026-09-06T01:08:00-04:00] Checking for stale dependency blocks...
[2026-09-06T01:08:00-04:00] === Bead state consistency check completed ===
[2026-09-06T01:23:01-04:00] === Bead state consistency check started ===
[2026-09-06T01:23:01-04:00] Checking for assigned-but-open beads (status=open with assignee)...
[2026-09-06T01:23:01-04:00] Checking for orphaned in-progress beads (status=in_progress without assignee)...
[2026-09-06T01:23:01-04:00] Checking for stale dependency blocks...
[2026-09-06T01:23:01-04:00] === Bead state consistency check completed ===
[2026-09-06T01:38:01-04:00] === Bead state consistency check started ===
[2026-09-06T01:38:01-04:00] Checking for assigned-but-open beads (status=open with assignee)...
[2026-09-06T01:38:01-04:00] Checking for orphaned in-progress beads (status=in_progress without assignee)...
[2026-09-06T01:38:01-04:00] Checking for stale dependency blocks...
[2026-09-06T01:38:01-04:00] === Bead state consistency check completed ===
[2026-09-06T01:53:01-04:00] === Bead state consistency check started ===
[2026-09-06T01:53:01-04:00] Checking for assigned-but-open beads (status=open with assignee)...
[2026-09-06T01:53:01-04:00] Checking for orphaned in-progress beads (status=in_progress without assignee)...
[2026-09-06T01:53:01-04:00] Checking for stale dependency blocks...
[2026-09-06T01:53:01-04:00] === Bead state consistency check completed ===
[2026-09-06T02:08:01-04:00] === Bead state consistency check started ===
[2026-09-06T02:08:01-04:00] Checking for assigned-but-open beads (status=open with assignee)...
[2026-09-06T02:08:01-04:00] Checking for orphaned in-progress beads (status=in_progress without assignee)...
[2026-09-06T02:08:01-04:00] Checking for stale dependency blocks...
[2026-09-06T02:08:01-04:00] === Bead state consistency check completed ===
[2026-09-06T02:23:02-04:00] === Bead state consistency check started ===
[2026-09-06T02:23:02-04:00] Checking for assigned-but-open beads (status=open with assignee)...
[2026-09-06T02:23:02-04:00] Checking for orphaned in-progress beads (status=in_progress without assignee)...
[2026-09-06T02:23:02-04:00] Checking for stale dependency blocks...
[2026-09-06T02:23:02-04:00] === Bead state consistency check completed ===
[2026-09-06T02:38:02-04:00] === Bead state consistency check started ===
[2026-09-06T02:38:02-04:00] Checking for assigned-but-open beads (status=open with assignee)...
[2026-09-06T02:38:02-04:00] Checking for orphaned in-progress beads (status=in_progress without assignee)...
[2026-09-06T02:38:02-04:00] Checking for stale dependency blocks...
[2026-09-06T02:38:02-04:00] === Bead state consistency check completed ===
[2026-09-06T02:53:02-04:00] === Bead state consistency check started ===
[2026-09-06T02:53:02-04:00] Checking for assigned-but-open beads (status=open with assignee)...
[2026-09-06T02:53:02-04:00] Checking for orphaned in-progress beads (status=in_progress without assignee)...
[2026-09-06T02:53:02-04:00] Checking for stale dependency blocks...
[2026-09-06T02:53:02-04:00] === Bead state consistency check completed ===
[2026-09-06T03:08:02-04:00] === Bead state consistency check started ===
[2026-09-06T03:08:02-04:00] Checking for assigned-but-open beads (status=open with assignee)...
[2026-09-06T03:08:02-04:00] Checking for orphaned in-progress beads (status=in_progress without assignee)...
[2026-09-06T03:08:02-04:00] Checking for stale dependency blocks...
[2026-09-06T03:08:02-04:00] === Bead state consistency check completed ===
[2026-09-06T03:23:02-04:00] === Bead state consistency check started ===
[2026-09-06T03:23:02-04:00] Checking for assigned-but-open beads (status=open with assignee)...
[2026-09-06T03:23:02-04:00] Checking for orphaned in-progress beads (status=in_progress without assignee)...
[2026-09-06T03:23:02-04:00] Checking for stale dependency blocks...
[2026-09-06T03:23:02-04:00] === Bead state consistency check completed ===
[2026-09-06T03:38:03-04:00] === Bead state consistency check started ===
[2026-09-06T03:38:03-04:00] Checking for assigned-but-open beads (status=open with assignee)...
[2026-09-06T03:38:03-04:00] Checking for orphaned in-progress beads (status=in_progress without assignee)...
[2026-09-06T03:38:03-04:00] Checking for stale dependency blocks...
[2026-09-06T03:38:03-04:00] === Bead state consistency check completed ===
[2026-09-06T03:53:03-04:00] === Bead state consistency check started ===
[2026-09-06T03:53:03-04:00] Checking for assigned-but-open beads (status=open with assignee)...
[2026-09-06T03:53:03-04:00] Checking for orphaned in-progress beads (status=in_progress without assignee)...
[2026-09-06T03:53:03-04:00] Checking for stale dependency blocks...
[2026-09-06T03:53:03-04:00] === Bead state consistency check completed ===
[2026-09-06T04:08:03-04:00] === Bead state consistency check started ===
[2026-09-06T04:08:03-04:00] Checking for assigned-but-open beads (status=open with assignee)...
[2026-09-06T04:08:03-04:00] Checking for orphaned in-progress beads (status=in_progress without assignee)...
[2026-09-06T04:08:03-04:00] Checking for stale dependency blocks...
[2026-09-06T04:08:03-04:00] === Bead state consistency check completed ===
[2026-09-06T04:23:04-04:00] === Bead state consistency check started ===
[2026-09-06T04:23:04-04:00] Checking for assigned-but-open beads (status=open with assignee)...
[2026-09-06T04:23:04-04:00] Checking for orphaned in-progress beads (status=in_progress without assignee)...
[2026-09-06T04:23:04-04:00] Checking for stale dependency blocks...
[2026-09-06T04:23:04-04:00] === Bead state consistency check completed ===
[2026-09-06T04:38:04-04:00] === Bead state consistency check started ===
[2026-09-06T04:38:04-04:00] Checking for assigned-but-open beads (status=open with assignee)...
[2026-09-06T04:38:04-04:00] Checking for orphaned in-progress beads (status=in_progress without assignee)...
[2026-09-06T04:38:04-04:00] Checking for stale dependency blocks...
[2026-09-06T04:38:04-04:00] === Bead state consistency check completed ===
[2026-09-06T04:53:05-04:00] === Bead state consistency check started ===
[2026-09-06T04:53:05-04:00] Checking for assigned-but-open beads (status=open with assignee)...
[2026-09-06T04:53:05-04:00] Checking for orphaned in-progress beads (status=in_progress without assignee)...
[2026-09-06T04:53:05-04:00] Checking for stale dependency blocks...
[2026-09-06T04:53:05-04:00] === Bead state consistency check completed ===
[2026-09-06T05:08:05-04:00] === Bead state consistency check started ===
[2026-09-06T05:08:05-04:00] Checking for assigned-but-open beads (status=open with assignee)...
[2026-09-06T05:08:05-04:00] Checking for orphaned in-progress beads (status=in_progress without assignee)...
[2026-09-06T05:08:05-04:00] Checking for stale dependency blocks...
[2026-09-06T05:08:05-04:00] === Bead state consistency check completed ===
[2026-09-06T05:23:06-04:00] === Bead state consistency check started ===
[2026-09-06T05:23:06-04:00] Checking for assigned-but-open beads (status=open with assignee)...
[2026-09-06T05:23:06-04:00] Checking for orphaned in-progress beads (status=in_progress without assignee)...
[2026-09-06T05:23:06-04:00] Checking for stale dependency blocks...
[2026-09-06T05:23:06-04:00] === Bead state consistency check completed ===
[2026-09-06T05:38:06-04:00] === Bead state consistency check started ===
[2026-09-06T05:38:06-04:00] Checking for assigned-but-open beads (status=open with assignee)...
[2026-09-06T05:38:06-04:00] Checking for orphaned in-progress beads (status=in_progress without assignee)...
[2026-09-06T05:38:06-04:00] Checking for stale dependency blocks...
[2026-09-06T05:38:06-04:00] === Bead state consistency check completed ===
[2026-09-06T05:53:07-04:00] === Bead state consistency check started ===
[2026-09-06T05:53:07-04:00] Checking for assigned-but-open beads (status=open with assignee)...
[2026-09-06T05:53:07-04:00] Checking for orphaned in-progress beads (status=in_progress without assignee)...
[2026-09-06T05:53:07-04:00] Checking for stale dependency blocks...
[2026-09-06T05:53:07-04:00] === Bead state consistency check completed ===
[2026-09-06T06:08:07-04:00] === Bead state consistency check started ===
[2026-09-06T06:08:07-04:00] Checking for assigned-but-open beads (status=open with assignee)...
[2026-09-06T06:08:07-04:00] Checking for orphaned in-progress beads (status=in_progress without assignee)...
[2026-09-06T06:08:07-04:00] Checking for stale dependency blocks...
[2026-09-06T06:08:07-04:00] === Bead state consistency check completed ===
[2026-09-06T06:23:08-04:00] === Bead state consistency check started ===
[2026-09-06T06:23:08-04:00] Checking for assigned-but-open beads (status=open with assignee)...
[2026-09-06T06:23:08-04:00] Checking for orphaned in-progress beads (status=in_progress without assignee)...
[2026-09-06T06:23:08-04:00] Checking for stale dependency blocks...
[2026-09-06T06:23:08-04:00] === Bead state consistency check completed ===
[2026-09-06T06:38:08-04:00] === Bead state consistency check started ===
[2026-09-06T06:38:08-04:00] Checking for assigned-but-open beads (status=open with assignee)...
[2026-09-06T06:38:08-04:00] Checking for orphaned in-progress beads (status=in_progress without assignee)...
[2026-09-06T06:38:08-04:00] Checking for stale dependency blocks...
[2026-09-06T06:38:08-04:00] === Bead state consistency check completed ===
[2026-09-06T06:53:09-04:00] === Bead state consistency check started ===
[2026-09-06T06:53:09-04:00] Checking for assigned-but-open beads (status=open with assignee)...
[2026-09-06T06:53:09-04:00] Checking for orphaned in-progress beads (status=in_progress without assignee)...
[2026-09-06T06:53:09-04:00] Checking for stale dependency blocks...
[2026-09-06T06:53:09-04:00] === Bead state consistency check completed ===
[2026-09-06T07:08:09-04:00] === Bead state consistency check started ===
[2026-09-06T07:08:09-04:00] Checking for assigned-but-open beads (status=open with assignee)...
[2026-09-06T07:08:09-04:00] Checking for orphaned in-progress beads (status=in_progress without assignee)...
[2026-09-06T07:08:09-04:00] Checking for stale dependency blocks...
[2026-09-06T07:08:09-04:00] === Bead state consistency check completed ===
[2026-09-06T07:23:09-04:00] === Bead state consistency check started ===
[2026-09-06T07:23:09-04:00] Checking for assigned-but-open beads (status=open with assignee)...
[2026-09-06T07:23:09-04:00] Checking for orphaned in-progress beads (status=in_progress without assignee)...
[2026-09-06T07:23:09-04:00] Checking for stale dependency blocks...
[2026-09-06T07:23:09-04:00] === Bead state consistency check completed ===
[2026-09-06T07:38:09-04:00] === Bead state consistency check started ===
[2026-09-06T07:38:09-04:00] Checking for assigned-but-open beads (status=open with assignee)...
[2026-09-06T07:38:09-04:00] Checking for orphaned in-progress beads (status=in_progress without assignee)...
[2026-09-06T07:38:09-04:00] Checking for stale dependency blocks...
[2026-09-06T07:38:09-04:00] === Bead state consistency check completed ===
[2026-09-06T07:53:09-04:00] === Bead state consistency check started ===
[2026-09-06T07:53:09-04:00] Checking for assigned-but-open beads (status=open with assignee)...
[2026-09-06T07:53:09-04:00] Checking for orphaned in-progress beads (status=in_progress without assignee)...
[2026-09-06T07:53:09-04:00] Checking for stale dependency blocks...
[2026-09-06T07:53:09-04:00] === Bead state consistency check completed ===
[2026-09-06T08:08:09-04:00] === Bead state consistency check started ===
[2026-09-06T08:08:09-04:00] Checking for assigned-but-open beads (status=open with assignee)...
[2026-09-06T08:08:09-04:00] Checking for orphaned in-progress beads (status=in_progress without assignee)...
[2026-09-06T08:08:09-04:00] Checking for stale dependency blocks...
[2026-09-06T08:08:09-04:00] === Bead state consistency check completed ===
[2026-09-06T08:23:10-04:00] === Bead state consistency check started ===
[2026-09-06T08:23:10-04:00] Checking for assigned-but-open beads (status=open with assignee)...
[2026-09-06T08:23:10-04:00] Checking for orphaned in-progress beads (status=in_progress without assignee)...
[2026-09-06T08:23:10-04:00] Checking for stale dependency blocks...
[2026-09-06T08:23:10-04:00] === Bead state consistency check completed ===
[2026-09-06T08:38:10-04:00] === Bead state consistency check started ===
[2026-09-06T08:38:10-04:00] Checking for assigned-but-open beads (status=open with assignee)...
[2026-09-06T08:38:10-04:00] Checking for orphaned in-progress beads (status=in_progress without assignee)...
[2026-09-06T08:38:10-04:00] Checking for stale dependency blocks...
[2026-09-06T08:38:10-04:00] === Bead state consistency check completed ===
[2026-09-06T08:53:11-04:00] === Bead state consistency check started ===
[2026-09-06T08:53:11-04:00] Checking for assigned-but-open beads (status=open with assignee)...
[2026-09-06T08:53:11-04:00] Checking for orphaned in-progress beads (status=in_progress without assignee)...
[2026-09-06T08:53:11-04:00] Checking for stale dependency blocks...
[2026-09-06T08:53:11-04:00] === Bead state consistency check completed ===
[2026-09-06T09:08:11-04:00] === Bead state consistency check started ===
[2026-09-06T09:08:11-04:00] Checking for assigned-but-open beads (status=open with assignee)...
[2026-09-06T09:08:11-04:00] Checking for orphaned in-progress beads (status=in_progress without assignee)...
[2026-09-06T09:08:11-04:00] Checking for stale dependency blocks...
[2026-09-06T09:08:11-04:00] === Bead state consistency check completed ===
[2026-09-06T09:23:12-04:00] === Bead state consistency check started ===
[2026-09-06T09:23:12-04:00] Checking for assigned-but-open beads (status=open with assignee)...
[2026-09-06T09:23:12-04:00] Checking for orphaned in-progress beads (status=in_progress without assignee)...
[2026-09-06T09:23:12-04:00] Checking for stale dependency blocks...
[2026-09-06T09:23:12-04:00] === Bead state consistency check completed ===
[2026-09-06T09:38:13-04:00] === Bead state consistency check started ===
[2026-09-06T09:38:13-04:00] Checking for assigned-but-open beads (status=open with assignee)...
[2026-09-06T09:38:13-04:00] Checking for orphaned in-progress beads (status=in_progress without assignee)...
[2026-09-06T09:38:13-04:00] Checking for stale dependency blocks...
[2026-09-06T09:38:13-04:00] === Bead state consistency check completed ===
[2026-09-06T09:53:14-04:00] === Bead state consistency check started ===
[2026-09-06T09:53:14-04:00] Checking for assigned-but-open beads (status=open with assignee)...
[2026-09-06T09:53:14-04:00] Checking for orphaned in-progress beads (status=in_progress without assignee)...
[2026-09-06T09:53:14-04:00] Checking for stale dependency blocks...
[2026-09-06T09:53:14-04:00] === Bead state consistency check completed ===
[2026-09-06T10:08:14-04:00] === Bead state consistency check started ===
[2026-09-06T10:08:14-04:00] Checking for assigned-but-open beads (status=open with assignee)...
[2026-09-06T10:08:14-04:00] Checking for orphaned in-progress beads (status=in_progress without assignee)...
[2026-09-06T10:08:14-04:00] Checking for stale dependency blocks...
[2026-09-06T10:08:14-04:00] === Bead state consistency check completed ===
[2026-09-06T10:23:15-04:00] === Bead state consistency check started ===
[2026-09-06T10:23:15-04:00] Checking for assigned-but-open beads (status=open with assignee)...
[2026-09-06T10:23:15-04:00] Checking for orphaned in-progress beads (status=in_progress without assignee)...
[2026-09-06T10:23:15-04:00] Checking for stale dependency blocks...
[2026-09-06T10:23:15-04:00] === Bead state consistency check completed ===
[2026-09-06T10:38:15-04:00] === Bead state consistency check started ===
[2026-09-06T10:38:15-04:00] Checking for assigned-but-open beads (status=open with assignee)...
[2026-09-06T10:38:15-04:00] Checking for orphaned in-progress beads (status=in_progress without assignee)...
[2026-09-06T10:38:15-04:00] Checking for stale dependency blocks...
[2026-09-06T10:38:15-04:00] === Bead state consistency check completed ===
[2026-09-06T10:53:16-04:00] === Bead state consistency check started ===
[2026-09-06T10:53:16-04:00] Checking for assigned-but-open beads (status=open with assignee)...
[2026-09-06T10:53:16-04:00] Checking for orphaned in-progress beads (status=in_progress without assignee)...
[2026-09-06T10:53:16-04:00] Checking for stale dependency blocks...
[2026-09-06T10:53:16-04:00] === Bead state consistency check completed ===
[2026-09-06T11:08:16-04:00] === Bead state consistency check started ===
[2026-09-06T11:08:16-04:00] Checking for assigned-but-open beads (status=open with assignee)...
[2026-09-06T11:08:16-04:00] Checking for orphaned in-progress beads (status=in_progress without assignee)...
[2026-09-06T11:08:16-04:00] Checking for stale dependency blocks...
[2026-09-06T11:08:16-04:00] === Bead state consistency check completed ===
[2026-09-06T11:23:17-04:00] === Bead state consistency check started ===
[2026-09-06T11:23:17-04:00] Checking for assigned-but-open beads (status=open with assignee)...
[2026-09-06T11:23:17-04:00] Checking for orphaned in-progress beads (status=in_progress without assignee)...
[2026-09-06T11:23:17-04:00] Checking for stale dependency blocks...
[2026-09-06T11:23:17-04:00] === Bead state consistency check completed ===
[2026-09-06T11:38:18-04:00] === Bead state consistency check started ===
[2026-09-06T11:38:18-04:00] Checking for assigned-but-open beads (status=open with assignee)...
[2026-09-06T11:38:18-04:00] Checking for orphaned in-progress beads (status=in_progress without assignee)...
[2026-09-06T11:38:18-04:00] Checking for stale dependency blocks...
[2026-09-06T11:38:18-04:00] === Bead state consistency check completed ===
[2026-09-06T11:53:19-04:00] === Bead state consistency check started ===
[2026-09-06T11:53:19-04:00] Checking for assigned-but-open beads (status=open with assignee)...
[2026-09-06T11:53:19-04:00] Checking for orphaned in-progress beads (status=in_progress without assignee)...
[2026-09-06T11:53:19-04:00] Checking for stale dependency blocks...
[2026-09-06T11:53:19-04:00] === Bead state consistency check completed ===
[2026-09-06T12:08:19-04:00] === Bead state consistency check started ===
[2026-09-06T12:08:19-04:00] Checking for assigned-but-open beads (status=open with assignee)...
[2026-09-06T12:08:19-04:00] Checking for orphaned in-progress beads (status=in_progress without assignee)...
[2026-09-06T12:08:19-04:00] Checking for stale dependency blocks...
[2026-09-06T12:08:19-04:00] === Bead state consistency check completed ===
[2026-09-06T12:23:19-04:00] === Bead state consistency check started ===
[2026-09-06T12:23:19-04:00] Checking for assigned-but-open beads (status=open with assignee)...
[2026-09-06T12:23:19-04:00] Checking for orphaned in-progress beads (status=in_progress without assignee)...
[2026-09-06T12:23:19-04:00] Checking for stale dependency blocks...
[2026-09-06T12:23:19-04:00] === Bead state consistency check completed ===
[2026-09-06T12:38:20-04:00] === Bead state consistency check started ===
[2026-09-06T12:38:20-04:00] Checking for assigned-but-open beads (status=open with assignee)...
[2026-09-06T12:38:20-04:00] Checking for orphaned in-progress beads (status=in_progress without assignee)...
[2026-09-06T12:38:20-04:00] Checking for stale dependency blocks...
[2026-09-06T12:38:20-04:00] === Bead state consistency check completed ===
[2026-09-06T12:53:21-04:00] === Bead state consistency check started ===
[2026-09-06T12:53:21-04:00] Checking for assigned-but-open beads (status=open with assignee)...
[2026-09-06T12:53:21-04:00] Checking for orphaned in-progress beads (status=in_progress without assignee)...
[2026-09-06T12:53:21-04:00] Checking for stale dependency blocks...
[2026-09-06T12:53:21-04:00] === Bead state consistency check completed ===
[2026-09-06T13:08:21-04:00] === Bead state consistency check started ===
[2026-09-06T13:08:21-04:00] Checking for assigned-but-open beads (status=open with assignee)...
[2026-09-06T13:08:21-04:00] Checking for orphaned in-progress beads (status=in_progress without assignee)...
[2026-09-06T13:08:21-04:00] Checking for stale dependency blocks...
[2026-09-06T13:08:21-04:00] === Bead state consistency check completed ===
[2026-09-06T13:23:22-04:00] === Bead state consistency check started ===
[2026-09-06T13:23:22-04:00] Checking for assigned-but-open beads (status=open with assignee)...
[2026-09-06T13:23:22-04:00] Checking for orphaned in-progress beads (status=in_progress without assignee)...
[2026-09-06T13:23:22-04:00] Checking for stale dependency blocks...
[2026-09-06T13:23:22-04:00] === Bead state consistency check completed ===
[2026-09-06T13:38:22-04:00] === Bead state consistency check started ===
[2026-09-06T13:38:22-04:00] Checking for assigned-but-open beads (status=open with assignee)...
[2026-09-06T13:38:22-04:00] Checking for orphaned in-progress beads (status=in_progress without assignee)...
[2026-09-06T13:38:22-04:00] Checking for stale dependency blocks...
[2026-09-06T13:38:22-04:00] === Bead state consistency check completed ===
[2026-09-06T13:53:23-04:00] === Bead state consistency check started ===
[2026-09-06T13:53:23-04:00] Checking for assigned-but-open beads (status=open with assignee)...
[2026-09-06T13:53:23-04:00] Checking for orphaned in-progress beads (status=in_progress without assignee)...
[2026-09-06T13:53:23-04:00] Checking for stale dependency blocks...
[2026-09-06T13:53:23-04:00] === Bead state consistency check completed ===
[2026-09-06T14:08:24-04:00] === Bead state consistency check started ===
[2026-09-06T14:08:24-04:00] Checking for assigned-but-open beads (status=open with assignee)...
[2026-09-06T14:08:24-04:00] Checking for orphaned in-progress beads (status=in_progress without assignee)...
[2026-09-06T14:08:24-04:00] Checking for stale dependency blocks...
[2026-09-06T14:08:24-04:00] === Bead state consistency check completed ===
[2026-09-06T14:23:25-04:00] === Bead state consistency check started ===
[2026-09-06T14:23:25-04:00] Checking for assigned-but-open beads (status=open with assignee)...
[2026-09-06T14:23:25-04:00] Checking for orphaned in-progress beads (status=in_progress without assignee)...
[2026-09-06T14:23:25-04:00] Checking for stale dependency blocks...
[2026-09-06T14:23:25-04:00] === Bead state consistency check completed ===
[2026-09-06T14:38:26-04:00] === Bead state consistency check started ===
[2026-09-06T14:38:26-04:00] Checking for assigned-but-open beads (status=open with assignee)...
[2026-09-06T14:38:26-04:00] Checking for orphaned in-progress beads (status=in_progress without assignee)...
[2026-09-06T14:38:26-04:00] Checking for stale dependency blocks...
[2026-09-06T14:38:26-04:00] === Bead state consistency check completed ===
[2026-09-06T14:53:27-04:00] === Bead state consistency check started ===
[2026-09-06T14:53:27-04:00] Checking for assigned-but-open beads (status=open with assignee)...
[2026-09-06T14:53:27-04:00] Checking for orphaned in-progress beads (status=in_progress without assignee)...
[2026-09-06T14:53:27-04:00] Checking for stale dependency blocks...
[2026-09-06T14:53:27-04:00] === Bead state consistency check completed ===
[2026-09-06T15:08:28-04:00] === Bead state consistency check started ===
[2026-09-06T15:08:28-04:00] Checking for assigned-but-open beads (status=open with assignee)...
[2026-09-06T15:08:28-04:00] Checking for orphaned in-progress beads (status=in_progress without assignee)...
[2026-09-06T15:08:28-04:00] Checking for stale dependency blocks...
[2026-09-06T15:08:28-04:00] === Bead state consistency check completed ===
[2026-09-06T15:23:28-04:00] === Bead state consistency check started ===
[2026-09-06T15:23:28-04:00] Checking for assigned-but-open beads (status=open with assignee)...
[2026-09-06T15:23:28-04:00] Checking for orphaned in-progress beads (status=in_progress without assignee)...
[2026-09-06T15:23:28-04:00] Checking for stale dependency blocks...
[2026-09-06T15:23:28-04:00] === Bead state consistency check completed ===
[2026-09-06T15:38:29-04:00] === Bead state consistency check started ===
[2026-09-06T15:38:29-04:00] Checking for assigned-but-open beads (status=open with assignee)...
[2026-09-06T15:38:29-04:00] Checking for orphaned in-progress beads (status=in_progress without assignee)...
[2026-09-06T15:38:29-04:00] Checking for stale dependency blocks...
[2026-09-06T15:38:29-04:00] === Bead state consistency check completed ===
[2026-09-06T15:53:30-04:00] === Bead state consistency check started ===
[2026-09-06T15:53:30-04:00] Checking for assigned-but-open beads (status=open with assignee)...
[2026-09-06T15:53:30-04:00] Checking for orphaned in-progress beads (status=in_progress without assignee)...
[2026-09-06T15:53:30-04:00] Checking for stale dependency blocks...
[2026-09-06T15:53:30-04:00] === Bead state consistency check completed ===
[2026-09-06T16:08:31-04:00] === Bead state consistency check started ===
[2026-09-06T16:08:31-04:00] Checking for assigned-but-open beads (status=open with assignee)...
[2026-09-06T16:08:31-04:00] Checking for orphaned in-progress beads (status=in_progress without assignee)...
[2026-09-06T16:08:31-04:00] Checking for stale dependency blocks...
[2026-09-06T16:08:31-04:00] === Bead state consistency check completed ===
[2026-09-06T16:23:32-04:00] === Bead state consistency check started ===
[2026-09-06T16:23:32-04:00] Checking for assigned-but-open beads (status=open with assignee)...
[2026-09-06T16:23:32-04:00] Checking for orphaned in-progress beads (status=in_progress without assignee)...
[2026-09-06T16:23:32-04:00] Checking for stale dependency blocks...
[2026-09-06T16:23:32-04:00] === Bead state consistency check completed ===
[2026-09-06T16:38:32-04:00] === Bead state consistency check started ===
[2026-09-06T16:38:32-04:00] Checking for assigned-but-open beads (status=open with assignee)...
[2026-09-06T16:38:32-04:00] Checking for orphaned in-progress beads (status=in_progress without assignee)...
[2026-09-06T16:38:32-04:00] Checking for stale dependency blocks...
[2026-09-06T16:38:32-04:00] === Bead state consistency check completed ===
[2026-09-06T16:53:33-04:00] === Bead state consistency check started ===
[2026-09-06T16:53:33-04:00] Checking for assigned-but-open beads (status=open with assignee)...
[2026-09-06T16:53:33-04:00] Checking for orphaned in-progress beads (status=in_progress without assignee)...
[2026-09-06T16:53:33-04:00] Checking for stale dependency blocks...
[2026-09-06T16:53:33-04:00] === Bead state consistency check completed ===
[2026-09-06T17:08:34-04:00] === Bead state consistency check started ===
[2026-09-06T17:08:34-04:00] Checking for assigned-but-open beads (status=open with assignee)...
[2026-09-06T17:08:34-04:00] Checking for orphaned in-progress beads (status=in_progress without assignee)...
[2026-09-06T17:08:34-04:00] Checking for stale dependency blocks...
[2026-09-06T17:08:34-04:00] === Bead state consistency check completed ===
[2026-09-06T17:23:35-04:00] === Bead state consistency check started ===
[2026-09-06T17:23:35-04:00] Checking for assigned-but-open beads (status=open with assignee)...
[2026-09-06T17:23:35-04:00] Checking for orphaned in-progress beads (status=in_progress without assignee)...
[2026-09-06T17:23:35-04:00] Checking for stale dependency blocks...
[2026-09-06T17:23:35-04:00] === Bead state consistency check completed ===
[2026-09-06T17:38:36-04:00] === Bead state consistency check started ===
[2026-09-06T17:38:36-04:00] Checking for assigned-but-open beads (status=open with assignee)...
[2026-09-06T17:38:36-04:00] Checking for orphaned in-progress beads (status=in_progress without assignee)...
[2026-09-06T17:38:36-04:00] Checking for stale dependency blocks...
[2026-09-06T17:38:36-04:00] === Bead state consistency check completed ===
[2026-09-06T17:53:37-04:00] === Bead state consistency check started ===
[2026-09-06T17:53:37-04:00] Checking for assigned-but-open beads (status=open with assignee)...
[2026-09-06T17:53:37-04:00] Checking for orphaned in-progress beads (status=in_progress without assignee)...
[2026-09-06T17:53:37-04:00] Checking for stale dependency blocks...
[2026-09-06T17:53:37-04:00] === Bead state consistency check completed ===
[2026-09-06T18:08:37-04:00] === Bead state consistency check started ===
[2026-09-06T18:08:37-04:00] Checking for assigned-but-open beads (status=open with assignee)...
[2026-09-06T18:08:37-04:00] Checking for orphaned in-progress beads (status=in_progress without assignee)...
[2026-09-06T18:08:37-04:00] Checking for stale dependency blocks...
[2026-09-06T18:08:37-04:00] === Bead state consistency check completed ===
[2026-09-06T18:23:38-04:00] === Bead state consistency check started ===
[2026-09-06T18:23:38-04:00] Checking for assigned-but-open beads (status=open with assignee)...
[2026-09-06T18:23:38-04:00] Checking for orphaned in-progress beads (status=in_progress without assignee)...
[2026-09-06T18:23:38-04:00] Checking for stale dependency blocks...
[2026-09-06T18:23:38-04:00] === Bead state consistency check completed ===
[2026-09-06T18:38:38-04:00] === Bead state consistency check started ===
[2026-09-06T18:38:38-04:00] Checking for assigned-but-open beads (status=open with assignee)...
[2026-09-06T18:38:38-04:00] Checking for orphaned in-progress beads (status=in_progress without assignee)...
[2026-09-06T18:38:38-04:00] Checking for stale dependency blocks...
[2026-09-06T18:38:38-04:00] === Bead state consistency check completed ===
[2026-09-06T18:53:39-04:00] === Bead state consistency check started ===
[2026-09-06T18:53:39-04:00] Checking for assigned-but-open beads (status=open with assignee)...
[2026-09-06T18:53:39-04:00] Checking for orphaned in-progress beads (status=in_progress without assignee)...
[2026-09-06T18:53:39-04:00] Checking for stale dependency blocks...
[2026-09-06T18:53:39-04:00] === Bead state consistency check completed ===
[2026-09-06T19:08:40-04:00] === Bead state consistency check started ===
[2026-09-06T19:08:40-04:00] Checking for assigned-but-open beads (status=open with assignee)...
[2026-09-06T19:08:40-04:00] Checking for orphaned in-progress beads (status=in_progress without assignee)...
[2026-09-06T19:08:40-04:00] Checking for stale dependency blocks...
[2026-09-06T19:08:40-04:00] === Bead state consistency check completed ===
[2026-09-06T19:23:41-04:00] === Bead state consistency check started ===
[2026-09-06T19:23:41-04:00] Checking for assigned-but-open beads (status=open with assignee)...
[2026-09-06T19:23:41-04:00] Checking for orphaned in-progress beads (status=in_progress without assignee)...
[2026-09-06T19:23:41-04:00] Checking for stale dependency blocks...
[2026-09-06T19:23:41-04:00] === Bead state consistency check completed ===
[2026-09-06T19:38:41-04:00] === Bead state consistency check started ===
[2026-09-06T19:38:41-04:00] Checking for assigned-but-open beads (status=open with assignee)...
[2026-09-06T19:38:41-04:00] Checking for orphaned in-progress beads (status=in_progress without assignee)...
[2026-09-06T19:38:41-04:00] Checking for stale dependency blocks...
[2026-09-06T19:38:41-04:00] === Bead state consistency check completed ===
[2026-09-06T19:53:42-04:00] === Bead state consistency check started ===
[2026-09-06T19:53:42-04:00] Checking for assigned-but-open beads (status=open with assignee)...
[2026-09-06T19:53:42-04:00] Checking for orphaned in-progress beads (status=in_progress without assignee)...
[2026-09-06T19:53:42-04:00] Checking for stale dependency blocks...
[2026-09-06T19:53:42-04:00] === Bead state consistency check completed ===
[2026-09-06T20:08:42-04:00] === Bead state consistency check started ===
[2026-09-06T20:08:42-04:00] Checking for assigned-but-open beads (status=open with assignee)...
[2026-09-06T20:08:42-04:00] Checking for orphaned in-progress beads (status=in_progress without assignee)...
[2026-09-06T20:08:42-04:00] Checking for stale dependency blocks...
[2026-09-06T20:08:42-04:00] === Bead state consistency check completed ===
[2026-09-06T20:23:43-04:00] === Bead state consistency check started ===
[2026-09-06T20:23:43-04:00] Checking for assigned-but-open beads (status=open with assignee)...
[2026-09-06T20:23:43-04:00] Checking for orphaned in-progress beads (status=in_progress without assignee)...
[2026-09-06T20:23:43-04:00] Checking for stale dependency blocks...
[2026-09-06T20:23:43-04:00] === Bead state consistency check completed ===
[2026-09-06T20:38:44-04:00] === Bead state consistency check started ===
[2026-09-06T20:38:44-04:00] Checking for assigned-but-open beads (status=open with assignee)...
[2026-09-06T20:38:44-04:00] Checking for orphaned in-progress beads (status=in_progress without assignee)...
[2026-09-06T20:38:44-04:00] Checking for stale dependency blocks...
[2026-09-06T20:38:44-04:00] === Bead state consistency check completed ===
[2026-09-06T20:53:45-04:00] === Bead state consistency check started ===
[2026-09-06T20:53:45-04:00] Checking for assigned-but-open beads (status=open with assignee)...
[2026-09-06T20:53:45-04:00] Checking for orphaned in-progress beads (status=in_progress without assignee)...
[2026-09-06T20:53:45-04:00] Checking for stale dependency blocks...
[2026-09-06T20:53:45-04:00] === Bead state consistency check completed ===
[2026-09-06T21:08:45-04:00] === Bead state consistency check started ===
[2026-09-06T21:08:45-04:00] Checking for assigned-but-open beads (status=open with assignee)...
[2026-09-06T21:08:45-04:00] Checking for orphaned in-progress beads (status=in_progress without assignee)...
[2026-09-06T21:08:45-04:00] Checking for stale dependency blocks...
[2026-09-06T21:08:45-04:00] === Bead state consistency check completed ===
[2026-09-06T21:23:46-04:00] === Bead state consistency check started ===
[2026-09-06T21:23:46-04:00] Checking for assigned-but-open beads (status=open with assignee)...
[2026-09-06T21:23:46-04:00] Checking for orphaned in-progress beads (status=in_progress without assignee)...
[2026-09-06T21:23:46-04:00] Checking for stale dependency blocks...
[2026-09-06T21:23:46-04:00] === Bead state consistency check completed ===
[2026-09-06T21:38:47-04:00] === Bead state consistency check started ===
[2026-09-06T21:38:47-04:00] Checking for assigned-but-open beads (status=open with assignee)...
[2026-09-06T21:38:47-04:00] Checking for orphaned in-progress beads (status=in_progress without assignee)...
[2026-09-06T21:38:47-04:00] Checking for stale dependency blocks...
[2026-09-06T21:38:47-04:00] === Bead state consistency check completed ===
[2026-09-06T21:53:47-04:00] === Bead state consistency check started ===
[2026-09-06T21:53:47-04:00] Checking for assigned-but-open beads (status=open with assignee)...
[2026-09-06T21:53:47-04:00] Checking for orphaned in-progress beads (status=in_progress without assignee)...
[2026-09-06T21:53:47-04:00] Checking for stale dependency blocks...
[2026-09-06T21:53:47-04:00] === Bead state consistency check completed ===
[2026-09-06T22:08:48-04:00] === Bead state consistency check started ===
[2026-09-06T22:08:48-04:00] Checking for assigned-but-open beads (status=open with assignee)...
[2026-09-06T22:08:48-04:00] Checking for orphaned in-progress beads (status=in_progress without assignee)...
[2026-09-06T22:08:48-04:00] Checking for stale dependency blocks...
[2026-09-06T22:08:48-04:00] === Bead state consistency check completed ===
[2026-09-06T22:23:48-04:00] === Bead state consistency check started ===
[2026-09-06T22:23:48-04:00] Checking for assigned-but-open beads (status=open with assignee)...
[2026-09-06T22:23:48-04:00] Checking for orphaned in-progress beads (status=in_progress without assignee)...
[2026-09-06T22:23:48-04:00] Checking for stale dependency blocks...
[2026-09-06T22:23:48-04:00] === Bead state consistency check completed ===
[2026-09-06T22:38:49-04:00] === Bead state consistency check started ===
[2026-09-06T22:38:49-04:00] Checking for assigned-but-open beads (status=open with assignee)...
[2026-09-06T22:38:49-04:00] Checking for orphaned in-progress beads (status=in_progress without assignee)...
[2026-09-06T22:38:49-04:00] Checking for stale dependency blocks...
[2026-09-06T22:38:49-04:00] === Bead state consistency check completed ===
[2026-09-06T22:53:49-04:00] === Bead state consistency check started ===
[2026-09-06T22:53:49-04:00] Checking for assigned-but-open beads (status=open with assignee)...
[2026-09-06T22:53:49-04:00] Checking for orphaned in-progress beads (status=in_progress without assignee)...
[2026-09-06T22:53:49-04:00] Checking for stale dependency blocks...
[2026-09-06T22:53:49-04:00] === Bead state consistency check completed ===
[2026-09-06T23:08:50-04:00] === Bead state consistency check started ===
[2026-09-06T23:08:50-04:00] Checking for assigned-but-open beads (status=open with assignee)...
[2026-09-06T23:08:50-04:00] Checking for orphaned in-progress beads (status=in_progress without assignee)...
[2026-09-06T23:08:50-04:00] Checking for stale dependency blocks...
[2026-09-06T23:08:50-04:00] === Bead state consistency check completed ===
[2026-09-06T23:23:50-04:00] === Bead state consistency check started ===
[2026-09-06T23:23:50-04:00] Checking for assigned-but-open beads (status=open with assignee)...
[2026-09-06T23:23:50-04:00] Checking for orphaned in-progress beads (status=in_progress without assignee)...
[2026-09-06T23:23:50-04:00] Checking for stale dependency blocks...
[2026-09-06T23:23:50-04:00] === Bead state consistency check completed ===
[2026-09-06T23:38:51-04:00] === Bead state consistency check started ===
[2026-09-06T23:38:51-04:00] Checking for assigned-but-open beads (status=open with assignee)...
[2026-09-06T23:38:51-04:00] Checking for orphaned in-progress beads (status=in_progress without assignee)...
[2026-09-06T23:38:51-04:00] Checking for stale dependency blocks...
[2026-09-06T23:38:51-04:00] === Bead state consistency check completed ===
[2026-09-06T23:53:51-04:00] === Bead state consistency check started ===
[2026-09-06T23:53:51-04:00] Checking for assigned-but-open beads (status=open with assignee)...
[2026-09-06T23:53:51-04:00] Checking for orphaned in-progress beads (status=in_progress without assignee)...
[2026-09-06T23:53:51-04:00] Checking for stale dependency blocks...
[2026-09-06T23:53:51-04:00] === Bead state consistency check completed ===
[2026-09-07T00:08:52-04:00] === Bead state consistency check started ===
[2026-09-07T00:08:52-04:00] Checking for assigned-but-open beads (status=open with assignee)...
[2026-09-07T00:08:52-04:00] Checking for orphaned in-progress beads (status=in_progress without assignee)...
[2026-09-07T00:08:52-04:00] Checking for stale dependency blocks...
[2026-09-07T00:08:52-04:00] === Bead state consistency check completed ===
[2026-09-07T00:23:52-04:00] === Bead state consistency check started ===
[2026-09-07T00:23:52-04:00] Checking for assigned-but-open beads (status=open with assignee)...
[2026-09-07T00:23:52-04:00] Checking for orphaned in-progress beads (status=in_progress without assignee)...
[2026-09-07T00:23:52-04:00] Checking for stale dependency blocks...
[2026-09-07T00:23:52-04:00] === Bead state consistency check completed ===
[2026-09-07T00:38:52-04:00] === Bead state consistency check started ===
[2026-09-07T00:38:52-04:00] Checking for assigned-but-open beads (status=open with assignee)...
[2026-09-07T00:38:52-04:00] Checking for orphaned in-progress beads (status=in_progress without assignee)...
[2026-09-07T00:38:52-04:00] Checking for stale dependency blocks...
[2026-09-07T00:38:52-04:00] === Bead state consistency check completed ===
[2026-09-07T00:53:52-04:00] === Bead state consistency check started ===
[2026-09-07T00:53:52-04:00] Checking for assigned-but-open beads (status=open with assignee)...
[2026-09-07T00:53:52-04:00] Checking for orphaned in-progress beads (status=in_progress without assignee)...
[2026-09-07T00:53:52-04:00] Checking for stale dependency blocks...
[2026-09-07T00:53:52-04:00] === Bead state consistency check completed ===
[2026-09-07T01:08:53-04:00] === Bead state consistency check started ===
[2026-09-07T01:08:53-04:00] Checking for assigned-but-open beads (status=open with assignee)...
[2026-09-07T01:08:53-04:00] Checking for orphaned in-progress beads (status=in_progress without assignee)...
[2026-09-07T01:08:53-04:00] Checking for stale dependency blocks...
[2026-09-07T01:08:53-04:00] === Bead state consistency check completed ===
[2026-09-07T01:23:53-04:00] === Bead state consistency check started ===
[2026-09-07T01:23:53-04:00] Checking for assigned-but-open beads (status=open with assignee)...
[2026-09-07T01:23:53-04:00] Checking for orphaned in-progress beads (status=in_progress without assignee)...
[2026-09-07T01:23:53-04:00] Checking for stale dependency blocks...
[2026-09-07T01:23:53-04:00] === Bead state consistency check completed ===
[2026-09-07T01:38:54-04:00] === Bead state consistency check started ===
[2026-09-07T01:38:54-04:00] Checking for assigned-but-open beads (status=open with assignee)...
[2026-09-07T01:38:54-04:00] Checking for orphaned in-progress beads (status=in_progress without assignee)...
[2026-09-07T01:38:54-04:00] Checking for stale dependency blocks...
[2026-09-07T01:38:54-04:00] === Bead state consistency check completed ===
[2026-09-07T01:53:54-04:00] === Bead state consistency check started ===
[2026-09-07T01:53:54-04:00] Checking for assigned-but-open beads (status=open with assignee)...
[2026-09-07T01:53:54-04:00] Checking for orphaned in-progress beads (status=in_progress without assignee)...
[2026-09-07T01:53:54-04:00] Checking for stale dependency blocks...
[2026-09-07T01:53:54-04:00] === Bead state consistency check completed ===
[2026-09-07T02:08:54-04:00] === Bead state consistency check started ===
[2026-09-07T02:08:54-04:00] Checking for assigned-but-open beads (status=open with assignee)...
[2026-09-07T02:08:54-04:00] Checking for orphaned in-progress beads (status=in_progress without assignee)...
[2026-09-07T02:08:54-04:00] Checking for stale dependency blocks...
[2026-09-07T02:08:54-04:00] === Bead state consistency check completed ===
[2026-09-07T02:23:54-04:00] === Bead state consistency check started ===
[2026-09-07T02:23:54-04:00] Checking for assigned-but-open beads (status=open with assignee)...
[2026-09-07T02:23:54-04:00] Checking for orphaned in-progress beads (status=in_progress without assignee)...
[2026-09-07T02:23:54-04:00] Checking for stale dependency blocks...
[2026-09-07T02:23:54-04:00] === Bead state consistency check completed ===
[2026-09-07T02:38:55-04:00] === Bead state consistency check started ===
[2026-09-07T02:38:55-04:00] Checking for assigned-but-open beads (status=open with assignee)...
[2026-09-07T02:38:55-04:00] Checking for orphaned in-progress beads (status=in_progress without assignee)...
[2026-09-07T02:38:55-04:00] Checking for stale dependency blocks...
[2026-09-07T02:38:55-04:00] === Bead state consistency check completed ===
[2026-09-07T02:53:55-04:00] === Bead state consistency check started ===
[2026-09-07T02:53:55-04:00] Checking for assigned-but-open beads (status=open with assignee)...
[2026-09-07T02:53:55-04:00] Checking for orphaned in-progress beads (status=in_progress without assignee)...
[2026-09-07T02:53:55-04:00] Checking for stale dependency blocks...
[2026-09-07T02:53:55-04:00] === Bead state consistency check completed ===
[2026-09-07T03:08:55-04:00] === Bead state consistency check started ===
[2026-09-07T03:08:55-04:00] Checking for assigned-but-open beads (status=open with assignee)...
[2026-09-07T03:08:55-04:00] Checking for orphaned in-progress beads (status=in_progress without assignee)...
[2026-09-07T03:08:55-04:00] Checking for stale dependency blocks...
[2026-09-07T03:08:55-04:00] === Bead state consistency check completed ===
[2026-09-07T03:23:55-04:00] === Bead state consistency check started ===
[2026-09-07T03:23:55-04:00] Checking for assigned-but-open beads (status=open with assignee)...
[2026-09-07T03:23:55-04:00] Checking for orphaned in-progress beads (status=in_progress without assignee)...
[2026-09-07T03:23:55-04:00] Checking for stale dependency blocks...
[2026-09-07T03:23:55-04:00] === Bead state consistency check completed ===
[2026-09-07T03:38:55-04:00] === Bead state consistency check started ===
[2026-09-07T03:38:55-04:00] Checking for assigned-but-open beads (status=open with assignee)...
[2026-09-07T03:38:55-04:00] Checking for orphaned in-progress beads (status=in_progress without assignee)...
[2026-09-07T03:38:55-04:00] Checking for stale dependency blocks...
[2026-09-07T03:38:55-04:00] === Bead state consistency check completed ===
[2026-09-07T03:53:55-04:00] === Bead state consistency check started ===
[2026-09-07T03:53:55-04:00] Checking for assigned-but-open beads (status=open with assignee)...
[2026-09-07T03:53:55-04:00] Checking for orphaned in-progress beads (status=in_progress without assignee)...
[2026-09-07T03:53:55-04:00] Checking for stale dependency blocks...
[2026-09-07T03:53:55-04:00] === Bead state consistency check completed ===
[2026-09-07T04:08:55-04:00] === Bead state consistency check started ===
[2026-09-07T04:08:55-04:00] Checking for assigned-but-open beads (status=open with assignee)...
[2026-09-07T04:08:55-04:00] Checking for orphaned in-progress beads (status=in_progress without assignee)...
[2026-09-07T04:08:55-04:00] Checking for stale dependency blocks...
[2026-09-07T04:08:55-04:00] === Bead state consistency check completed ===
[2026-09-07T04:23:55-04:00] === Bead state consistency check started ===
[2026-09-07T04:23:55-04:00] Checking for assigned-but-open beads (status=open with assignee)...
[2026-09-07T04:23:55-04:00] Checking for orphaned in-progress beads (status=in_progress without assignee)...
[2026-09-07T04:23:55-04:00] Checking for stale dependency blocks...
[2026-09-07T04:23:55-04:00] === Bead state consistency check completed ===
[2026-09-07T04:38:55-04:00] === Bead state consistency check started ===
[2026-09-07T04:38:55-04:00] Checking for assigned-but-open beads (status=open with assignee)...
[2026-09-07T04:38:55-04:00] Checking for orphaned in-progress beads (status=in_progress without assignee)...
[2026-09-07T04:38:55-04:00] Checking for stale dependency blocks...
[2026-09-07T04:38:55-04:00] === Bead state consistency check completed ===
[2026-09-07T04:53:55-04:00] === Bead state consistency check started ===
[2026-09-07T04:53:55-04:00] Checking for assigned-but-open beads (status=open with assignee)...
[2026-09-07T04:53:55-04:00] Checking for orphaned in-progress beads (status=in_progress without assignee)...
[2026-09-07T04:53:55-04:00] Checking for stale dependency blocks...
[2026-09-07T04:53:55-04:00] === Bead state consistency check completed ===
[2026-09-07T05:08:55-04:00] === Bead state consistency check started ===
[2026-09-07T05:08:55-04:00] Checking for assigned-but-open beads (status=open with assignee)...
[2026-09-07T05:08:55-04:00] Checking for orphaned in-progress beads (status=in_progress without assignee)...
[2026-09-07T05:08:55-04:00] Checking for stale dependency blocks...
[2026-09-07T05:08:55-04:00] === Bead state consistency check completed ===
[2026-09-07T05:23:55-04:00] === Bead state consistency check started ===
[2026-09-07T05:23:55-04:00] Checking for assigned-but-open beads (status=open with assignee)...
[2026-09-07T05:23:55-04:00] Checking for orphaned in-progress beads (status=in_progress without assignee)...
[2026-09-07T05:23:55-04:00] Checking for stale dependency blocks...
[2026-09-07T05:23:55-04:00] === Bead state consistency check completed ===
[2026-09-07T05:38:55-04:00] === Bead state consistency check started ===
[2026-09-07T05:38:55-04:00] Checking for assigned-but-open beads (status=open with assignee)...
[2026-09-07T05:38:55-04:00] Checking for orphaned in-progress beads (status=in_progress without assignee)...
[2026-09-07T05:38:55-04:00] Checking for stale dependency blocks...
[2026-09-07T05:38:55-04:00] === Bead state consistency check completed ===
[2026-09-07T05:53:55-04:00] === Bead state consistency check started ===
[2026-09-07T05:53:55-04:00] Checking for assigned-but-open beads (status=open with assignee)...
[2026-09-07T05:53:55-04:00] Checking for orphaned in-progress beads (status=in_progress without assignee)...
[2026-09-07T05:53:55-04:00] Checking for stale dependency blocks...
[2026-09-07T05:53:55-04:00] === Bead state consistency check completed ===
[2026-09-07T06:08:55-04:00] === Bead state consistency check started ===
[2026-09-07T06:08:55-04:00] Checking for assigned-but-open beads (status=open with assignee)...
[2026-09-07T06:08:55-04:00] Checking for orphaned in-progress beads (status=in_progress without assignee)...
[2026-09-07T06:08:55-04:00] Checking for stale dependency blocks...
[2026-09-07T06:08:55-04:00] === Bead state consistency check completed ===
[2026-09-07T06:23:55-04:00] === Bead state consistency check started ===
[2026-09-07T06:23:55-04:00] Checking for assigned-but-open beads (status=open with assignee)...
[2026-09-07T06:23:55-04:00] Checking for orphaned in-progress beads (status=in_progress without assignee)...
[2026-09-07T06:23:55-04:00] Checking for stale dependency blocks...
[2026-09-07T06:23:55-04:00] === Bead state consistency check completed ===
[2026-09-07T06:38:55-04:00] === Bead state consistency check started ===
[2026-09-07T06:38:55-04:00] Checking for assigned-but-open beads (status=open with assignee)...
[2026-09-07T06:38:55-04:00] Checking for orphaned in-progress beads (status=in_progress without assignee)...
[2026-09-07T06:38:55-04:00] Checking for stale dependency blocks...
[2026-09-07T06:38:55-04:00] === Bead state consistency check completed ===
[2026-09-07T06:53:55-04:00] === Bead state consistency check started ===
[2026-09-07T06:53:55-04:00] Checking for assigned-but-open beads (status=open with assignee)...
[2026-09-07T06:53:55-04:00] Checking for orphaned in-progress beads (status=in_progress without assignee)...
[2026-09-07T06:53:55-04:00] Checking for stale dependency blocks...
[2026-09-07T06:53:55-04:00] === Bead state consistency check completed ===
[2026-09-07T07:08:55-04:00] === Bead state consistency check started ===
[2026-09-07T07:08:55-04:00] Checking for assigned-but-open beads (status=open with assignee)...
[2026-09-07T07:08:55-04:00] Checking for orphaned in-progress beads (status=in_progress without assignee)...
[2026-09-07T07:08:55-04:00] Checking for stale dependency blocks...
[2026-09-07T07:08:55-04:00] === Bead state consistency check completed ===
[2026-09-07T07:23:55-04:00] === Bead state consistency check started ===
[2026-09-07T07:23:55-04:00] Checking for assigned-but-open beads (status=open with assignee)...
[2026-09-07T07:23:55-04:00] Checking for orphaned in-progress beads (status=in_progress without assignee)...
[2026-09-07T07:23:55-04:00] Checking for stale dependency blocks...
[2026-09-07T07:23:55-04:00] === Bead state consistency check completed ===
[2026-09-07T07:38:55-04:00] === Bead state consistency check started ===
[2026-09-07T07:38:55-04:00] Checking for assigned-but-open beads (status=open with assignee)...
[2026-09-07T07:38:55-04:00] Checking for orphaned in-progress beads (status=in_progress without assignee)...
[2026-09-07T07:38:55-04:00] Checking for stale dependency blocks...
[2026-09-07T07:38:55-04:00] === Bead state consistency check completed ===
[2026-09-07T07:53:55-04:00] === Bead state consistency check started ===
[2026-09-07T07:53:55-04:00] Checking for assigned-but-open beads (status=open with assignee)...
[2026-09-07T07:53:55-04:00] Checking for orphaned in-progress beads (status=in_progress without assignee)...
[2026-09-07T07:53:55-04:00] Checking for stale dependency blocks...
[2026-09-07T07:53:55-04:00] === Bead state consistency check completed ===
[2026-09-07T08:08:55-04:00] === Bead state consistency check started ===
[2026-09-07T08:08:55-04:00] Checking for assigned-but-open beads (status=open with assignee)...
[2026-09-07T08:08:55-04:00] Checking for orphaned in-progress beads (status=in_progress without assignee)...
[2026-09-07T08:08:55-04:00] Checking for stale dependency blocks...
[2026-09-07T08:08:55-04:00] === Bead state consistency check completed ===
[2026-09-07T08:23:55-04:00] === Bead state consistency check started ===
[2026-09-07T08:23:55-04:00] Checking for assigned-but-open beads (status=open with assignee)...
[2026-09-07T08:23:55-04:00] Checking for orphaned in-progress beads (status=in_progress without assignee)...
[2026-09-07T08:23:55-04:00] Checking for stale dependency blocks...
[2026-09-07T08:23:55-04:00] === Bead state consistency check completed ===
[2026-09-07T08:38:55-04:00] === Bead state consistency check started ===
[2026-09-07T08:38:55-04:00] Checking for assigned-but-open beads (status=open with assignee)...
[2026-09-07T08:38:55-04:00] Checking for orphaned in-progress beads (status=in_progress without assignee)...
[2026-09-07T08:38:55-04:00] Checking for stale dependency blocks...
[2026-09-07T08:38:55-04:00] === Bead state consistency check completed ===
[2026-09-07T08:53:55-04:00] === Bead state consistency check started ===
[2026-09-07T08:53:55-04:00] Checking for assigned-but-open beads (status=open with assignee)...
[2026-09-07T08:53:55-04:00] Checking for orphaned in-progress beads (status=in_progress without assignee)...
[2026-09-07T08:53:55-04:00] Checking for stale dependency blocks...
[2026-09-07T08:53:55-04:00] === Bead state consistency check completed ===
[2026-09-07T09:08:55-04:00] === Bead state consistency check started ===
[2026-09-07T09:08:55-04:00] Checking for assigned-but-open beads (status=open with assignee)...
[2026-09-07T09:08:55-04:00] Checking for orphaned in-progress beads (status=in_progress without assignee)...
[2026-09-07T09:08:55-04:00] Checking for stale dependency blocks...
[2026-09-07T09:08:55-04:00] === Bead state consistency check completed ===
[2026-09-07T09:23:55-04:00] === Bead state consistency check started ===
[2026-09-07T09:23:55-04:00] Checking for assigned-but-open beads (status=open with assignee)...
[2026-09-07T09:23:55-04:00] Checking for orphaned in-progress beads (status=in_progress without assignee)...
[2026-09-07T09:23:55-04:00] Checking for stale dependency blocks...
[2026-09-07T09:23:55-04:00] === Bead state consistency check completed ===
[2026-09-07T09:38:55-04:00] === Bead state consistency check started ===
[2026-09-07T09:38:55-04:00] Checking for assigned-but-open beads (status=open with assignee)...
[2026-09-07T09:38:55-04:00] Checking for orphaned in-progress beads (status=in_progress without assignee)...
[2026-09-07T09:38:55-04:00] Checking for stale dependency blocks...
[2026-09-07T09:38:55-04:00] === Bead state consistency check completed ===
[2026-09-07T09:53:55-04:00] === Bead state consistency check started ===
[2026-09-07T09:53:55-04:00] Checking for assigned-but-open beads (status=open with assignee)...
[2026-09-07T09:53:55-04:00] Checking for orphaned in-progress beads (status=in_progress without assignee)...
[2026-09-07T09:53:55-04:00] Checking for stale dependency blocks...
[2026-09-07T09:53:55-04:00] === Bead state consistency check completed ===
[2026-09-07T10:08:55-04:00] === Bead state consistency check started ===
[2026-09-07T10:08:55-04:00] Checking for assigned-but-open beads (status=open with assignee)...
[2026-09-07T10:08:55-04:00] Checking for orphaned in-progress beads (status=in_progress without assignee)...
[2026-09-07T10:08:55-04:00] Checking for stale dependency blocks...
[2026-09-07T10:08:55-04:00] === Bead state consistency check completed ===
[2026-09-07T10:23:55-04:00] === Bead state consistency check started ===
[2026-09-07T10:23:55-04:00] Checking for assigned-but-open beads (status=open with assignee)...
[2026-09-07T10:23:55-04:00] Checking for orphaned in-progress beads (status=in_progress without assignee)...
[2026-09-07T10:23:55-04:00] Checking for stale dependency blocks...
[2026-09-07T10:23:55-04:00] === Bead state consistency check completed ===
[2026-09-07T10:38:55-04:00] === Bead state consistency check started ===
[2026-09-07T10:38:55-04:00] Checking for assigned-but-open beads (status=open with assignee)...
[2026-09-07T10:38:55-04:00] Checking for orphaned in-progress beads (status=in_progress without assignee)...
[2026-09-07T10:38:55-04:00] Checking for stale dependency blocks...
[2026-09-07T10:38:55-04:00] === Bead state consistency check completed ===
[2026-09-07T10:53:55-04:00] === Bead state consistency check started ===
[2026-09-07T10:53:55-04:00] Checking for assigned-but-open beads (status=open with assignee)...
[2026-09-07T10:53:55-04:00] Checking for orphaned in-progress beads (status=in_progress without assignee)...
[2026-09-07T10:53:55-04:00] Checking for stale dependency blocks...
[2026-09-07T10:53:55-04:00] === Bead state consistency check completed ===
[2026-09-07T11:08:55-04:00] === Bead state consistency check started ===
[2026-09-07T11:08:55-04:00] Checking for assigned-but-open beads (status=open with assignee)...
[2026-09-07T11:08:55-04:00] Checking for orphaned in-progress beads (status=in_progress without assignee)...
[2026-09-07T11:08:55-04:00] Checking for stale dependency blocks...
[2026-09-07T11:08:55-04:00] === Bead state consistency check completed ===
[2026-09-07T11:23:55-04:00] === Bead state consistency check started ===
[2026-09-07T11:23:55-04:00] Checking for assigned-but-open beads (status=open with assignee)...
[2026-09-07T11:23:55-04:00] Checking for orphaned in-progress beads (status=in_progress without assignee)...
[2026-09-07T11:23:55-04:00] Checking for stale dependency blocks...
[2026-09-07T11:23:55-04:00] === Bead state consistency check completed ===
[2026-09-07T11:38:55-04:00] === Bead state consistency check started ===
[2026-09-07T11:38:55-04:00] Checking for assigned-but-open beads (status=open with assignee)...
[2026-09-07T11:38:55-04:00] Checking for orphaned in-progress beads (status=in_progress without assignee)...
[2026-09-07T11:38:55-04:00] Checking for stale dependency blocks...
[2026-09-07T11:38:55-04:00] === Bead state consistency check completed ===
[2026-09-07T11:53:55-04:00] === Bead state consistency check started ===
[2026-09-07T11:53:55-04:00] Checking for assigned-but-open beads (status=open with assignee)...
[2026-09-07T11:53:55-04:00] Checking for orphaned in-progress beads (status=in_progress without assignee)...
[2026-09-07T11:53:55-04:00] Checking for stale dependency blocks...
[2026-09-07T11:53:55-04:00] === Bead state consistency check completed ===
[2026-09-07T12:08:55-04:00] === Bead state consistency check started ===
[2026-09-07T12:08:55-04:00] Checking for assigned-but-open beads (status=open with assignee)...
[2026-09-07T12:08:55-04:00] Checking for orphaned in-progress beads (status=in_progress without assignee)...
[2026-09-07T12:08:55-04:00] Checking for stale dependency blocks...
[2026-09-07T12:08:55-04:00] === Bead state consistency check completed ===
[2026-09-07T12:23:55-04:00] === Bead state consistency check started ===
[2026-09-07T12:23:55-04:00] Checking for assigned-but-open beads (status=open with assignee)...
[2026-09-07T12:23:55-04:00] Checking for orphaned in-progress beads (status=in_progress without assignee)...
[2026-09-07T12:23:55-04:00] Checking for stale dependency blocks...
[2026-09-07T12:23:55-04:00] === Bead state consistency check completed ===
[2026-09-07T12:38:55-04:00] === Bead state consistency check started ===
[2026-09-07T12:38:55-04:00] Checking for assigned-but-open beads (status=open with assignee)...
[2026-09-07T12:38:55-04:00] Checking for orphaned in-progress beads (status=in_progress without assignee)...
[2026-09-07T12:38:55-04:00] Checking for stale dependency blocks...
[2026-09-07T12:38:55-04:00] === Bead state consistency check completed ===
[2026-09-07T12:53:55-04:00] === Bead state consistency check started ===
[2026-09-07T12:53:55-04:00] Checking for assigned-but-open beads (status=open with assignee)...
[2026-09-07T12:53:55-04:00] Checking for orphaned in-progress beads (status=in_progress without assignee)...
[2026-09-07T12:53:55-04:00] Checking for stale dependency blocks...
[2026-09-07T12:53:55-04:00] === Bead state consistency check completed ===
[2026-09-07T13:08:55-04:00] === Bead state consistency check started ===
[2026-09-07T13:08:55-04:00] Checking for assigned-but-open beads (status=open with assignee)...
[2026-09-07T13:08:55-04:00] Checking for orphaned in-progress beads (status=in_progress without assignee)...
[2026-09-07T13:08:55-04:00] Checking for stale dependency blocks...
[2026-09-07T13:08:55-04:00] === Bead state consistency check completed ===
[2026-09-07T13:23:55-04:00] === Bead state consistency check started ===
[2026-09-07T13:23:55-04:00] Checking for assigned-but-open beads (status=open with assignee)...
[2026-09-07T13:23:55-04:00] Checking for orphaned in-progress beads (status=in_progress without assignee)...
[2026-09-07T13:23:55-04:00] Checking for stale dependency blocks...
[2026-09-07T13:23:55-04:00] === Bead state consistency check completed ===
[2026-09-07T13:38:55-04:00] === Bead state consistency check started ===
[2026-09-07T13:38:55-04:00] Checking for assigned-but-open beads (status=open with assignee)...
[2026-09-07T13:38:55-04:00] Checking for orphaned in-progress beads (status=in_progress without assignee)...
[2026-09-07T13:38:55-04:00] Checking for stale dependency blocks...
[2026-09-07T13:38:55-04:00] === Bead state consistency check completed ===
[2026-09-07T13:53:55-04:00] === Bead state consistency check started ===
[2026-09-07T13:53:55-04:00] Checking for assigned-but-open beads (status=open with assignee)...
[2026-09-07T13:53:55-04:00] Checking for orphaned in-progress beads (status=in_progress without assignee)...
[2026-09-07T13:53:55-04:00] Checking for stale dependency blocks...
[2026-09-07T13:53:55-04:00] === Bead state consistency check completed ===
[2026-09-07T14:08:55-04:00] === Bead state consistency check started ===
[2026-09-07T14:08:55-04:00] Checking for assigned-but-open beads (status=open with assignee)...
[2026-09-07T14:08:55-04:00] Checking for orphaned in-progress beads (status=in_progress without assignee)...
[2026-09-07T14:08:55-04:00] Checking for stale dependency blocks...
[2026-09-07T14:08:55-04:00] === Bead state consistency check completed ===
[2026-09-07T14:23:55-04:00] === Bead state consistency check started ===
[2026-09-07T14:23:55-04:00] Checking for assigned-but-open beads (status=open with assignee)...
[2026-09-07T14:23:55-04:00] Checking for orphaned in-progress beads (status=in_progress without assignee)...
[2026-09-07T14:23:55-04:00] Checking for stale dependency blocks...
[2026-09-07T14:23:55-04:00] === Bead state consistency check completed ===
[2026-09-07T14:38:55-04:00] === Bead state consistency check started ===
[2026-09-07T14:38:55-04:00] Checking for assigned-but-open beads (status=open with assignee)...
[2026-09-07T14:38:55-04:00] Checking for orphaned in-progress beads (status=in_progress without assignee)...
[2026-09-07T14:38:55-04:00] Checking for stale dependency blocks...
[2026-09-07T14:38:55-04:00] === Bead state consistency check completed ===
[2026-09-07T14:53:55-04:00] === Bead state consistency check started ===
[2026-09-07T14:53:55-04:00] Checking for assigned-but-open beads (status=open with assignee)...
[2026-09-07T14:53:55-04:00] Checking for orphaned in-progress beads (status=in_progress without assignee)...
[2026-09-07T14:53:55-04:00] Checking for stale dependency blocks...
[2026-09-07T14:53:55-04:00] === Bead state consistency check completed ===
[2026-09-07T15:08:55-04:00] === Bead state consistency check started ===
[2026-09-07T15:08:55-04:00] Checking for assigned-but-open beads (status=open with assignee)...
[2026-09-07T15:08:55-04:00] Checking for orphaned in-progress beads (status=in_progress without assignee)...
[2026-09-07T15:08:55-04:00] Checking for stale dependency blocks...
[2026-09-07T15:08:55-04:00] === Bead state consistency check completed ===
[2026-09-07T15:23:55-04:00] === Bead state consistency check started ===
[2026-09-07T15:23:55-04:00] Checking for assigned-but-open beads (status=open with assignee)...
[2026-09-07T15:23:55-04:00] Checking for orphaned in-progress beads (status=in_progress without assignee)...
[2026-09-07T15:23:55-04:00] Checking for stale dependency blocks...
[2026-09-07T15:23:55-04:00] === Bead state consistency check completed ===
[2026-09-07T15:38:55-04:00] === Bead state consistency check started ===
[2026-09-07T15:38:55-04:00] Checking for assigned-but-open beads (status=open with assignee)...
[2026-09-07T15:38:55-04:00] Checking for orphaned in-progress beads (status=in_progress without assignee)...
[2026-09-07T15:38:55-04:00] Checking for stale dependency blocks...
[2026-09-07T15:38:55-04:00] === Bead state consistency check completed ===
[2026-09-07T15:53:55-04:00] === Bead state consistency check started ===
[2026-09-07T15:53:55-04:00] Checking for assigned-but-open beads (status=open with assignee)...
[2026-09-07T15:53:55-04:00] Checking for orphaned in-progress beads (status=in_progress without assignee)...
[2026-09-07T15:53:55-04:00] Checking for stale dependency blocks...
[2026-09-07T15:53:55-04:00] === Bead state consistency check completed ===
[2026-09-07T16:08:55-04:00] === Bead state consistency check started ===
[2026-09-07T16:08:55-04:00] Checking for assigned-but-open beads (status=open with assignee)...
[2026-09-07T16:08:55-04:00] Checking for orphaned in-progress beads (status=in_progress without assignee)...
[2026-09-07T16:08:55-04:00] Checking for stale dependency blocks...
[2026-09-07T16:08:55-04:00] === Bead state consistency check completed ===
[2026-09-07T16:23:55-04:00] === Bead state consistency check started ===
[2026-09-07T16:23:55-04:00] Checking for assigned-but-open beads (status=open with assignee)...
[2026-09-07T16:23:55-04:00] Checking for orphaned in-progress beads (status=in_progress without assignee)...
[2026-09-07T16:23:55-04:00] Checking for stale dependency blocks...
[2026-09-07T16:23:55-04:00] === Bead state consistency check completed ===
[2026-09-07T16:38:55-04:00] === Bead state consistency check started ===
[2026-09-07T16:38:55-04:00] Checking for assigned-but-open beads (status=open with assignee)...
[2026-09-07T16:38:55-04:00] Checking for orphaned in-progress beads (status=in_progress without assignee)...
[2026-09-07T16:38:55-04:00] Checking for stale dependency blocks...
[2026-09-07T16:38:55-04:00] === Bead state consistency check completed ===
[2026-09-07T16:53:55-04:00] === Bead state consistency check started ===
[2026-09-07T16:53:55-04:00] Checking for assigned-but-open beads (status=open with assignee)...
[2026-09-07T16:53:55-04:00] Checking for orphaned in-progress beads (status=in_progress without assignee)...
[2026-09-07T16:53:55-04:00] Checking for stale dependency blocks...
[2026-09-07T16:53:55-04:00] === Bead state consistency check completed ===
[2026-09-07T17:08:55-04:00] === Bead state consistency check started ===
[2026-09-07T17:08:55-04:00] Checking for assigned-but-open beads (status=open with assignee)...
[2026-09-07T17:08:55-04:00] Checking for orphaned in-progress beads (status=in_progress without assignee)...
[2026-09-07T17:08:55-04:00] Checking for stale dependency blocks...
[2026-09-07T17:08:55-04:00] === Bead state consistency check completed ===
[2026-09-07T17:23:56-04:00] === Bead state consistency check started ===
[2026-09-07T17:23:56-04:00] Checking for assigned-but-open beads (status=open with assignee)...
[2026-09-07T17:23:56-04:00] Checking for orphaned in-progress beads (status=in_progress without assignee)...
[2026-09-07T17:23:56-04:00] Checking for stale dependency blocks...
[2026-09-07T17:23:56-04:00] === Bead state consistency check completed ===
[2026-09-07T17:38:56-04:00] === Bead state consistency check started ===
[2026-09-07T17:38:56-04:00] Checking for assigned-but-open beads (status=open with assignee)...
[2026-09-07T17:38:56-04:00] Checking for orphaned in-progress beads (status=in_progress without assignee)...
[2026-09-07T17:38:56-04:00] Checking for stale dependency blocks...
[2026-09-07T17:38:56-04:00] === Bead state consistency check completed ===
[2026-09-07T17:53:57-04:00] === Bead state consistency check started ===
[2026-09-07T17:53:57-04:00] Checking for assigned-but-open beads (status=open with assignee)...
[2026-09-07T17:53:57-04:00] Checking for orphaned in-progress beads (status=in_progress without assignee)...
[2026-09-07T17:53:57-04:00] Checking for stale dependency blocks...
[2026-09-07T17:53:57-04:00] === Bead state consistency check completed ===
[2026-09-07T18:08:57-04:00] === Bead state consistency check started ===
[2026-09-07T18:08:57-04:00] Checking for assigned-but-open beads (status=open with assignee)...
[2026-09-07T18:08:57-04:00] Checking for orphaned in-progress beads (status=in_progress without assignee)...
[2026-09-07T18:08:57-04:00] Checking for stale dependency blocks...
[2026-09-07T18:08:57-04:00] === Bead state consistency check completed ===
[2026-09-07T18:23:58-04:00] === Bead state consistency check started ===
[2026-09-07T18:23:58-04:00] Checking for assigned-but-open beads (status=open with assignee)...
[2026-09-07T18:23:58-04:00] Checking for orphaned in-progress beads (status=in_progress without assignee)...
[2026-09-07T18:23:58-04:00] Checking for stale dependency blocks...
[2026-09-07T18:23:58-04:00] === Bead state consistency check completed ===
[2026-09-07T18:38:58-04:00] === Bead state consistency check started ===
[2026-09-07T18:38:58-04:00] Checking for assigned-but-open beads (status=open with assignee)...
[2026-09-07T18:38:58-04:00] Checking for orphaned in-progress beads (status=in_progress without assignee)...
[2026-09-07T18:38:58-04:00] Checking for stale dependency blocks...
[2026-09-07T18:38:58-04:00] === Bead state consistency check completed ===
[2026-09-07T18:53:59-04:00] === Bead state consistency check started ===
[2026-09-07T18:53:59-04:00] Checking for assigned-but-open beads (status=open with assignee)...
[2026-09-07T18:53:59-04:00] Checking for orphaned in-progress beads (status=in_progress without assignee)...
[2026-09-07T18:53:59-04:00] Checking for stale dependency blocks...
[2026-09-07T18:53:59-04:00] === Bead state consistency check completed ===
[2026-09-07T19:09:00-04:00] === Bead state consistency check started ===
[2026-09-07T19:09:00-04:00] Checking for assigned-but-open beads (status=open with assignee)...
[2026-09-07T19:09:00-04:00] Checking for orphaned in-progress beads (status=in_progress without assignee)...
[2026-09-07T19:09:00-04:00] Checking for stale dependency blocks...
[2026-09-07T19:09:00-04:00] === Bead state consistency check completed ===
[2026-09-07T19:24:01-04:00] === Bead state consistency check started ===
[2026-09-07T19:24:01-04:00] Checking for assigned-but-open beads (status=open with assignee)...
[2026-09-07T19:24:01-04:00] Checking for orphaned in-progress beads (status=in_progress without assignee)...
[2026-09-07T19:24:01-04:00] Checking for stale dependency blocks...
[2026-09-07T19:24:01-04:00] === Bead state consistency check completed ===
[2026-09-07T19:39:01-04:00] === Bead state consistency check started ===
[2026-09-07T19:39:01-04:00] Checking for assigned-but-open beads (status=open with assignee)...
[2026-09-07T19:39:01-04:00] Checking for orphaned in-progress beads (status=in_progress without assignee)...
[2026-09-07T19:39:01-04:00] Checking for stale dependency blocks...
[2026-09-07T19:39:01-04:00] === Bead state consistency check completed ===
[2026-09-07T19:54:02-04:00] === Bead state consistency check started ===
[2026-09-07T19:54:02-04:00] Checking for assigned-but-open beads (status=open with assignee)...
[2026-09-07T19:54:02-04:00] Checking for orphaned in-progress beads (status=in_progress without assignee)...
[2026-09-07T19:54:02-04:00] Checking for stale dependency blocks...
[2026-09-07T19:54:02-04:00] === Bead state consistency check completed ===
[2026-09-07T20:09:02-04:00] === Bead state consistency check started ===
[2026-09-07T20:09:02-04:00] Checking for assigned-but-open beads (status=open with assignee)...
[2026-09-07T20:09:02-04:00] Checking for orphaned in-progress beads (status=in_progress without assignee)...
[2026-09-07T20:09:02-04:00] Checking for stale dependency blocks...
[2026-09-07T20:09:02-04:00] === Bead state consistency check completed ===
[2026-09-07T20:24:03-04:00] === Bead state consistency check started ===
[2026-09-07T20:24:03-04:00] Checking for assigned-but-open beads (status=open with assignee)...
[2026-09-07T20:24:03-04:00] Checking for orphaned in-progress beads (status=in_progress without assignee)...
[2026-09-07T20:24:03-04:00] Checking for stale dependency blocks...
[2026-09-07T20:24:03-04:00] === Bead state consistency check completed ===
[2026-09-07T20:39:03-04:00] === Bead state consistency check started ===
[2026-09-07T20:39:03-04:00] Checking for assigned-but-open beads (status=open with assignee)...
[2026-09-07T20:39:03-04:00] Checking for orphaned in-progress beads (status=in_progress without assignee)...
[2026-09-07T20:39:03-04:00] Checking for stale dependency blocks...
[2026-09-07T20:39:03-04:00] === Bead state consistency check completed ===
[2026-09-07T20:54:04-04:00] === Bead state consistency check started ===
[2026-09-07T20:54:04-04:00] Checking for assigned-but-open beads (status=open with assignee)...
[2026-09-07T20:54:04-04:00] Checking for orphaned in-progress beads (status=in_progress without assignee)...
[2026-09-07T20:54:04-04:00] Checking for stale dependency blocks...
[2026-09-07T20:54:04-04:00] === Bead state consistency check completed ===
[2026-09-07T21:09:05-04:00] === Bead state consistency check started ===
[2026-09-07T21:09:05-04:00] Checking for assigned-but-open beads (status=open with assignee)...
[2026-09-07T21:09:05-04:00] Checking for orphaned in-progress beads (status=in_progress without assignee)...
[2026-09-07T21:09:05-04:00] Checking for stale dependency blocks...
[2026-09-07T21:09:05-04:00] === Bead state consistency check completed ===
[2026-09-07T21:24:06-04:00] === Bead state consistency check started ===
[2026-09-07T21:24:06-04:00] Checking for assigned-but-open beads (status=open with assignee)...
[2026-09-07T21:24:06-04:00] Checking for orphaned in-progress beads (status=in_progress without assignee)...
[2026-09-07T21:24:06-04:00] Checking for stale dependency blocks...
[2026-09-07T21:24:06-04:00] === Bead state consistency check completed ===
[2026-09-07T21:39:07-04:00] === Bead state consistency check started ===
[2026-09-07T21:39:07-04:00] Checking for assigned-but-open beads (status=open with assignee)...
[2026-09-07T21:39:07-04:00] Checking for orphaned in-progress beads (status=in_progress without assignee)...
[2026-09-07T21:39:07-04:00] Checking for stale dependency blocks...
[2026-09-07T21:39:07-04:00] === Bead state consistency check completed ===
[2026-09-07T21:54:08-04:00] === Bead state consistency check started ===
[2026-09-07T21:54:08-04:00] Checking for assigned-but-open beads (status=open with assignee)...
[2026-09-07T21:54:08-04:00] Checking for orphaned in-progress beads (status=in_progress without assignee)...
[2026-09-07T21:54:08-04:00] Checking for stale dependency blocks...
[2026-09-07T21:54:08-04:00] === Bead state consistency check completed ===
[2026-09-07T22:09:09-04:00] === Bead state consistency check started ===
[2026-09-07T22:09:09-04:00] Checking for assigned-but-open beads (status=open with assignee)...
[2026-09-07T22:09:09-04:00] Checking for orphaned in-progress beads (status=in_progress without assignee)...
[2026-09-07T22:09:09-04:00] Checking for stale dependency blocks...
[2026-09-07T22:09:09-04:00] === Bead state consistency check completed ===
[2026-09-07T22:24:09-04:00] === Bead state consistency check started ===
[2026-09-07T22:24:09-04:00] Checking for assigned-but-open beads (status=open with assignee)...
[2026-09-07T22:24:09-04:00] Checking for orphaned in-progress beads (status=in_progress without assignee)...
[2026-09-07T22:24:09-04:00] Checking for stale dependency blocks...
[2026-09-07T22:24:09-04:00] === Bead state consistency check completed ===
[2026-09-07T22:39:10-04:00] === Bead state consistency check started ===
[2026-09-07T22:39:10-04:00] Checking for assigned-but-open beads (status=open with assignee)...
[2026-09-07T22:39:10-04:00] Checking for orphaned in-progress beads (status=in_progress without assignee)...
[2026-09-07T22:39:10-04:00] Checking for stale dependency blocks...
[2026-09-07T22:39:10-04:00] === Bead state consistency check completed ===
[2026-09-07T22:54:10-04:00] === Bead state consistency check started ===
[2026-09-07T22:54:10-04:00] Checking for assigned-but-open beads (status=open with assignee)...
[2026-09-07T22:54:10-04:00] Checking for orphaned in-progress beads (status=in_progress without assignee)...
[2026-09-07T22:54:10-04:00] Checking for stale dependency blocks...
[2026-09-07T22:54:10-04:00] === Bead state consistency check completed ===
[2026-09-07T23:09:10-04:00] === Bead state consistency check started ===
[2026-09-07T23:09:10-04:00] Checking for assigned-but-open beads (status=open with assignee)...
[2026-09-07T23:09:10-04:00] Checking for orphaned in-progress beads (status=in_progress without assignee)...
[2026-09-07T23:09:10-04:00] Checking for stale dependency blocks...
[2026-09-07T23:09:10-04:00] === Bead state consistency check completed ===
[2026-09-07T23:24:11-04:00] === Bead state consistency check started ===
[2026-09-07T23:24:11-04:00] Checking for assigned-but-open beads (status=open with assignee)...
[2026-09-07T23:24:11-04:00] Checking for orphaned in-progress beads (status=in_progress without assignee)...
[2026-09-07T23:24:11-04:00] Checking for stale dependency blocks...
[2026-09-07T23:24:11-04:00] === Bead state consistency check completed ===
[2026-09-07T23:39:11-04:00] === Bead state consistency check started ===
[2026-09-07T23:39:11-04:00] Checking for assigned-but-open beads (status=open with assignee)...
[2026-09-07T23:39:11-04:00] Checking for orphaned in-progress beads (status=in_progress without assignee)...
[2026-09-07T23:39:11-04:00] Checking for stale dependency blocks...
[2026-09-07T23:39:11-04:00] === Bead state consistency check completed ===
[2026-09-07T23:54:11-04:00] === Bead state consistency check started ===
[2026-09-07T23:54:11-04:00] Checking for assigned-but-open beads (status=open with assignee)...
[2026-09-07T23:54:11-04:00] Checking for orphaned in-progress beads (status=in_progress without assignee)...
[2026-09-07T23:54:11-04:00] Checking for stale dependency blocks...
[2026-09-07T23:54:11-04:00] === Bead state consistency check completed ===
[2026-09-08T00:09:11-04:00] === Bead state consistency check started ===
[2026-09-08T00:09:11-04:00] Checking for assigned-but-open beads (status=open with assignee)...
[2026-09-08T00:09:11-04:00] Checking for orphaned in-progress beads (status=in_progress without assignee)...
[2026-09-08T00:09:11-04:00] Checking for stale dependency blocks...
[2026-09-08T00:09:11-04:00] === Bead state consistency check completed ===
[2026-09-08T00:24:12-04:00] === Bead state consistency check started ===
[2026-09-08T00:24:12-04:00] Checking for assigned-but-open beads (status=open with assignee)...
[2026-09-08T00:24:12-04:00] Checking for orphaned in-progress beads (status=in_progress without assignee)...
[2026-09-08T00:24:12-04:00] Checking for stale dependency blocks...
[2026-09-08T00:24:12-04:00] === Bead state consistency check completed ===
[2026-09-08T00:39:12-04:00] === Bead state consistency check started ===
[2026-09-08T00:39:12-04:00] Checking for assigned-but-open beads (status=open with assignee)...
[2026-09-08T00:39:12-04:00] Checking for orphaned in-progress beads (status=in_progress without assignee)...
[2026-09-08T00:39:12-04:00] Checking for stale dependency blocks...
[2026-09-08T00:39:12-04:00] === Bead state consistency check completed ===
[2026-09-08T00:54:12-04:00] === Bead state consistency check started ===
[2026-09-08T00:54:12-04:00] Checking for assigned-but-open beads (status=open with assignee)...
[2026-09-08T00:54:12-04:00] Checking for orphaned in-progress beads (status=in_progress without assignee)...
[2026-09-08T00:54:12-04:00] Checking for stale dependency blocks...
[2026-09-08T00:54:12-04:00] === Bead state consistency check completed ===
[2026-09-08T01:09:12-04:00] === Bead state consistency check started ===
[2026-09-08T01:09:12-04:00] Checking for assigned-but-open beads (status=open with assignee)...
[2026-09-08T01:09:12-04:00] Checking for orphaned in-progress beads (status=in_progress without assignee)...
[2026-09-08T01:09:12-04:00] Checking for stale dependency blocks...
[2026-09-08T01:09:12-04:00] === Bead state consistency check completed ===
[2026-09-08T01:24:12-04:00] === Bead state consistency check started ===
[2026-09-08T01:24:12-04:00] Checking for assigned-but-open beads (status=open with assignee)...
[2026-09-08T01:24:12-04:00] Checking for orphaned in-progress beads (status=in_progress without assignee)...
[2026-09-08T01:24:12-04:00] Checking for stale dependency blocks...
[2026-09-08T01:24:12-04:00] === Bead state consistency check completed ===
[2026-09-08T01:39:13-04:00] === Bead state consistency check started ===
[2026-09-08T01:39:13-04:00] Checking for assigned-but-open beads (status=open with assignee)...
[2026-09-08T01:39:13-04:00] Checking for orphaned in-progress beads (status=in_progress without assignee)...
[2026-09-08T01:39:13-04:00] Checking for stale dependency blocks...
[2026-09-08T01:39:13-04:00] === Bead state consistency check completed ===
[2026-09-08T01:54:13-04:00] === Bead state consistency check started ===
[2026-09-08T01:54:13-04:00] Checking for assigned-but-open beads (status=open with assignee)...
[2026-09-08T01:54:13-04:00] Checking for orphaned in-progress beads (status=in_progress without assignee)...
[2026-09-08T01:54:13-04:00] Checking for stale dependency blocks...
[2026-09-08T01:54:13-04:00] === Bead state consistency check completed ===
[2026-09-08T02:09:14-04:00] === Bead state consistency check started ===
[2026-09-08T02:09:14-04:00] Checking for assigned-but-open beads (status=open with assignee)...
[2026-09-08T02:09:14-04:00] Checking for orphaned in-progress beads (status=in_progress without assignee)...
[2026-09-08T02:09:14-04:00] Checking for stale dependency blocks...
[2026-09-08T02:09:14-04:00] === Bead state consistency check completed ===
[2026-09-08T02:24:14-04:00] === Bead state consistency check started ===
[2026-09-08T02:24:14-04:00] Checking for assigned-but-open beads (status=open with assignee)...
[2026-09-08T02:24:14-04:00] Checking for orphaned in-progress beads (status=in_progress without assignee)...
[2026-09-08T02:24:14-04:00] Checking for stale dependency blocks...
[2026-09-08T02:24:14-04:00] === Bead state consistency check completed ===
[2026-09-08T02:39:14-04:00] === Bead state consistency check started ===
[2026-09-08T02:39:14-04:00] Checking for assigned-but-open beads (status=open with assignee)...
[2026-09-08T02:39:14-04:00] Checking for orphaned in-progress beads (status=in_progress without assignee)...
[2026-09-08T02:39:14-04:00] Checking for stale dependency blocks...
[2026-09-08T02:39:14-04:00] === Bead state consistency check completed ===
[2026-09-08T02:54:15-04:00] === Bead state consistency check started ===
[2026-09-08T02:54:15-04:00] Checking for assigned-but-open beads (status=open with assignee)...
[2026-09-08T02:54:15-04:00] Checking for orphaned in-progress beads (status=in_progress without assignee)...
[2026-09-08T02:54:15-04:00] Checking for stale dependency blocks...
[2026-09-08T02:54:15-04:00] === Bead state consistency check completed ===
[2026-09-08T03:09:15-04:00] === Bead state consistency check started ===
[2026-09-08T03:09:15-04:00] Checking for assigned-but-open beads (status=open with assignee)...
[2026-09-08T03:09:15-04:00] Checking for orphaned in-progress beads (status=in_progress without assignee)...
[2026-09-08T03:09:15-04:00] Checking for stale dependency blocks...
[2026-09-08T03:09:15-04:00] === Bead state consistency check completed ===
[2026-09-08T03:24:15-04:00] === Bead state consistency check started ===
[2026-09-08T03:24:15-04:00] Checking for assigned-but-open beads (status=open with assignee)...
[2026-09-08T03:24:15-04:00] Checking for orphaned in-progress beads (status=in_progress without assignee)...
[2026-09-08T03:24:15-04:00] Checking for stale dependency blocks...
[2026-09-08T03:24:15-04:00] === Bead state consistency check completed ===
[2026-09-08T03:39:16-04:00] === Bead state consistency check started ===
[2026-09-08T03:39:16-04:00] Checking for assigned-but-open beads (status=open with assignee)...
[2026-09-08T03:39:16-04:00] Checking for orphaned in-progress beads (status=in_progress without assignee)...
[2026-09-08T03:39:16-04:00] Checking for stale dependency blocks...
[2026-09-08T03:39:16-04:00] === Bead state consistency check completed ===
[2026-09-08T03:54:16-04:00] === Bead state consistency check started ===
[2026-09-08T03:54:16-04:00] Checking for assigned-but-open beads (status=open with assignee)...
[2026-09-08T03:54:16-04:00] Checking for orphaned in-progress beads (status=in_progress without assignee)...
[2026-09-08T03:54:16-04:00] Checking for stale dependency blocks...
[2026-09-08T03:54:16-04:00] === Bead state consistency check completed ===
[2026-09-08T04:09:16-04:00] === Bead state consistency check started ===
[2026-09-08T04:09:16-04:00] Checking for assigned-but-open beads (status=open with assignee)...
[2026-09-08T04:09:16-04:00] Checking for orphaned in-progress beads (status=in_progress without assignee)...
[2026-09-08T04:09:16-04:00] Checking for stale dependency blocks...
[2026-09-08T04:09:16-04:00] === Bead state consistency check completed ===
[2026-09-08T04:24:17-04:00] === Bead state consistency check started ===
[2026-09-08T04:24:17-04:00] Checking for assigned-but-open beads (status=open with assignee)...
[2026-09-08T04:24:17-04:00] Checking for orphaned in-progress beads (status=in_progress without assignee)...
[2026-09-08T04:24:17-04:00] Checking for stale dependency blocks...
[2026-09-08T04:24:17-04:00] === Bead state consistency check completed ===
[2026-09-08T04:39:18-04:00] === Bead state consistency check started ===
[2026-09-08T04:39:18-04:00] Checking for assigned-but-open beads (status=open with assignee)...
[2026-09-08T04:39:18-04:00] Checking for orphaned in-progress beads (status=in_progress without assignee)...
[2026-09-08T04:39:18-04:00] Checking for stale dependency blocks...
[2026-09-08T04:39:18-04:00] === Bead state consistency check completed ===
[2026-09-08T04:54:18-04:00] === Bead state consistency check started ===
[2026-09-08T04:54:18-04:00] Checking for assigned-but-open beads (status=open with assignee)...
[2026-09-08T04:54:18-04:00] Checking for orphaned in-progress beads (status=in_progress without assignee)...
[2026-09-08T04:54:18-04:00] Checking for stale dependency blocks...
[2026-09-08T04:54:18-04:00] === Bead state consistency check completed ===
[2026-09-08T05:09:19-04:00] === Bead state consistency check started ===
[2026-09-08T05:09:19-04:00] Checking for assigned-but-open beads (status=open with assignee)...
[2026-09-08T05:09:19-04:00] Checking for orphaned in-progress beads (status=in_progress without assignee)...
[2026-09-08T05:09:19-04:00] Checking for stale dependency blocks...
[2026-09-08T05:09:19-04:00] === Bead state consistency check completed ===
[2026-09-08T05:24:19-04:00] === Bead state consistency check started ===
[2026-09-08T05:24:19-04:00] Checking for assigned-but-open beads (status=open with assignee)...
[2026-09-08T05:24:19-04:00] Checking for orphaned in-progress beads (status=in_progress without assignee)...
[2026-09-08T05:24:19-04:00] Checking for stale dependency blocks...
[2026-09-08T05:24:19-04:00] === Bead state consistency check completed ===
[2026-09-08T05:39:19-04:00] === Bead state consistency check started ===
[2026-09-08T05:39:19-04:00] Checking for assigned-but-open beads (status=open with assignee)...
[2026-09-08T05:39:19-04:00] Checking for orphaned in-progress beads (status=in_progress without assignee)...
[2026-09-08T05:39:19-04:00] Checking for stale dependency blocks...
[2026-09-08T05:39:19-04:00] === Bead state consistency check completed ===
[2026-09-08T05:54:20-04:00] === Bead state consistency check started ===
[2026-09-08T05:54:20-04:00] Checking for assigned-but-open beads (status=open with assignee)...
[2026-09-08T05:54:20-04:00] Checking for orphaned in-progress beads (status=in_progress without assignee)...
[2026-09-08T05:54:20-04:00] Checking for stale dependency blocks...
[2026-09-08T05:54:20-04:00] === Bead state consistency check completed ===
[2026-09-08T06:09:20-04:00] === Bead state consistency check started ===
[2026-09-08T06:09:20-04:00] Checking for assigned-but-open beads (status=open with assignee)...
[2026-09-08T06:09:20-04:00] Checking for orphaned in-progress beads (status=in_progress without assignee)...
[2026-09-08T06:09:20-04:00] Checking for stale dependency blocks...
[2026-09-08T06:09:20-04:00] === Bead state consistency check completed ===
[2026-09-08T06:24:20-04:00] === Bead state consistency check started ===
[2026-09-08T06:24:20-04:00] Checking for assigned-but-open beads (status=open with assignee)...
[2026-09-08T06:24:20-04:00] Checking for orphaned in-progress beads (status=in_progress without assignee)...
[2026-09-08T06:24:20-04:00] Checking for stale dependency blocks...
[2026-09-08T06:24:20-04:00] === Bead state consistency check completed ===
[2026-09-08T06:39:20-04:00] === Bead state consistency check started ===
[2026-09-08T06:39:20-04:00] Checking for assigned-but-open beads (status=open with assignee)...
[2026-09-08T06:39:20-04:00] Checking for orphaned in-progress beads (status=in_progress without assignee)...
[2026-09-08T06:39:20-04:00] Checking for stale dependency blocks...
[2026-09-08T06:39:20-04:00] === Bead state consistency check completed ===
[2026-09-08T06:54:21-04:00] === Bead state consistency check started ===
[2026-09-08T06:54:21-04:00] Checking for assigned-but-open beads (status=open with assignee)...
[2026-09-08T06:54:21-04:00] Checking for orphaned in-progress beads (status=in_progress without assignee)...
[2026-09-08T06:54:21-04:00] Checking for stale dependency blocks...
[2026-09-08T06:54:21-04:00] === Bead state consistency check completed ===
[2026-09-08T07:09:21-04:00] === Bead state consistency check started ===
[2026-09-08T07:09:21-04:00] Checking for assigned-but-open beads (status=open with assignee)...
[2026-09-08T07:09:21-04:00] Checking for orphaned in-progress beads (status=in_progress without assignee)...
[2026-09-08T07:09:21-04:00] Checking for stale dependency blocks...
[2026-09-08T07:09:21-04:00] === Bead state consistency check completed ===
[2026-09-08T07:24:22-04:00] === Bead state consistency check started ===
[2026-09-08T07:24:22-04:00] Checking for assigned-but-open beads (status=open with assignee)...
[2026-09-08T07:24:22-04:00] Checking for orphaned in-progress beads (status=in_progress without assignee)...
[2026-09-08T07:24:22-04:00] Checking for stale dependency blocks...
[2026-09-08T07:24:22-04:00] === Bead state consistency check completed ===
[2026-09-08T07:39:22-04:00] === Bead state consistency check started ===
[2026-09-08T07:39:22-04:00] Checking for assigned-but-open beads (status=open with assignee)...
[2026-09-08T07:39:22-04:00] Checking for orphaned in-progress beads (status=in_progress without assignee)...
[2026-09-08T07:39:22-04:00] Checking for stale dependency blocks...
[2026-09-08T07:39:22-04:00] === Bead state consistency check completed ===
[2026-09-08T07:54:22-04:00] === Bead state consistency check started ===
[2026-09-08T07:54:22-04:00] Checking for assigned-but-open beads (status=open with assignee)...
[2026-09-08T07:54:22-04:00] Checking for orphaned in-progress beads (status=in_progress without assignee)...
[2026-09-08T07:54:22-04:00] Checking for stale dependency blocks...
[2026-09-08T07:54:22-04:00] === Bead state consistency check completed ===
[2026-09-08T08:09:22-04:00] === Bead state consistency check started ===
[2026-09-08T08:09:22-04:00] Checking for assigned-but-open beads (status=open with assignee)...
[2026-09-08T08:09:22-04:00] Checking for orphaned in-progress beads (status=in_progress without assignee)...
[2026-09-08T08:09:22-04:00] Checking for stale dependency blocks...
[2026-09-08T08:09:22-04:00] === Bead state consistency check completed ===
[2026-09-08T08:24:23-04:00] === Bead state consistency check started ===
[2026-09-08T08:24:23-04:00] Checking for assigned-but-open beads (status=open with assignee)...
[2026-09-08T08:24:23-04:00] Checking for orphaned in-progress beads (status=in_progress without assignee)...
[2026-09-08T08:24:23-04:00] Checking for stale dependency blocks...
[2026-09-08T08:24:23-04:00] === Bead state consistency check completed ===
[2026-09-08T08:39:23-04:00] === Bead state consistency check started ===
[2026-09-08T08:39:23-04:00] Checking for assigned-but-open beads (status=open with assignee)...
[2026-09-08T08:39:23-04:00] Checking for orphaned in-progress beads (status=in_progress without assignee)...
[2026-09-08T08:39:23-04:00] Checking for stale dependency blocks...
[2026-09-08T08:39:23-04:00] === Bead state consistency check completed ===
[2026-09-08T08:54:24-04:00] === Bead state consistency check started ===
[2026-09-08T08:54:24-04:00] Checking for assigned-but-open beads (status=open with assignee)...
[2026-09-08T08:54:24-04:00] Checking for orphaned in-progress beads (status=in_progress without assignee)...
[2026-09-08T08:54:24-04:00] Checking for stale dependency blocks...
[2026-09-08T08:54:24-04:00] === Bead state consistency check completed ===
[2026-09-08T09:09:24-04:00] === Bead state consistency check started ===
[2026-09-08T09:09:24-04:00] Checking for assigned-but-open beads (status=open with assignee)...
[2026-09-08T09:09:24-04:00] Checking for orphaned in-progress beads (status=in_progress without assignee)...
[2026-09-08T09:09:24-04:00] Checking for stale dependency blocks...
[2026-09-08T09:09:24-04:00] === Bead state consistency check completed ===
[2026-09-08T09:24:25-04:00] === Bead state consistency check started ===
[2026-09-08T09:24:25-04:00] Checking for assigned-but-open beads (status=open with assignee)...
[2026-09-08T09:24:25-04:00] Checking for orphaned in-progress beads (status=in_progress without assignee)...
[2026-09-08T09:24:25-04:00] Checking for stale dependency blocks...
[2026-09-08T09:24:25-04:00] === Bead state consistency check completed ===
[2026-09-08T09:39:25-04:00] === Bead state consistency check started ===
[2026-09-08T09:39:25-04:00] Checking for assigned-but-open beads (status=open with assignee)...
[2026-09-08T09:39:25-04:00] Checking for orphaned in-progress beads (status=in_progress without assignee)...
[2026-09-08T09:39:25-04:00] Checking for stale dependency blocks...
[2026-09-08T09:39:25-04:00] === Bead state consistency check completed ===
[2026-09-08T09:54:26-04:00] === Bead state consistency check started ===
[2026-09-08T09:54:26-04:00] Checking for assigned-but-open beads (status=open with assignee)...
[2026-09-08T09:54:26-04:00] Checking for orphaned in-progress beads (status=in_progress without assignee)...
[2026-09-08T09:54:26-04:00] Checking for stale dependency blocks...
[2026-09-08T09:54:26-04:00] === Bead state consistency check completed ===
[2026-09-08T10:09:27-04:00] === Bead state consistency check started ===
[2026-09-08T10:09:27-04:00] Checking for assigned-but-open beads (status=open with assignee)...
[2026-09-08T10:09:27-04:00] Checking for orphaned in-progress beads (status=in_progress without assignee)...
[2026-09-08T10:09:27-04:00] Checking for stale dependency blocks...
[2026-09-08T10:09:27-04:00] === Bead state consistency check completed ===
[2026-09-08T10:24:27-04:00] === Bead state consistency check started ===
[2026-09-08T10:24:27-04:00] Checking for assigned-but-open beads (status=open with assignee)...
[2026-09-08T10:24:27-04:00] Checking for orphaned in-progress beads (status=in_progress without assignee)...
[2026-09-08T10:24:27-04:00] Checking for stale dependency blocks...
[2026-09-08T10:24:27-04:00] === Bead state consistency check completed ===
[2026-09-08T10:39:28-04:00] === Bead state consistency check started ===
[2026-09-08T10:39:28-04:00] Checking for assigned-but-open beads (status=open with assignee)...
[2026-09-08T10:39:28-04:00] Checking for orphaned in-progress beads (status=in_progress without assignee)...
[2026-09-08T10:39:28-04:00] Checking for stale dependency blocks...
[2026-09-08T10:39:28-04:00] === Bead state consistency check completed ===
[2026-09-08T10:54:28-04:00] === Bead state consistency check started ===
[2026-09-08T10:54:28-04:00] Checking for assigned-but-open beads (status=open with assignee)...
[2026-09-08T10:54:28-04:00] Checking for orphaned in-progress beads (status=in_progress without assignee)...
[2026-09-08T10:54:28-04:00] Checking for stale dependency blocks...
[2026-09-08T10:54:28-04:00] === Bead state consistency check completed ===
[2026-09-08T11:09:28-04:00] === Bead state consistency check started ===
[2026-09-08T11:09:28-04:00] Checking for assigned-but-open beads (status=open with assignee)...
[2026-09-08T11:09:28-04:00] Checking for orphaned in-progress beads (status=in_progress without assignee)...
[2026-09-08T11:09:28-04:00] Checking for stale dependency blocks...
[2026-09-08T11:09:28-04:00] === Bead state consistency check completed ===
[2026-09-08T11:24:29-04:00] === Bead state consistency check started ===
[2026-09-08T11:24:29-04:00] Checking for assigned-but-open beads (status=open with assignee)...
[2026-09-08T11:24:29-04:00] Checking for orphaned in-progress beads (status=in_progress without assignee)...
[2026-09-08T11:24:29-04:00] Checking for stale dependency blocks...
[2026-09-08T11:24:29-04:00] === Bead state consistency check completed ===
[2026-09-08T11:39:29-04:00] === Bead state consistency check started ===
[2026-09-08T11:39:29-04:00] Checking for assigned-but-open beads (status=open with assignee)...
[2026-09-08T11:39:29-04:00] Checking for orphaned in-progress beads (status=in_progress without assignee)...
[2026-09-08T11:39:29-04:00] Checking for stale dependency blocks...
[2026-09-08T11:39:29-04:00] === Bead state consistency check completed ===
[2026-09-08T11:54:30-04:00] === Bead state consistency check started ===
[2026-09-08T11:54:30-04:00] Checking for assigned-but-open beads (status=open with assignee)...
[2026-09-08T11:54:30-04:00] Checking for orphaned in-progress beads (status=in_progress without assignee)...
[2026-09-08T11:54:30-04:00] Checking for stale dependency blocks...
[2026-09-08T11:54:30-04:00] === Bead state consistency check completed ===
[2026-09-08T12:09:31-04:00] === Bead state consistency check started ===
[2026-09-08T12:09:31-04:00] Checking for assigned-but-open beads (status=open with assignee)...
[2026-09-08T12:09:31-04:00] Checking for orphaned in-progress beads (status=in_progress without assignee)...
[2026-09-08T12:09:31-04:00] Checking for stale dependency blocks...
[2026-09-08T12:09:31-04:00] === Bead state consistency check completed ===
[2026-09-08T12:24:32-04:00] === Bead state consistency check started ===
[2026-09-08T12:24:32-04:00] Checking for assigned-but-open beads (status=open with assignee)...
[2026-09-08T12:24:32-04:00] Checking for orphaned in-progress beads (status=in_progress without assignee)...
[2026-09-08T12:24:32-04:00] Checking for stale dependency blocks...
[2026-09-08T12:24:32-04:00] === Bead state consistency check completed ===
[2026-09-08T12:39:32-04:00] === Bead state consistency check started ===
[2026-09-08T12:39:32-04:00] Checking for assigned-but-open beads (status=open with assignee)...
[2026-09-08T12:39:32-04:00] Checking for orphaned in-progress beads (status=in_progress without assignee)...
[2026-09-08T12:39:32-04:00] Checking for stale dependency blocks...
[2026-09-08T12:39:32-04:00] === Bead state consistency check completed ===
[2026-09-08T12:54:33-04:00] === Bead state consistency check started ===
[2026-09-08T12:54:33-04:00] Checking for assigned-but-open beads (status=open with assignee)...
[2026-09-08T12:54:33-04:00] Checking for orphaned in-progress beads (status=in_progress without assignee)...
[2026-09-08T12:54:33-04:00] Checking for stale dependency blocks...
[2026-09-08T12:54:33-04:00] === Bead state consistency check completed ===
[2026-09-08T13:09:34-04:00] === Bead state consistency check started ===
[2026-09-08T13:09:34-04:00] Checking for assigned-but-open beads (status=open with assignee)...
[2026-09-08T13:09:34-04:00] Checking for orphaned in-progress beads (status=in_progress without assignee)...
[2026-09-08T13:09:34-04:00] Checking for stale dependency blocks...
[2026-09-08T13:09:34-04:00] === Bead state consistency check completed ===
[2026-09-08T13:24:34-04:00] === Bead state consistency check started ===
[2026-09-08T13:24:34-04:00] Checking for assigned-but-open beads (status=open with assignee)...
[2026-09-08T13:24:34-04:00] Checking for orphaned in-progress beads (status=in_progress without assignee)...
[2026-09-08T13:24:34-04:00] Checking for stale dependency blocks...
[2026-09-08T13:24:34-04:00] === Bead state consistency check completed ===
[2026-09-08T13:39:34-04:00] === Bead state consistency check started ===
[2026-09-08T13:39:34-04:00] Checking for assigned-but-open beads (status=open with assignee)...
[2026-09-08T13:39:34-04:00] Checking for orphaned in-progress beads (status=in_progress without assignee)...
[2026-09-08T13:39:34-04:00] Checking for stale dependency blocks...
[2026-09-08T13:39:34-04:00] === Bead state consistency check completed ===
[2026-09-08T13:54:35-04:00] === Bead state consistency check started ===
[2026-09-08T13:54:35-04:00] Checking for assigned-but-open beads (status=open with assignee)...
[2026-09-08T13:54:35-04:00] Checking for orphaned in-progress beads (status=in_progress without assignee)...
[2026-09-08T13:54:35-04:00] Checking for stale dependency blocks...
[2026-09-08T13:54:35-04:00] === Bead state consistency check completed ===
[2026-09-08T14:09:36-04:00] === Bead state consistency check started ===
[2026-09-08T14:09:36-04:00] Checking for assigned-but-open beads (status=open with assignee)...
[2026-09-08T14:09:36-04:00] Checking for orphaned in-progress beads (status=in_progress without assignee)...
[2026-09-08T14:09:36-04:00] Checking for stale dependency blocks...
[2026-09-08T14:09:36-04:00] === Bead state consistency check completed ===
[2026-09-08T14:24:36-04:00] === Bead state consistency check started ===
[2026-09-08T14:24:36-04:00] Checking for assigned-but-open beads (status=open with assignee)...
[2026-09-08T14:24:36-04:00] Checking for orphaned in-progress beads (status=in_progress without assignee)...
[2026-09-08T14:24:36-04:00] Checking for stale dependency blocks...
[2026-09-08T14:24:36-04:00] === Bead state consistency check completed ===
[2026-09-08T14:39:36-04:00] === Bead state consistency check started ===
[2026-09-08T14:39:36-04:00] Checking for assigned-but-open beads (status=open with assignee)...
[2026-09-08T14:39:36-04:00] Checking for orphaned in-progress beads (status=in_progress without assignee)...
[2026-09-08T14:39:36-04:00] Checking for stale dependency blocks...
[2026-09-08T14:39:36-04:00] === Bead state consistency check completed ===
[2026-09-08T14:54:37-04:00] === Bead state consistency check started ===
[2026-09-08T14:54:37-04:00] Checking for assigned-but-open beads (status=open with assignee)...
[2026-09-08T14:54:37-04:00] Checking for orphaned in-progress beads (status=in_progress without assignee)...
[2026-09-08T14:54:37-04:00] Checking for stale dependency blocks...
[2026-09-08T14:54:37-04:00] === Bead state consistency check completed ===
[2026-09-08T15:09:37-04:00] === Bead state consistency check started ===
[2026-09-08T15:09:37-04:00] Checking for assigned-but-open beads (status=open with assignee)...
[2026-09-08T15:09:37-04:00] Checking for orphaned in-progress beads (status=in_progress without assignee)...
[2026-09-08T15:09:37-04:00] Checking for stale dependency blocks...
[2026-09-08T15:09:37-04:00] === Bead state consistency check completed ===
[2026-09-08T15:24:38-04:00] === Bead state consistency check started ===
[2026-09-08T15:24:38-04:00] Checking for assigned-but-open beads (status=open with assignee)...
[2026-09-08T15:24:38-04:00] Checking for orphaned in-progress beads (status=in_progress without assignee)...
[2026-09-08T15:24:38-04:00] Checking for stale dependency blocks...
[2026-09-08T15:24:38-04:00] === Bead state consistency check completed ===
[2026-09-08T15:39:38-04:00] === Bead state consistency check started ===
[2026-09-08T15:39:38-04:00] Checking for assigned-but-open beads (status=open with assignee)...
[2026-09-08T15:39:38-04:00] Checking for orphaned in-progress beads (status=in_progress without assignee)...
[2026-09-08T15:39:38-04:00] Checking for stale dependency blocks...
[2026-09-08T15:39:38-04:00] === Bead state consistency check completed ===
[2026-09-08T15:54:38-04:00] === Bead state consistency check started ===
[2026-09-08T15:54:38-04:00] Checking for assigned-but-open beads (status=open with assignee)...
[2026-09-08T15:54:38-04:00] Checking for orphaned in-progress beads (status=in_progress without assignee)...
[2026-09-08T15:54:38-04:00] Checking for stale dependency blocks...
[2026-09-08T15:54:38-04:00] === Bead state consistency check completed ===
[2026-09-08T16:09:39-04:00] === Bead state consistency check started ===
[2026-09-08T16:09:39-04:00] Checking for assigned-but-open beads (status=open with assignee)...
[2026-09-08T16:09:39-04:00] Checking for orphaned in-progress beads (status=in_progress without assignee)...
[2026-09-08T16:09:39-04:00] Checking for stale dependency blocks...
[2026-09-08T16:09:39-04:00] === Bead state consistency check completed ===
[2026-09-08T16:24:39-04:00] === Bead state consistency check started ===
[2026-09-08T16:24:39-04:00] Checking for assigned-but-open beads (status=open with assignee)...
[2026-09-08T16:24:39-04:00] Checking for orphaned in-progress beads (status=in_progress without assignee)...
[2026-09-08T16:24:39-04:00] Checking for stale dependency blocks...
[2026-09-08T16:24:39-04:00] === Bead state consistency check completed ===
[2026-09-08T16:39:40-04:00] === Bead state consistency check started ===
[2026-09-08T16:39:40-04:00] Checking for assigned-but-open beads (status=open with assignee)...
[2026-09-08T16:39:40-04:00] Checking for orphaned in-progress beads (status=in_progress without assignee)...
[2026-09-08T16:39:40-04:00] Checking for stale dependency blocks...
[2026-09-08T16:39:40-04:00] === Bead state consistency check completed ===
[2026-09-08T16:54:41-04:00] === Bead state consistency check started ===
[2026-09-08T16:54:41-04:00] Checking for assigned-but-open beads (status=open with assignee)...
[2026-09-08T16:54:41-04:00] Checking for orphaned in-progress beads (status=in_progress without assignee)...
[2026-09-08T16:54:41-04:00] Checking for stale dependency blocks...
[2026-09-08T16:54:41-04:00] === Bead state consistency check completed ===
[2026-09-08T17:09:41-04:00] === Bead state consistency check started ===
[2026-09-08T17:09:41-04:00] Checking for assigned-but-open beads (status=open with assignee)...
[2026-09-08T17:09:41-04:00] Checking for orphaned in-progress beads (status=in_progress without assignee)...
[2026-09-08T17:09:41-04:00] Checking for stale dependency blocks...
[2026-09-08T17:09:41-04:00] === Bead state consistency check completed ===
[2026-09-08T17:24:41-04:00] === Bead state consistency check started ===
[2026-09-08T17:24:41-04:00] Checking for assigned-but-open beads (status=open with assignee)...
[2026-09-08T17:24:41-04:00] Checking for orphaned in-progress beads (status=in_progress without assignee)...
[2026-09-08T17:24:41-04:00] Checking for stale dependency blocks...
[2026-09-08T17:24:41-04:00] === Bead state consistency check completed ===
[2026-09-08T17:39:42-04:00] === Bead state consistency check started ===
[2026-09-08T17:39:42-04:00] Checking for assigned-but-open beads (status=open with assignee)...
[2026-09-08T17:39:42-04:00] Checking for orphaned in-progress beads (status=in_progress without assignee)...
[2026-09-08T17:39:42-04:00] Checking for stale dependency blocks...
[2026-09-08T17:39:42-04:00] === Bead state consistency check completed ===
[2026-09-08T17:54:42-04:00] === Bead state consistency check started ===
[2026-09-08T17:54:42-04:00] Checking for assigned-but-open beads (status=open with assignee)...
[2026-09-08T17:54:42-04:00] Checking for orphaned in-progress beads (status=in_progress without assignee)...
[2026-09-08T17:54:42-04:00] Checking for stale dependency blocks...
[2026-09-08T17:54:42-04:00] === Bead state consistency check completed ===
[2026-09-08T18:09:43-04:00] === Bead state consistency check started ===
[2026-09-08T18:09:43-04:00] Checking for assigned-but-open beads (status=open with assignee)...
[2026-09-08T18:09:43-04:00] Checking for orphaned in-progress beads (status=in_progress without assignee)...
[2026-09-08T18:09:43-04:00] Checking for stale dependency blocks...
[2026-09-08T18:09:43-04:00] === Bead state consistency check completed ===
[2026-09-08T18:24:43-04:00] === Bead state consistency check started ===
[2026-09-08T18:24:43-04:00] Checking for assigned-but-open beads (status=open with assignee)...
[2026-09-08T18:24:43-04:00] Checking for orphaned in-progress beads (status=in_progress without assignee)...
[2026-09-08T18:24:43-04:00] Checking for stale dependency blocks...
[2026-09-08T18:24:43-04:00] === Bead state consistency check completed ===
[2026-09-08T18:39:43-04:00] === Bead state consistency check started ===
[2026-09-08T18:39:43-04:00] Checking for assigned-but-open beads (status=open with assignee)...
[2026-09-08T18:39:43-04:00] Checking for orphaned in-progress beads (status=in_progress without assignee)...
[2026-09-08T18:39:43-04:00] Checking for stale dependency blocks...
[2026-09-08T18:39:43-04:00] === Bead state consistency check completed ===
[2026-09-08T18:54:44-04:00] === Bead state consistency check started ===
[2026-09-08T18:54:44-04:00] Checking for assigned-but-open beads (status=open with assignee)...
[2026-09-08T18:54:44-04:00] Checking for orphaned in-progress beads (status=in_progress without assignee)...
[2026-09-08T18:54:44-04:00] Checking for stale dependency blocks...
[2026-09-08T18:54:44-04:00] === Bead state consistency check completed ===
[2026-09-08T19:09:44-04:00] === Bead state consistency check started ===
[2026-09-08T19:09:44-04:00] Checking for assigned-but-open beads (status=open with assignee)...
[2026-09-08T19:09:44-04:00] Checking for orphaned in-progress beads (status=in_progress without assignee)...
[2026-09-08T19:09:44-04:00] Checking for stale dependency blocks...
[2026-09-08T19:09:44-04:00] === Bead state consistency check completed ===
[2026-09-08T19:24:44-04:00] === Bead state consistency check started ===
[2026-09-08T19:24:44-04:00] Checking for assigned-but-open beads (status=open with assignee)...
[2026-09-08T19:24:44-04:00] Checking for orphaned in-progress beads (status=in_progress without assignee)...
[2026-09-08T19:24:44-04:00] Checking for stale dependency blocks...
[2026-09-08T19:24:44-04:00] === Bead state consistency check completed ===
[2026-09-08T19:39:45-04:00] === Bead state consistency check started ===
[2026-09-08T19:39:45-04:00] Checking for assigned-but-open beads (status=open with assignee)...
[2026-09-08T19:39:45-04:00] Checking for orphaned in-progress beads (status=in_progress without assignee)...
[2026-09-08T19:39:45-04:00] Checking for stale dependency blocks...
[2026-09-08T19:39:45-04:00] === Bead state consistency check completed ===
[2026-09-08T19:54:45-04:00] === Bead state consistency check started ===
[2026-09-08T19:54:45-04:00] Checking for assigned-but-open beads (status=open with assignee)...
[2026-09-08T19:54:45-04:00] Checking for orphaned in-progress beads (status=in_progress without assignee)...
[2026-09-08T19:54:45-04:00] Checking for stale dependency blocks...
[2026-09-08T19:54:45-04:00] === Bead state consistency check completed ===
[2026-09-08T20:09:46-04:00] === Bead state consistency check started ===
[2026-09-08T20:09:46-04:00] Checking for assigned-but-open beads (status=open with assignee)...
[2026-09-08T20:09:46-04:00] Checking for orphaned in-progress beads (status=in_progress without assignee)...
[2026-09-08T20:09:46-04:00] Checking for stale dependency blocks...
[2026-09-08T20:09:46-04:00] === Bead state consistency check completed ===
[2026-09-08T20:24:47-04:00] === Bead state consistency check started ===
[2026-09-08T20:24:47-04:00] Checking for assigned-but-open beads (status=open with assignee)...
[2026-09-08T20:24:47-04:00] Checking for orphaned in-progress beads (status=in_progress without assignee)...
[2026-09-08T20:24:47-04:00] Checking for stale dependency blocks...
[2026-09-08T20:24:47-04:00] === Bead state consistency check completed ===
[2026-09-08T20:39:47-04:00] === Bead state consistency check started ===
[2026-09-08T20:39:47-04:00] Checking for assigned-but-open beads (status=open with assignee)...
[2026-09-08T20:39:47-04:00] Checking for orphaned in-progress beads (status=in_progress without assignee)...
[2026-09-08T20:39:47-04:00] Checking for stale dependency blocks...
[2026-09-08T20:39:47-04:00] === Bead state consistency check completed ===
[2026-09-08T20:54:47-04:00] === Bead state consistency check started ===
[2026-09-08T20:54:47-04:00] Checking for assigned-but-open beads (status=open with assignee)...
[2026-09-08T20:54:47-04:00] Checking for orphaned in-progress beads (status=in_progress without assignee)...
[2026-09-08T20:54:47-04:00] Checking for stale dependency blocks...
[2026-09-08T20:54:47-04:00] === Bead state consistency check completed ===
[2026-09-08T21:09:47-04:00] === Bead state consistency check started ===
[2026-09-08T21:09:47-04:00] Checking for assigned-but-open beads (status=open with assignee)...
[2026-09-08T21:09:47-04:00] Checking for orphaned in-progress beads (status=in_progress without assignee)...
[2026-09-08T21:09:47-04:00] Checking for stale dependency blocks...
[2026-09-08T21:09:47-04:00] === Bead state consistency check completed ===
[2026-09-08T21:24:48-04:00] === Bead state consistency check started ===
[2026-09-08T21:24:48-04:00] Checking for assigned-but-open beads (status=open with assignee)...
[2026-09-08T21:24:48-04:00] Checking for orphaned in-progress beads (status=in_progress without assignee)...
[2026-09-08T21:24:48-04:00] Checking for stale dependency blocks...
[2026-09-08T21:24:48-04:00] === Bead state consistency check completed ===
[2026-09-08T21:39:48-04:00] === Bead state consistency check started ===
[2026-09-08T21:39:48-04:00] Checking for assigned-but-open beads (status=open with assignee)...
[2026-09-08T21:39:48-04:00] Checking for orphaned in-progress beads (status=in_progress without assignee)...
[2026-09-08T21:39:48-04:00] Checking for stale dependency blocks...
[2026-09-08T21:39:48-04:00] === Bead state consistency check completed ===
[2026-09-08T21:54:48-04:00] === Bead state consistency check started ===
[2026-09-08T21:54:48-04:00] Checking for assigned-but-open beads (status=open with assignee)...
[2026-09-08T21:54:48-04:00] Checking for orphaned in-progress beads (status=in_progress without assignee)...
[2026-09-08T21:54:48-04:00] Checking for stale dependency blocks...
[2026-09-08T21:54:48-04:00] === Bead state consistency check completed ===
[2026-09-08T22:09:49-04:00] === Bead state consistency check started ===
[2026-09-08T22:09:49-04:00] Checking for assigned-but-open beads (status=open with assignee)...
[2026-09-08T22:09:49-04:00] Checking for orphaned in-progress beads (status=in_progress without assignee)...
[2026-09-08T22:09:49-04:00] Checking for stale dependency blocks...
[2026-09-08T22:09:49-04:00] === Bead state consistency check completed ===
[2026-09-08T22:24:49-04:00] === Bead state consistency check started ===
[2026-09-08T22:24:49-04:00] Checking for assigned-but-open beads (status=open with assignee)...
[2026-09-08T22:24:49-04:00] Checking for orphaned in-progress beads (status=in_progress without assignee)...
[2026-09-08T22:24:49-04:00] Checking for stale dependency blocks...
[2026-09-08T22:24:49-04:00] === Bead state consistency check completed ===
[2026-09-08T22:39:50-04:00] === Bead state consistency check started ===
[2026-09-08T22:39:50-04:00] Checking for assigned-but-open beads (status=open with assignee)...
[2026-09-08T22:39:50-04:00] Checking for orphaned in-progress beads (status=in_progress without assignee)...
[2026-09-08T22:39:50-04:00] Checking for stale dependency blocks...
[2026-09-08T22:39:50-04:00] === Bead state consistency check completed ===
[2026-09-08T22:54:50-04:00] === Bead state consistency check started ===
[2026-09-08T22:54:50-04:00] Checking for assigned-but-open beads (status=open with assignee)...
[2026-09-08T22:54:50-04:00] Checking for orphaned in-progress beads (status=in_progress without assignee)...
[2026-09-08T22:54:50-04:00] Checking for stale dependency blocks...
[2026-09-08T22:54:50-04:00] === Bead state consistency check completed ===
[2026-09-08T23:09:51-04:00] === Bead state consistency check started ===
[2026-09-08T23:09:51-04:00] Checking for assigned-but-open beads (status=open with assignee)...
[2026-09-08T23:09:51-04:00] Checking for orphaned in-progress beads (status=in_progress without assignee)...
[2026-09-08T23:09:51-04:00] Checking for stale dependency blocks...
[2026-09-08T23:09:51-04:00] === Bead state consistency check completed ===
[2026-09-08T23:24:51-04:00] === Bead state consistency check started ===
[2026-09-08T23:24:51-04:00] Checking for assigned-but-open beads (status=open with assignee)...
[2026-09-08T23:24:51-04:00] Checking for orphaned in-progress beads (status=in_progress without assignee)...
[2026-09-08T23:24:51-04:00] Checking for stale dependency blocks...
[2026-09-08T23:24:51-04:00] === Bead state consistency check completed ===
[2026-09-08T23:39:52-04:00] === Bead state consistency check started ===
[2026-09-08T23:39:52-04:00] Checking for assigned-but-open beads (status=open with assignee)...
[2026-09-08T23:39:52-04:00] Checking for orphaned in-progress beads (status=in_progress without assignee)...
[2026-09-08T23:39:52-04:00] Checking for stale dependency blocks...
[2026-09-08T23:39:52-04:00] === Bead state consistency check completed ===
[2026-09-08T23:54:52-04:00] === Bead state consistency check started ===
[2026-09-08T23:54:52-04:00] Checking for assigned-but-open beads (status=open with assignee)...
[2026-09-08T23:54:52-04:00] Checking for orphaned in-progress beads (status=in_progress without assignee)...
[2026-09-08T23:54:52-04:00] Checking for stale dependency blocks...
[2026-09-08T23:54:52-04:00] === Bead state consistency check completed ===
[2026-09-09T00:09:53-04:00] === Bead state consistency check started ===
[2026-09-09T00:09:53-04:00] Checking for assigned-but-open beads (status=open with assignee)...
[2026-09-09T00:09:53-04:00] Checking for orphaned in-progress beads (status=in_progress without assignee)...
[2026-09-09T00:09:53-04:00] Checking for stale dependency blocks...
[2026-09-09T00:09:53-04:00] === Bead state consistency check completed ===
[2026-09-09T00:24:53-04:00] === Bead state consistency check started ===
[2026-09-09T00:24:53-04:00] Checking for assigned-but-open beads (status=open with assignee)...
[2026-09-09T00:24:53-04:00] Checking for orphaned in-progress beads (status=in_progress without assignee)...
[2026-09-09T00:24:53-04:00] Checking for stale dependency blocks...
[2026-09-09T00:24:53-04:00] === Bead state consistency check completed ===
[2026-09-09T00:39:53-04:00] === Bead state consistency check started ===
[2026-09-09T00:39:53-04:00] Checking for assigned-but-open beads (status=open with assignee)...
[2026-09-09T00:39:53-04:00] Checking for orphaned in-progress beads (status=in_progress without assignee)...
[2026-09-09T00:39:53-04:00] Checking for stale dependency blocks...
[2026-09-09T00:39:53-04:00] === Bead state consistency check completed ===
[2026-09-09T00:54:53-04:00] === Bead state consistency check started ===
[2026-09-09T00:54:53-04:00] Checking for assigned-but-open beads (status=open with assignee)...
[2026-09-09T00:54:53-04:00] Checking for orphaned in-progress beads (status=in_progress without assignee)...
[2026-09-09T00:54:53-04:00] Checking for stale dependency blocks...
[2026-09-09T00:54:53-04:00] === Bead state consistency check completed ===
[2026-09-09T01:09:53-04:00] === Bead state consistency check started ===
[2026-09-09T01:09:53-04:00] Checking for assigned-but-open beads (status=open with assignee)...
[2026-09-09T01:09:53-04:00] Checking for orphaned in-progress beads (status=in_progress without assignee)...
[2026-09-09T01:09:53-04:00] Checking for stale dependency blocks...
[2026-09-09T01:09:53-04:00] === Bead state consistency check completed ===
[2026-09-09T01:24:54-04:00] === Bead state consistency check started ===
[2026-09-09T01:24:54-04:00] Checking for assigned-but-open beads (status=open with assignee)...
[2026-09-09T01:24:54-04:00] Checking for orphaned in-progress beads (status=in_progress without assignee)...
[2026-09-09T01:24:54-04:00] Checking for stale dependency blocks...
[2026-09-09T01:24:54-04:00] === Bead state consistency check completed ===
[2026-09-09T01:39:54-04:00] === Bead state consistency check started ===
[2026-09-09T01:39:54-04:00] Checking for assigned-but-open beads (status=open with assignee)...
[2026-09-09T01:39:54-04:00] Checking for orphaned in-progress beads (status=in_progress without assignee)...
[2026-09-09T01:39:54-04:00] Checking for stale dependency blocks...
[2026-09-09T01:39:54-04:00] === Bead state consistency check completed ===
[2026-09-09T01:54:55-04:00] === Bead state consistency check started ===
[2026-09-09T01:54:55-04:00] Checking for assigned-but-open beads (status=open with assignee)...
[2026-09-09T01:54:55-04:00] Checking for orphaned in-progress beads (status=in_progress without assignee)...
[2026-09-09T01:54:55-04:00] Checking for stale dependency blocks...
[2026-09-09T01:54:55-04:00] === Bead state consistency check completed ===
[2026-09-09T02:09:55-04:00] === Bead state consistency check started ===
[2026-09-09T02:09:55-04:00] Checking for assigned-but-open beads (status=open with assignee)...
[2026-09-09T02:09:55-04:00] Checking for orphaned in-progress beads (status=in_progress without assignee)...
[2026-09-09T02:09:55-04:00] Checking for stale dependency blocks...
[2026-09-09T02:09:55-04:00] === Bead state consistency check completed ===
[2026-09-09T02:24:56-04:00] === Bead state consistency check started ===
[2026-09-09T02:24:56-04:00] Checking for assigned-but-open beads (status=open with assignee)...
[2026-09-09T02:24:56-04:00] Checking for orphaned in-progress beads (status=in_progress without assignee)...
[2026-09-09T02:24:56-04:00] Checking for stale dependency blocks...
[2026-09-09T02:24:56-04:00] === Bead state consistency check completed ===
[2026-09-09T02:39:56-04:00] === Bead state consistency check started ===
[2026-09-09T02:39:56-04:00] Checking for assigned-but-open beads (status=open with assignee)...
[2026-09-09T02:39:56-04:00] Checking for orphaned in-progress beads (status=in_progress without assignee)...
[2026-09-09T02:39:56-04:00] Checking for stale dependency blocks...
[2026-09-09T02:39:56-04:00] === Bead state consistency check completed ===
[2026-09-09T02:54:56-04:00] === Bead state consistency check started ===
[2026-09-09T02:54:56-04:00] Checking for assigned-but-open beads (status=open with assignee)...
[2026-09-09T02:54:56-04:00] Checking for orphaned in-progress beads (status=in_progress without assignee)...
[2026-09-09T02:54:56-04:00] Checking for stale dependency blocks...
[2026-09-09T02:54:56-04:00] === Bead state consistency check completed ===
[2026-09-09T03:09:57-04:00] === Bead state consistency check started ===
[2026-09-09T03:09:57-04:00] Checking for assigned-but-open beads (status=open with assignee)...
[2026-09-09T03:09:57-04:00] Checking for orphaned in-progress beads (status=in_progress without assignee)...
[2026-09-09T03:09:57-04:00] Checking for stale dependency blocks...
[2026-09-09T03:09:57-04:00] === Bead state consistency check completed ===
[2026-09-09T03:24:57-04:00] === Bead state consistency check started ===
[2026-09-09T03:24:57-04:00] Checking for assigned-but-open beads (status=open with assignee)...
[2026-09-09T03:24:57-04:00] Checking for orphaned in-progress beads (status=in_progress without assignee)...
[2026-09-09T03:24:57-04:00] Checking for stale dependency blocks...
[2026-09-09T03:24:57-04:00] === Bead state consistency check completed ===
[2026-09-09T03:39:57-04:00] === Bead state consistency check started ===
[2026-09-09T03:39:57-04:00] Checking for assigned-but-open beads (status=open with assignee)...
[2026-09-09T03:39:57-04:00] Checking for orphaned in-progress beads (status=in_progress without assignee)...
[2026-09-09T03:39:57-04:00] Checking for stale dependency blocks...
[2026-09-09T03:39:57-04:00] === Bead state consistency check completed ===
[2026-09-09T03:54:58-04:00] === Bead state consistency check started ===
[2026-09-09T03:54:58-04:00] Checking for assigned-but-open beads (status=open with assignee)...
[2026-09-09T03:54:58-04:00] Checking for orphaned in-progress beads (status=in_progress without assignee)...
[2026-09-09T03:54:58-04:00] Checking for stale dependency blocks...
[2026-09-09T03:54:58-04:00] === Bead state consistency check completed ===
[2026-09-09T04:09:58-04:00] === Bead state consistency check started ===
[2026-09-09T04:09:58-04:00] Checking for assigned-but-open beads (status=open with assignee)...
[2026-09-09T04:09:58-04:00] Checking for orphaned in-progress beads (status=in_progress without assignee)...
[2026-09-09T04:09:58-04:00] Checking for stale dependency blocks...
[2026-09-09T04:09:58-04:00] === Bead state consistency check completed ===
[2026-09-09T04:24:58-04:00] === Bead state consistency check started ===
[2026-09-09T04:24:58-04:00] Checking for assigned-but-open beads (status=open with assignee)...
[2026-09-09T04:24:58-04:00] Checking for orphaned in-progress beads (status=in_progress without assignee)...
[2026-09-09T04:24:58-04:00] Checking for stale dependency blocks...
[2026-09-09T04:24:58-04:00] === Bead state consistency check completed ===
[2026-09-09T04:39:59-04:00] === Bead state consistency check started ===
[2026-09-09T04:39:59-04:00] Checking for assigned-but-open beads (status=open with assignee)...
[2026-09-09T04:39:59-04:00] Checking for orphaned in-progress beads (status=in_progress without assignee)...
[2026-09-09T04:39:59-04:00] Checking for stale dependency blocks...
[2026-09-09T04:39:59-04:00] === Bead state consistency check completed ===
[2026-09-09T04:54:59-04:00] === Bead state consistency check started ===
[2026-09-09T04:54:59-04:00] Checking for assigned-but-open beads (status=open with assignee)...
[2026-09-09T04:54:59-04:00] Checking for orphaned in-progress beads (status=in_progress without assignee)...
[2026-09-09T04:54:59-04:00] Checking for stale dependency blocks...
[2026-09-09T04:54:59-04:00] === Bead state consistency check completed ===
[2026-09-09T05:09:59-04:00] === Bead state consistency check started ===
[2026-09-09T05:09:59-04:00] Checking for assigned-but-open beads (status=open with assignee)...
[2026-09-09T05:09:59-04:00] Checking for orphaned in-progress beads (status=in_progress without assignee)...
[2026-09-09T05:09:59-04:00] Checking for stale dependency blocks...
[2026-09-09T05:09:59-04:00] === Bead state consistency check completed ===
[2026-09-09T05:24:59-04:00] === Bead state consistency check started ===
[2026-09-09T05:24:59-04:00] Checking for assigned-but-open beads (status=open with assignee)...
[2026-09-09T05:24:59-04:00] Checking for orphaned in-progress beads (status=in_progress without assignee)...
[2026-09-09T05:24:59-04:00] Checking for stale dependency blocks...
[2026-09-09T05:24:59-04:00] === Bead state consistency check completed ===
[2026-09-09T05:40:00-04:00] === Bead state consistency check started ===
[2026-09-09T05:40:00-04:00] Checking for assigned-but-open beads (status=open with assignee)...
[2026-09-09T05:40:00-04:00] Checking for orphaned in-progress beads (status=in_progress without assignee)...
[2026-09-09T05:40:00-04:00] Checking for stale dependency blocks...
[2026-09-09T05:40:00-04:00] === Bead state consistency check completed ===
[2026-09-09T05:55:00-04:00] === Bead state consistency check started ===
[2026-09-09T05:55:00-04:00] Checking for assigned-but-open beads (status=open with assignee)...
[2026-09-09T05:55:00-04:00] Checking for orphaned in-progress beads (status=in_progress without assignee)...
[2026-09-09T05:55:00-04:00] Checking for stale dependency blocks...
[2026-09-09T05:55:00-04:00] === Bead state consistency check completed ===
[2026-09-09T06:10:00-04:00] === Bead state consistency check started ===
[2026-09-09T06:10:00-04:00] Checking for assigned-but-open beads (status=open with assignee)...
[2026-09-09T06:10:00-04:00] Checking for orphaned in-progress beads (status=in_progress without assignee)...
[2026-09-09T06:10:00-04:00] Checking for stale dependency blocks...
[2026-09-09T06:10:00-04:00] === Bead state consistency check completed ===
[2026-09-09T06:25:01-04:00] === Bead state consistency check started ===
[2026-09-09T06:25:01-04:00] Checking for assigned-but-open beads (status=open with assignee)...
[2026-09-09T06:25:01-04:00] Checking for orphaned in-progress beads (status=in_progress without assignee)...
[2026-09-09T06:25:01-04:00] Checking for stale dependency blocks...
[2026-09-09T06:25:01-04:00] === Bead state consistency check completed ===
[2026-09-09T06:40:01-04:00] === Bead state consistency check started ===
[2026-09-09T06:40:01-04:00] Checking for assigned-but-open beads (status=open with assignee)...
[2026-09-09T06:40:01-04:00] Checking for orphaned in-progress beads (status=in_progress without assignee)...
[2026-09-09T06:40:01-04:00] Checking for stale dependency blocks...
[2026-09-09T06:40:01-04:00] === Bead state consistency check completed ===
[2026-09-09T06:55:01-04:00] === Bead state consistency check started ===
[2026-09-09T06:55:01-04:00] Checking for assigned-but-open beads (status=open with assignee)...
[2026-09-09T06:55:01-04:00] Checking for orphaned in-progress beads (status=in_progress without assignee)...
[2026-09-09T06:55:01-04:00] Checking for stale dependency blocks...
[2026-09-09T06:55:01-04:00] === Bead state consistency check completed ===
[2026-09-09T07:10:02-04:00] === Bead state consistency check started ===
[2026-09-09T07:10:02-04:00] Checking for assigned-but-open beads (status=open with assignee)...
[2026-09-09T07:10:02-04:00] Checking for orphaned in-progress beads (status=in_progress without assignee)...
[2026-09-09T07:10:02-04:00] Checking for stale dependency blocks...
[2026-09-09T07:10:02-04:00] === Bead state consistency check completed ===
[2026-09-09T07:25:02-04:00] === Bead state consistency check started ===
[2026-09-09T07:25:02-04:00] Checking for assigned-but-open beads (status=open with assignee)...
[2026-09-09T07:25:02-04:00] Checking for orphaned in-progress beads (status=in_progress without assignee)...
[2026-09-09T07:25:02-04:00] Checking for stale dependency blocks...
[2026-09-09T07:25:02-04:00] === Bead state consistency check completed ===
[2026-09-09T07:40:03-04:00] === Bead state consistency check started ===
[2026-09-09T07:40:03-04:00] Checking for assigned-but-open beads (status=open with assignee)...
[2026-09-09T07:40:03-04:00] Checking for orphaned in-progress beads (status=in_progress without assignee)...
[2026-09-09T07:40:03-04:00] Checking for stale dependency blocks...
[2026-09-09T07:40:03-04:00] === Bead state consistency check completed ===
[2026-09-09T07:55:03-04:00] === Bead state consistency check started ===
[2026-09-09T07:55:03-04:00] Checking for assigned-but-open beads (status=open with assignee)...
[2026-09-09T07:55:03-04:00] Checking for orphaned in-progress beads (status=in_progress without assignee)...
[2026-09-09T07:55:03-04:00] Checking for stale dependency blocks...
[2026-09-09T07:55:03-04:00] === Bead state consistency check completed ===
[2026-09-09T08:10:03-04:00] === Bead state consistency check started ===
[2026-09-09T08:10:03-04:00] Checking for assigned-but-open beads (status=open with assignee)...
[2026-09-09T08:10:03-04:00] Checking for orphaned in-progress beads (status=in_progress without assignee)...
[2026-09-09T08:10:03-04:00] Checking for stale dependency blocks...
[2026-09-09T08:10:03-04:00] === Bead state consistency check completed ===
[2026-09-09T08:25:03-04:00] === Bead state consistency check started ===
[2026-09-09T08:25:03-04:00] Checking for assigned-but-open beads (status=open with assignee)...
[2026-09-09T08:25:03-04:00] Checking for orphaned in-progress beads (status=in_progress without assignee)...
[2026-09-09T08:25:03-04:00] Checking for stale dependency blocks...
[2026-09-09T08:25:03-04:00] === Bead state consistency check completed ===
[2026-09-09T08:40:04-04:00] === Bead state consistency check started ===
[2026-09-09T08:40:04-04:00] Checking for assigned-but-open beads (status=open with assignee)...
[2026-09-09T08:40:04-04:00] Checking for orphaned in-progress beads (status=in_progress without assignee)...
[2026-09-09T08:40:04-04:00] Checking for stale dependency blocks...
[2026-09-09T08:40:04-04:00] === Bead state consistency check completed ===
[2026-09-09T08:55:04-04:00] === Bead state consistency check started ===
[2026-09-09T08:55:04-04:00] Checking for assigned-but-open beads (status=open with assignee)...
[2026-09-09T08:55:04-04:00] Checking for orphaned in-progress beads (status=in_progress without assignee)...
[2026-09-09T08:55:04-04:00] Checking for stale dependency blocks...
[2026-09-09T08:55:04-04:00] === Bead state consistency check completed ===
[2026-09-09T09:10:04-04:00] === Bead state consistency check started ===
[2026-09-09T09:10:04-04:00] Checking for assigned-but-open beads (status=open with assignee)...
[2026-09-09T09:10:04-04:00] Checking for orphaned in-progress beads (status=in_progress without assignee)...
[2026-09-09T09:10:04-04:00] Checking for stale dependency blocks...
[2026-09-09T09:10:04-04:00] === Bead state consistency check completed ===
[2026-09-09T09:25:04-04:00] === Bead state consistency check started ===
[2026-09-09T09:25:04-04:00] Checking for assigned-but-open beads (status=open with assignee)...
[2026-09-09T09:25:04-04:00] Checking for orphaned in-progress beads (status=in_progress without assignee)...
[2026-09-09T09:25:04-04:00] Checking for stale dependency blocks...
[2026-09-09T09:25:04-04:00] === Bead state consistency check completed ===
[2026-09-09T09:40:05-04:00] === Bead state consistency check started ===
[2026-09-09T09:40:05-04:00] Checking for assigned-but-open beads (status=open with assignee)...
[2026-09-09T09:40:05-04:00] Checking for orphaned in-progress beads (status=in_progress without assignee)...
[2026-09-09T09:40:05-04:00] Checking for stale dependency blocks...
[2026-09-09T09:40:05-04:00] === Bead state consistency check completed ===
[2026-09-09T09:55:05-04:00] === Bead state consistency check started ===
[2026-09-09T09:55:05-04:00] Checking for assigned-but-open beads (status=open with assignee)...
[2026-09-09T09:55:05-04:00] Checking for orphaned in-progress beads (status=in_progress without assignee)...
[2026-09-09T09:55:05-04:00] Checking for stale dependency blocks...
[2026-09-09T09:55:05-04:00] === Bead state consistency check completed ===
[2026-09-09T10:10:05-04:00] === Bead state consistency check started ===
[2026-09-09T10:10:05-04:00] Checking for assigned-but-open beads (status=open with assignee)...
[2026-09-09T10:10:05-04:00] Checking for orphaned in-progress beads (status=in_progress without assignee)...
[2026-09-09T10:10:05-04:00] Checking for stale dependency blocks...
[2026-09-09T10:10:05-04:00] === Bead state consistency check completed ===
[2026-09-09T10:25:05-04:00] === Bead state consistency check started ===
[2026-09-09T10:25:05-04:00] Checking for assigned-but-open beads (status=open with assignee)...
[2026-09-09T10:25:05-04:00] Checking for orphaned in-progress beads (status=in_progress without assignee)...
[2026-09-09T10:25:05-04:00] Checking for stale dependency blocks...
[2026-09-09T10:25:05-04:00] === Bead state consistency check completed ===
[2026-09-09T10:40:06-04:00] === Bead state consistency check started ===
[2026-09-09T10:40:06-04:00] Checking for assigned-but-open beads (status=open with assignee)...
[2026-09-09T10:40:06-04:00] Checking for orphaned in-progress beads (status=in_progress without assignee)...
[2026-09-09T10:40:06-04:00] Checking for stale dependency blocks...
[2026-09-09T10:40:06-04:00] === Bead state consistency check completed ===
[2026-09-09T10:55:06-04:00] === Bead state consistency check started ===
[2026-09-09T10:55:06-04:00] Checking for assigned-but-open beads (status=open with assignee)...
[2026-09-09T10:55:06-04:00] Checking for orphaned in-progress beads (status=in_progress without assignee)...
[2026-09-09T10:55:06-04:00] Checking for stale dependency blocks...
[2026-09-09T10:55:06-04:00] === Bead state consistency check completed ===
[2026-09-09T11:10:07-04:00] === Bead state consistency check started ===
[2026-09-09T11:10:07-04:00] Checking for assigned-but-open beads (status=open with assignee)...
[2026-09-09T11:10:07-04:00] Checking for orphaned in-progress beads (status=in_progress without assignee)...
[2026-09-09T11:10:07-04:00] Checking for stale dependency blocks...
[2026-09-09T11:10:07-04:00] === Bead state consistency check completed ===
[2026-09-09T11:25:07-04:00] === Bead state consistency check started ===
[2026-09-09T11:25:07-04:00] Checking for assigned-but-open beads (status=open with assignee)...
[2026-09-09T11:25:07-04:00] Checking for orphaned in-progress beads (status=in_progress without assignee)...
[2026-09-09T11:25:07-04:00] Checking for stale dependency blocks...
[2026-09-09T11:25:07-04:00] === Bead state consistency check completed ===
[2026-09-09T11:40:07-04:00] === Bead state consistency check started ===
[2026-09-09T11:40:07-04:00] Checking for assigned-but-open beads (status=open with assignee)...
[2026-09-09T11:40:07-04:00] Checking for orphaned in-progress beads (status=in_progress without assignee)...
[2026-09-09T11:40:07-04:00] Checking for stale dependency blocks...
[2026-09-09T11:40:07-04:00] === Bead state consistency check completed ===
[2026-09-09T11:55:08-04:00] === Bead state consistency check started ===
[2026-09-09T11:55:08-04:00] Checking for assigned-but-open beads (status=open with assignee)...
[2026-09-09T11:55:08-04:00] Checking for orphaned in-progress beads (status=in_progress without assignee)...
[2026-09-09T11:55:08-04:00] Checking for stale dependency blocks...
[2026-09-09T11:55:08-04:00] === Bead state consistency check completed ===
[2026-09-09T12:10:08-04:00] === Bead state consistency check started ===
[2026-09-09T12:10:08-04:00] Checking for assigned-but-open beads (status=open with assignee)...
[2026-09-09T12:10:08-04:00] Checking for orphaned in-progress beads (status=in_progress without assignee)...
[2026-09-09T12:10:08-04:00] Checking for stale dependency blocks...
[2026-09-09T12:10:08-04:00] === Bead state consistency check completed ===
[2026-09-09T12:25:08-04:00] === Bead state consistency check started ===
[2026-09-09T12:25:08-04:00] Checking for assigned-but-open beads (status=open with assignee)...
[2026-09-09T12:25:08-04:00] Checking for orphaned in-progress beads (status=in_progress without assignee)...
[2026-09-09T12:25:08-04:00] Checking for stale dependency blocks...
[2026-09-09T12:25:08-04:00] === Bead state consistency check completed ===
[2026-09-09T12:40:09-04:00] === Bead state consistency check started ===
[2026-09-09T12:40:09-04:00] Checking for assigned-but-open beads (status=open with assignee)...
[2026-09-09T12:40:09-04:00] Checking for orphaned in-progress beads (status=in_progress without assignee)...
[2026-09-09T12:40:09-04:00] Checking for stale dependency blocks...
[2026-09-09T12:40:09-04:00] === Bead state consistency check completed ===
[2026-09-09T12:55:09-04:00] === Bead state consistency check started ===
[2026-09-09T12:55:09-04:00] Checking for assigned-but-open beads (status=open with assignee)...
[2026-09-09T12:55:09-04:00] Checking for orphaned in-progress beads (status=in_progress without assignee)...
[2026-09-09T12:55:09-04:00] Checking for stale dependency blocks...
[2026-09-09T12:55:09-04:00] === Bead state consistency check completed ===
[2026-09-09T13:10:09-04:00] === Bead state consistency check started ===
[2026-09-09T13:10:09-04:00] Checking for assigned-but-open beads (status=open with assignee)...
[2026-09-09T13:10:09-04:00] Checking for orphaned in-progress beads (status=in_progress without assignee)...
[2026-09-09T13:10:09-04:00] Checking for stale dependency blocks...
[2026-09-09T13:10:09-04:00] === Bead state consistency check completed ===
[2026-09-09T13:25:10-04:00] === Bead state consistency check started ===
[2026-09-09T13:25:10-04:00] Checking for assigned-but-open beads (status=open with assignee)...
[2026-09-09T13:25:10-04:00] Checking for orphaned in-progress beads (status=in_progress without assignee)...
[2026-09-09T13:25:10-04:00] Checking for stale dependency blocks...
[2026-09-09T13:25:10-04:00] === Bead state consistency check completed ===
[2026-09-09T13:40:10-04:00] === Bead state consistency check started ===
[2026-09-09T13:40:10-04:00] Checking for assigned-but-open beads (status=open with assignee)...
[2026-09-09T13:40:10-04:00] Checking for orphaned in-progress beads (status=in_progress without assignee)...
[2026-09-09T13:40:10-04:00] Checking for stale dependency blocks...
[2026-09-09T13:40:10-04:00] === Bead state consistency check completed ===
[2026-09-09T13:55:10-04:00] === Bead state consistency check started ===
[2026-09-09T13:55:10-04:00] Checking for assigned-but-open beads (status=open with assignee)...
[2026-09-09T13:55:10-04:00] Checking for orphaned in-progress beads (status=in_progress without assignee)...
[2026-09-09T13:55:10-04:00] Checking for stale dependency blocks...
[2026-09-09T13:55:10-04:00] === Bead state consistency check completed ===
[2026-09-09T14:10:10-04:00] === Bead state consistency check started ===
[2026-09-09T14:10:10-04:00] Checking for assigned-but-open beads (status=open with assignee)...
[2026-09-09T14:10:10-04:00] Checking for orphaned in-progress beads (status=in_progress without assignee)...
[2026-09-09T14:10:10-04:00] Checking for stale dependency blocks...
[2026-09-09T14:10:10-04:00] === Bead state consistency check completed ===
[2026-09-09T14:25:10-04:00] === Bead state consistency check started ===
[2026-09-09T14:25:10-04:00] Checking for assigned-but-open beads (status=open with assignee)...
[2026-09-09T14:25:10-04:00] Checking for orphaned in-progress beads (status=in_progress without assignee)...
[2026-09-09T14:25:10-04:00] Checking for stale dependency blocks...
[2026-09-09T14:25:10-04:00] === Bead state consistency check completed ===
[2026-09-09T14:40:11-04:00] === Bead state consistency check started ===
[2026-09-09T14:40:11-04:00] Checking for assigned-but-open beads (status=open with assignee)...
[2026-09-09T14:40:11-04:00] Checking for orphaned in-progress beads (status=in_progress without assignee)...
[2026-09-09T14:40:11-04:00] Checking for stale dependency blocks...
[2026-09-09T14:40:11-04:00] === Bead state consistency check completed ===
[2026-09-09T14:55:11-04:00] === Bead state consistency check started ===
[2026-09-09T14:55:11-04:00] Checking for assigned-but-open beads (status=open with assignee)...
[2026-09-09T14:55:11-04:00] Checking for orphaned in-progress beads (status=in_progress without assignee)...
[2026-09-09T14:55:11-04:00] Checking for stale dependency blocks...
[2026-09-09T14:55:11-04:00] === Bead state consistency check completed ===
[2026-09-09T15:10:11-04:00] === Bead state consistency check started ===
[2026-09-09T15:10:11-04:00] Checking for assigned-but-open beads (status=open with assignee)...
[2026-09-09T15:10:11-04:00] Checking for orphaned in-progress beads (status=in_progress without assignee)...
[2026-09-09T15:10:11-04:00] Checking for stale dependency blocks...
[2026-09-09T15:10:11-04:00] === Bead state consistency check completed ===
[2026-09-09T15:25:12-04:00] === Bead state consistency check started ===
[2026-09-09T15:25:12-04:00] Checking for assigned-but-open beads (status=open with assignee)...
[2026-09-09T15:25:12-04:00] Checking for orphaned in-progress beads (status=in_progress without assignee)...
[2026-09-09T15:25:12-04:00] Checking for stale dependency blocks...
[2026-09-09T15:25:12-04:00] === Bead state consistency check completed ===
[2026-09-09T15:40:12-04:00] === Bead state consistency check started ===
[2026-09-09T15:40:12-04:00] Checking for assigned-but-open beads (status=open with assignee)...
[2026-09-09T15:40:12-04:00] Checking for orphaned in-progress beads (status=in_progress without assignee)...
[2026-09-09T15:40:12-04:00] Checking for stale dependency blocks...
[2026-09-09T15:40:12-04:00] === Bead state consistency check completed ===
[2026-09-09T15:55:12-04:00] === Bead state consistency check started ===
[2026-09-09T15:55:12-04:00] Checking for assigned-but-open beads (status=open with assignee)...
[2026-09-09T15:55:12-04:00] Checking for orphaned in-progress beads (status=in_progress without assignee)...
[2026-09-09T15:55:12-04:00] Checking for stale dependency blocks...
[2026-09-09T15:55:12-04:00] === Bead state consistency check completed ===
[2026-09-09T16:10:13-04:00] === Bead state consistency check started ===
[2026-09-09T16:10:13-04:00] Checking for assigned-but-open beads (status=open with assignee)...
[2026-09-09T16:10:13-04:00] Checking for orphaned in-progress beads (status=in_progress without assignee)...
[2026-09-09T16:10:13-04:00] Checking for stale dependency blocks...
[2026-09-09T16:10:13-04:00] === Bead state consistency check completed ===
[2026-09-09T16:25:13-04:00] === Bead state consistency check started ===
[2026-09-09T16:25:13-04:00] Checking for assigned-but-open beads (status=open with assignee)...
[2026-09-09T16:25:13-04:00] Checking for orphaned in-progress beads (status=in_progress without assignee)...
[2026-09-09T16:25:13-04:00] Checking for stale dependency blocks...
[2026-09-09T16:25:13-04:00] === Bead state consistency check completed ===
[2026-09-09T16:40:13-04:00] === Bead state consistency check started ===
[2026-09-09T16:40:13-04:00] Checking for assigned-but-open beads (status=open with assignee)...
[2026-09-09T16:40:13-04:00] Checking for orphaned in-progress beads (status=in_progress without assignee)...
[2026-09-09T16:40:13-04:00] Checking for stale dependency blocks...
[2026-09-09T16:40:13-04:00] === Bead state consistency check completed ===
[2026-09-09T16:55:14-04:00] === Bead state consistency check started ===
[2026-09-09T16:55:14-04:00] Checking for assigned-but-open beads (status=open with assignee)...
[2026-09-09T16:55:14-04:00] Checking for orphaned in-progress beads (status=in_progress without assignee)...
[2026-09-09T16:55:14-04:00] Checking for stale dependency blocks...
[2026-09-09T16:55:14-04:00] === Bead state consistency check completed ===
[2026-09-09T17:10:14-04:00] === Bead state consistency check started ===
[2026-09-09T17:10:14-04:00] Checking for assigned-but-open beads (status=open with assignee)...
[2026-09-09T17:10:14-04:00] Checking for orphaned in-progress beads (status=in_progress without assignee)...
[2026-09-09T17:10:14-04:00] Checking for stale dependency blocks...
[2026-09-09T17:10:14-04:00] === Bead state consistency check completed ===
[2026-09-09T17:25:15-04:00] === Bead state consistency check started ===
[2026-09-09T17:25:15-04:00] Checking for assigned-but-open beads (status=open with assignee)...
[2026-09-09T17:25:15-04:00] Checking for orphaned in-progress beads (status=in_progress without assignee)...
[2026-09-09T17:25:15-04:00] Checking for stale dependency blocks...
[2026-09-09T17:25:15-04:00] === Bead state consistency check completed ===
[2026-09-09T17:40:15-04:00] === Bead state consistency check started ===
[2026-09-09T17:40:15-04:00] Checking for assigned-but-open beads (status=open with assignee)...
[2026-09-09T17:40:15-04:00] Checking for orphaned in-progress beads (status=in_progress without assignee)...
[2026-09-09T17:40:15-04:00] Checking for stale dependency blocks...
[2026-09-09T17:40:15-04:00] === Bead state consistency check completed ===
[2026-09-09T17:55:16-04:00] === Bead state consistency check started ===
[2026-09-09T17:55:16-04:00] Checking for assigned-but-open beads (status=open with assignee)...
[2026-09-09T17:55:16-04:00] Checking for orphaned in-progress beads (status=in_progress without assignee)...
[2026-09-09T17:55:16-04:00] Checking for stale dependency blocks...
[2026-09-09T17:55:16-04:00] === Bead state consistency check completed ===
[2026-09-09T18:10:17-04:00] === Bead state consistency check started ===
[2026-09-09T18:10:17-04:00] Checking for assigned-but-open beads (status=open with assignee)...
[2026-09-09T18:10:17-04:00] Checking for orphaned in-progress beads (status=in_progress without assignee)...
[2026-09-09T18:10:17-04:00] Checking for stale dependency blocks...
[2026-09-09T18:10:17-04:00] === Bead state consistency check completed ===
[2026-09-09T18:25:17-04:00] === Bead state consistency check started ===
[2026-09-09T18:25:17-04:00] Checking for assigned-but-open beads (status=open with assignee)...
[2026-09-09T18:25:17-04:00] Checking for orphaned in-progress beads (status=in_progress without assignee)...
[2026-09-09T18:25:17-04:00] Checking for stale dependency blocks...
[2026-09-09T18:25:17-04:00] === Bead state consistency check completed ===
[2026-09-09T18:40:18-04:00] === Bead state consistency check started ===
[2026-09-09T18:40:18-04:00] Checking for assigned-but-open beads (status=open with assignee)...
[2026-09-09T18:40:18-04:00] Checking for orphaned in-progress beads (status=in_progress without assignee)...
[2026-09-09T18:40:18-04:00] Checking for stale dependency blocks...
[2026-09-09T18:40:18-04:00] === Bead state consistency check completed ===
[2026-09-09T18:55:18-04:00] === Bead state consistency check started ===
[2026-09-09T18:55:18-04:00] Checking for assigned-but-open beads (status=open with assignee)...
[2026-09-09T18:55:18-04:00] Checking for orphaned in-progress beads (status=in_progress without assignee)...
[2026-09-09T18:55:18-04:00] Checking for stale dependency blocks...
[2026-09-09T18:55:18-04:00] === Bead state consistency check completed ===
[2026-09-09T19:10:18-04:00] === Bead state consistency check started ===
[2026-09-09T19:10:18-04:00] Checking for assigned-but-open beads (status=open with assignee)...
[2026-09-09T19:10:18-04:00] Checking for orphaned in-progress beads (status=in_progress without assignee)...
[2026-09-09T19:10:18-04:00] Checking for stale dependency blocks...
[2026-09-09T19:10:18-04:00] === Bead state consistency check completed ===
[2026-09-09T19:25:18-04:00] === Bead state consistency check started ===
[2026-09-09T19:25:18-04:00] Checking for assigned-but-open beads (status=open with assignee)...
[2026-09-09T19:25:18-04:00] Checking for orphaned in-progress beads (status=in_progress without assignee)...
[2026-09-09T19:25:18-04:00] Checking for stale dependency blocks...
[2026-09-09T19:25:18-04:00] === Bead state consistency check completed ===
[2026-09-09T19:40:19-04:00] === Bead state consistency check started ===
[2026-09-09T19:40:19-04:00] Checking for assigned-but-open beads (status=open with assignee)...
[2026-09-09T19:40:19-04:00] Checking for orphaned in-progress beads (status=in_progress without assignee)...
[2026-09-09T19:40:19-04:00] Checking for stale dependency blocks...
[2026-09-09T19:40:19-04:00] === Bead state consistency check completed ===
[2026-09-09T19:55:19-04:00] === Bead state consistency check started ===
[2026-09-09T19:55:19-04:00] Checking for assigned-but-open beads (status=open with assignee)...
[2026-09-09T19:55:19-04:00] Checking for orphaned in-progress beads (status=in_progress without assignee)...
[2026-09-09T19:55:19-04:00] Checking for stale dependency blocks...
[2026-09-09T19:55:19-04:00] === Bead state consistency check completed ===
[2026-09-09T20:10:20-04:00] === Bead state consistency check started ===
[2026-09-09T20:10:20-04:00] Checking for assigned-but-open beads (status=open with assignee)...
[2026-09-09T20:10:20-04:00] Checking for orphaned in-progress beads (status=in_progress without assignee)...
[2026-09-09T20:10:20-04:00] Checking for stale dependency blocks...
[2026-09-09T20:10:20-04:00] === Bead state consistency check completed ===
[2026-09-09T20:25:20-04:00] === Bead state consistency check started ===
[2026-09-09T20:25:20-04:00] Checking for assigned-but-open beads (status=open with assignee)...
[2026-09-09T20:25:20-04:00] Checking for orphaned in-progress beads (status=in_progress without assignee)...
[2026-09-09T20:25:20-04:00] Checking for stale dependency blocks...
[2026-09-09T20:25:20-04:00] === Bead state consistency check completed ===
[2026-09-09T20:40:20-04:00] === Bead state consistency check started ===
[2026-09-09T20:40:20-04:00] Checking for assigned-but-open beads (status=open with assignee)...
[2026-09-09T20:40:20-04:00] Checking for orphaned in-progress beads (status=in_progress without assignee)...
[2026-09-09T20:40:20-04:00] Checking for stale dependency blocks...
[2026-09-09T20:40:20-04:00] === Bead state consistency check completed ===
[2026-09-09T20:55:21-04:00] === Bead state consistency check started ===
[2026-09-09T20:55:21-04:00] Checking for assigned-but-open beads (status=open with assignee)...
[2026-09-09T20:55:21-04:00] Checking for orphaned in-progress beads (status=in_progress without assignee)...
[2026-09-09T20:55:21-04:00] Checking for stale dependency blocks...
[2026-09-09T20:55:21-04:00] === Bead state consistency check completed ===
[2026-09-09T21:10:21-04:00] === Bead state consistency check started ===
[2026-09-09T21:10:21-04:00] Checking for assigned-but-open beads (status=open with assignee)...
[2026-09-09T21:10:21-04:00] Checking for orphaned in-progress beads (status=in_progress without assignee)...
[2026-09-09T21:10:21-04:00] Checking for stale dependency blocks...
[2026-09-09T21:10:21-04:00] === Bead state consistency check completed ===
[2026-09-09T21:25:22-04:00] === Bead state consistency check started ===
[2026-09-09T21:25:22-04:00] Checking for assigned-but-open beads (status=open with assignee)...
[2026-09-09T21:25:22-04:00] Checking for orphaned in-progress beads (status=in_progress without assignee)...
[2026-09-09T21:25:22-04:00] Checking for stale dependency blocks...
[2026-09-09T21:25:22-04:00] === Bead state consistency check completed ===
[2026-09-09T21:40:22-04:00] === Bead state consistency check started ===
[2026-09-09T21:40:22-04:00] Checking for assigned-but-open beads (status=open with assignee)...
[2026-09-09T21:40:22-04:00] Checking for orphaned in-progress beads (status=in_progress without assignee)...
[2026-09-09T21:40:22-04:00] Checking for stale dependency blocks...
[2026-09-09T21:40:22-04:00] === Bead state consistency check completed ===
[2026-09-09T21:55:23-04:00] === Bead state consistency check started ===
[2026-09-09T21:55:23-04:00] Checking for assigned-but-open beads (status=open with assignee)...
[2026-09-09T21:55:23-04:00] Checking for orphaned in-progress beads (status=in_progress without assignee)...
[2026-09-09T21:55:23-04:00] Checking for stale dependency blocks...
[2026-09-09T21:55:23-04:00] === Bead state consistency check completed ===
[2026-09-09T22:10:24-04:00] === Bead state consistency check started ===
[2026-09-09T22:10:24-04:00] Checking for assigned-but-open beads (status=open with assignee)...
[2026-09-09T22:10:24-04:00] Checking for orphaned in-progress beads (status=in_progress without assignee)...
[2026-09-09T22:10:24-04:00] Checking for stale dependency blocks...
[2026-09-09T22:10:24-04:00] === Bead state consistency check completed ===
[2026-09-09T22:25:24-04:00] === Bead state consistency check started ===
[2026-09-09T22:25:24-04:00] Checking for assigned-but-open beads (status=open with assignee)...
[2026-09-09T22:25:24-04:00] Checking for orphaned in-progress beads (status=in_progress without assignee)...
[2026-09-09T22:25:24-04:00] Checking for stale dependency blocks...
[2026-09-09T22:25:24-04:00] === Bead state consistency check completed ===
[2026-09-09T22:40:25-04:00] === Bead state consistency check started ===
[2026-09-09T22:40:25-04:00] Checking for assigned-but-open beads (status=open with assignee)...
[2026-09-09T22:40:25-04:00] Checking for orphaned in-progress beads (status=in_progress without assignee)...
[2026-09-09T22:40:25-04:00] Checking for stale dependency blocks...
[2026-09-09T22:40:25-04:00] === Bead state consistency check completed ===
[2026-09-09T22:55:26-04:00] === Bead state consistency check started ===
[2026-09-09T22:55:26-04:00] Checking for assigned-but-open beads (status=open with assignee)...
[2026-09-09T22:55:26-04:00] Checking for orphaned in-progress beads (status=in_progress without assignee)...
[2026-09-09T22:55:26-04:00] Checking for stale dependency blocks...
[2026-09-09T22:55:26-04:00] === Bead state consistency check completed ===
[2026-09-09T23:10:27-04:00] === Bead state consistency check started ===
[2026-09-09T23:10:27-04:00] Checking for assigned-but-open beads (status=open with assignee)...
[2026-09-09T23:10:27-04:00] Checking for orphaned in-progress beads (status=in_progress without assignee)...
[2026-09-09T23:10:27-04:00] Checking for stale dependency blocks...
[2026-09-09T23:10:27-04:00] === Bead state consistency check completed ===
[2026-09-09T23:25:27-04:00] === Bead state consistency check started ===
[2026-09-09T23:25:27-04:00] Checking for assigned-but-open beads (status=open with assignee)...
[2026-09-09T23:25:27-04:00] Checking for orphaned in-progress beads (status=in_progress without assignee)...
[2026-09-09T23:25:27-04:00] Checking for stale dependency blocks...
[2026-09-09T23:25:27-04:00] === Bead state consistency check completed ===
[2026-09-09T23:40:28-04:00] === Bead state consistency check started ===
[2026-09-09T23:40:28-04:00] Checking for assigned-but-open beads (status=open with assignee)...
[2026-09-09T23:40:28-04:00] Checking for orphaned in-progress beads (status=in_progress without assignee)...
[2026-09-09T23:40:28-04:00] Checking for stale dependency blocks...
[2026-09-09T23:40:28-04:00] === Bead state consistency check completed ===
[2026-09-09T23:55:29-04:00] === Bead state consistency check started ===
[2026-09-09T23:55:29-04:00] Checking for assigned-but-open beads (status=open with assignee)...
[2026-09-09T23:55:29-04:00] Checking for orphaned in-progress beads (status=in_progress without assignee)...
[2026-09-09T23:55:29-04:00] Checking for stale dependency blocks...
[2026-09-09T23:55:29-04:00] === Bead state consistency check completed ===
[2026-09-10T00:10:30-04:00] === Bead state consistency check started ===
[2026-09-10T00:10:30-04:00] Checking for assigned-but-open beads (status=open with assignee)...
[2026-09-10T00:10:30-04:00] Checking for orphaned in-progress beads (status=in_progress without assignee)...
[2026-09-10T00:10:30-04:00] Checking for stale dependency blocks...
[2026-09-10T00:10:30-04:00] === Bead state consistency check completed ===
[2026-09-10T00:25:31-04:00] === Bead state consistency check started ===
[2026-09-10T00:25:31-04:00] Checking for assigned-but-open beads (status=open with assignee)...
[2026-09-10T00:25:31-04:00] Checking for orphaned in-progress beads (status=in_progress without assignee)...
[2026-09-10T00:25:31-04:00] Checking for stale dependency blocks...
[2026-09-10T00:25:31-04:00] === Bead state consistency check completed ===
[2026-09-10T00:40:32-04:00] === Bead state consistency check started ===
[2026-09-10T00:40:32-04:00] Checking for assigned-but-open beads (status=open with assignee)...
[2026-09-10T00:40:32-04:00] Checking for orphaned in-progress beads (status=in_progress without assignee)...
[2026-09-10T00:40:32-04:00] Checking for stale dependency blocks...
[2026-09-10T00:40:32-04:00] === Bead state consistency check completed ===
[2026-09-10T00:55:33-04:00] === Bead state consistency check started ===
[2026-09-10T00:55:33-04:00] Checking for assigned-but-open beads (status=open with assignee)...
[2026-09-10T00:55:33-04:00] Checking for orphaned in-progress beads (status=in_progress without assignee)...
[2026-09-10T00:55:33-04:00] Checking for stale dependency blocks...
[2026-09-10T00:55:33-04:00] === Bead state consistency check completed ===
[2026-09-10T01:10:33-04:00] === Bead state consistency check started ===
[2026-09-10T01:10:33-04:00] Checking for assigned-but-open beads (status=open with assignee)...
[2026-09-10T01:10:33-04:00] Checking for orphaned in-progress beads (status=in_progress without assignee)...
[2026-09-10T01:10:33-04:00] Checking for stale dependency blocks...
[2026-09-10T01:10:33-04:00] === Bead state consistency check completed ===
[2026-09-10T01:25:34-04:00] === Bead state consistency check started ===
[2026-09-10T01:25:34-04:00] Checking for assigned-but-open beads (status=open with assignee)...
[2026-09-10T01:25:34-04:00] Checking for orphaned in-progress beads (status=in_progress without assignee)...
[2026-09-10T01:25:34-04:00] Checking for stale dependency blocks...
[2026-09-10T01:25:34-04:00] === Bead state consistency check completed ===
[2026-09-10T01:40:35-04:00] === Bead state consistency check started ===
[2026-09-10T01:40:35-04:00] Checking for assigned-but-open beads (status=open with assignee)...
[2026-09-10T01:40:35-04:00] Checking for orphaned in-progress beads (status=in_progress without assignee)...
[2026-09-10T01:40:35-04:00] Checking for stale dependency blocks...
[2026-09-10T01:40:35-04:00] === Bead state consistency check completed ===
[2026-09-10T01:55:36-04:00] === Bead state consistency check started ===
[2026-09-10T01:55:36-04:00] Checking for assigned-but-open beads (status=open with assignee)...
[2026-09-10T01:55:36-04:00] Checking for orphaned in-progress beads (status=in_progress without assignee)...
[2026-09-10T01:55:36-04:00] Checking for stale dependency blocks...
[2026-09-10T01:55:36-04:00] === Bead state consistency check completed ===
[2026-09-10T02:10:36-04:00] === Bead state consistency check started ===
[2026-09-10T02:10:36-04:00] Checking for assigned-but-open beads (status=open with assignee)...
[2026-09-10T02:10:36-04:00] Checking for orphaned in-progress beads (status=in_progress without assignee)...
[2026-09-10T02:10:36-04:00] Checking for stale dependency blocks...
[2026-09-10T02:10:36-04:00] === Bead state consistency check completed ===
[2026-09-10T02:25:37-04:00] === Bead state consistency check started ===
[2026-09-10T02:25:37-04:00] Checking for assigned-but-open beads (status=open with assignee)...
[2026-09-10T02:25:37-04:00] Checking for orphaned in-progress beads (status=in_progress without assignee)...
[2026-09-10T02:25:37-04:00] Checking for stale dependency blocks...
[2026-09-10T02:25:37-04:00] === Bead state consistency check completed ===
[2026-09-10T02:40:37-04:00] === Bead state consistency check started ===
[2026-09-10T02:40:37-04:00] Checking for assigned-but-open beads (status=open with assignee)...
[2026-09-10T02:40:37-04:00] Checking for orphaned in-progress beads (status=in_progress without assignee)...
[2026-09-10T02:40:37-04:00] Checking for stale dependency blocks...
[2026-09-10T02:40:37-04:00] === Bead state consistency check completed ===
[2026-09-10T02:55:38-04:00] === Bead state consistency check started ===
[2026-09-10T02:55:38-04:00] Checking for assigned-but-open beads (status=open with assignee)...
[2026-09-10T02:55:38-04:00] Checking for orphaned in-progress beads (status=in_progress without assignee)...
[2026-09-10T02:55:38-04:00] Checking for stale dependency blocks...
[2026-09-10T02:55:38-04:00] === Bead state consistency check completed ===
[2026-09-10T03:10:39-04:00] === Bead state consistency check started ===
[2026-09-10T03:10:39-04:00] Checking for assigned-but-open beads (status=open with assignee)...
[2026-09-10T03:10:39-04:00] Checking for orphaned in-progress beads (status=in_progress without assignee)...
[2026-09-10T03:10:39-04:00] Checking for stale dependency blocks...
[2026-09-10T03:10:39-04:00] === Bead state consistency check completed ===
[2026-09-10T03:25:39-04:00] === Bead state consistency check started ===
[2026-09-10T03:25:39-04:00] Checking for assigned-but-open beads (status=open with assignee)...
[2026-09-10T03:25:39-04:00] Checking for orphaned in-progress beads (status=in_progress without assignee)...
[2026-09-10T03:25:39-04:00] Checking for stale dependency blocks...
[2026-09-10T03:25:39-04:00] === Bead state consistency check completed ===
[2026-09-10T03:40:40-04:00] === Bead state consistency check started ===
[2026-09-10T03:40:40-04:00] Checking for assigned-but-open beads (status=open with assignee)...
[2026-09-10T03:40:40-04:00] Checking for orphaned in-progress beads (status=in_progress without assignee)...
[2026-09-10T03:40:40-04:00] Checking for stale dependency blocks...
[2026-09-10T03:40:40-04:00] === Bead state consistency check completed ===
[2026-09-10T03:55:40-04:00] === Bead state consistency check started ===
[2026-09-10T03:55:40-04:00] Checking for assigned-but-open beads (status=open with assignee)...
[2026-09-10T03:55:40-04:00] Checking for orphaned in-progress beads (status=in_progress without assignee)...
[2026-09-10T03:55:40-04:00] Checking for stale dependency blocks...
[2026-09-10T03:55:40-04:00] === Bead state consistency check completed ===
[2026-09-10T04:10:41-04:00] === Bead state consistency check started ===
[2026-09-10T04:10:41-04:00] Checking for assigned-but-open beads (status=open with assignee)...
[2026-09-10T04:10:41-04:00] Checking for orphaned in-progress beads (status=in_progress without assignee)...
[2026-09-10T04:10:41-04:00] Checking for stale dependency blocks...
[2026-09-10T04:10:41-04:00] === Bead state consistency check completed ===
[2026-09-10T04:25:41-04:00] === Bead state consistency check started ===
[2026-09-10T04:25:41-04:00] Checking for assigned-but-open beads (status=open with assignee)...
[2026-09-10T04:25:41-04:00] Checking for orphaned in-progress beads (status=in_progress without assignee)...
[2026-09-10T04:25:41-04:00] Checking for stale dependency blocks...
[2026-09-10T04:25:41-04:00] === Bead state consistency check completed ===
[2026-09-10T04:40:41-04:00] === Bead state consistency check started ===
[2026-09-10T04:40:41-04:00] Checking for assigned-but-open beads (status=open with assignee)...
[2026-09-10T04:40:41-04:00] Checking for orphaned in-progress beads (status=in_progress without assignee)...
[2026-09-10T04:40:41-04:00] Checking for stale dependency blocks...
[2026-09-10T04:40:41-04:00] === Bead state consistency check completed ===
[2026-09-10T04:55:41-04:00] === Bead state consistency check started ===
[2026-09-10T04:55:41-04:00] Checking for assigned-but-open beads (status=open with assignee)...
[2026-09-10T04:55:41-04:00] Checking for orphaned in-progress beads (status=in_progress without assignee)...
[2026-09-10T04:55:41-04:00] Checking for stale dependency blocks...
[2026-09-10T04:55:41-04:00] === Bead state consistency check completed ===
[2026-09-10T05:10:42-04:00] === Bead state consistency check started ===
[2026-09-10T05:10:42-04:00] Checking for assigned-but-open beads (status=open with assignee)...
[2026-09-10T05:10:42-04:00] Checking for orphaned in-progress beads (status=in_progress without assignee)...
[2026-09-10T05:10:42-04:00] Checking for stale dependency blocks...
[2026-09-10T05:10:42-04:00] === Bead state consistency check completed ===
[2026-09-10T05:25:42-04:00] === Bead state consistency check started ===
[2026-09-10T05:25:42-04:00] Checking for assigned-but-open beads (status=open with assignee)...
[2026-09-10T05:25:42-04:00] Checking for orphaned in-progress beads (status=in_progress without assignee)...
[2026-09-10T05:25:42-04:00] Checking for stale dependency blocks...
[2026-09-10T05:25:42-04:00] === Bead state consistency check completed ===
[2026-09-10T05:40:42-04:00] === Bead state consistency check started ===
[2026-09-10T05:40:42-04:00] Checking for assigned-but-open beads (status=open with assignee)...
[2026-09-10T05:40:42-04:00] Checking for orphaned in-progress beads (status=in_progress without assignee)...
[2026-09-10T05:40:42-04:00] Checking for stale dependency blocks...
[2026-09-10T05:40:42-04:00] === Bead state consistency check completed ===
[2026-09-10T05:55:43-04:00] === Bead state consistency check started ===
[2026-09-10T05:55:43-04:00] Checking for assigned-but-open beads (status=open with assignee)...
[2026-09-10T05:55:43-04:00] Checking for orphaned in-progress beads (status=in_progress without assignee)...
[2026-09-10T05:55:43-04:00] Checking for stale dependency blocks...
[2026-09-10T05:55:43-04:00] === Bead state consistency check completed ===
[2026-09-10T06:10:43-04:00] === Bead state consistency check started ===
[2026-09-10T06:10:43-04:00] Checking for assigned-but-open beads (status=open with assignee)...
[2026-09-10T06:10:43-04:00] Checking for orphaned in-progress beads (status=in_progress without assignee)...
[2026-09-10T06:10:43-04:00] Checking for stale dependency blocks...
[2026-09-10T06:10:43-04:00] === Bead state consistency check completed ===
[2026-09-10T06:25:43-04:00] === Bead state consistency check started ===
[2026-09-10T06:25:43-04:00] Checking for assigned-but-open beads (status=open with assignee)...
[2026-09-10T06:25:43-04:00] Checking for orphaned in-progress beads (status=in_progress without assignee)...
[2026-09-10T06:25:43-04:00] Checking for stale dependency blocks...
[2026-09-10T06:25:43-04:00] === Bead state consistency check completed ===
[2026-09-10T06:40:44-04:00] === Bead state consistency check started ===
[2026-09-10T06:40:44-04:00] Checking for assigned-but-open beads (status=open with assignee)...
[2026-09-10T06:40:44-04:00] Checking for orphaned in-progress beads (status=in_progress without assignee)...
[2026-09-10T06:40:44-04:00] Checking for stale dependency blocks...
[2026-09-10T06:40:44-04:00] === Bead state consistency check completed ===
[2026-09-10T06:55:44-04:00] === Bead state consistency check started ===
[2026-09-10T06:55:44-04:00] Checking for assigned-but-open beads (status=open with assignee)...
[2026-09-10T06:55:44-04:00] Checking for orphaned in-progress beads (status=in_progress without assignee)...
[2026-09-10T06:55:44-04:00] Checking for stale dependency blocks...
[2026-09-10T06:55:44-04:00] === Bead state consistency check completed ===
[2026-09-10T07:10:45-04:00] === Bead state consistency check started ===
[2026-09-10T07:10:45-04:00] Checking for assigned-but-open beads (status=open with assignee)...
[2026-09-10T07:10:45-04:00] Checking for orphaned in-progress beads (status=in_progress without assignee)...
[2026-09-10T07:10:45-04:00] Checking for stale dependency blocks...
[2026-09-10T07:10:45-04:00] === Bead state consistency check completed ===
[2026-09-10T07:25:45-04:00] === Bead state consistency check started ===
[2026-09-10T07:25:45-04:00] Checking for assigned-but-open beads (status=open with assignee)...
[2026-09-10T07:25:45-04:00] Checking for orphaned in-progress beads (status=in_progress without assignee)...
[2026-09-10T07:25:45-04:00] Checking for stale dependency blocks...
[2026-09-10T07:25:45-04:00] === Bead state consistency check completed ===
[2026-09-10T07:40:45-04:00] === Bead state consistency check started ===
[2026-09-10T07:40:45-04:00] Checking for assigned-but-open beads (status=open with assignee)...
[2026-09-10T07:40:45-04:00] Checking for orphaned in-progress beads (status=in_progress without assignee)...
[2026-09-10T07:40:45-04:00] Checking for stale dependency blocks...
[2026-09-10T07:40:45-04:00] === Bead state consistency check completed ===
[2026-09-10T07:55:46-04:00] === Bead state consistency check started ===
[2026-09-10T07:55:46-04:00] Checking for assigned-but-open beads (status=open with assignee)...
[2026-09-10T07:55:46-04:00] Checking for orphaned in-progress beads (status=in_progress without assignee)...
[2026-09-10T07:55:46-04:00] Checking for stale dependency blocks...
[2026-09-10T07:55:46-04:00] === Bead state consistency check completed ===
[2026-09-10T08:10:46-04:00] === Bead state consistency check started ===
[2026-09-10T08:10:46-04:00] Checking for assigned-but-open beads (status=open with assignee)...
[2026-09-10T08:10:46-04:00] Checking for orphaned in-progress beads (status=in_progress without assignee)...
[2026-09-10T08:10:46-04:00] Checking for stale dependency blocks...
[2026-09-10T08:10:46-04:00] === Bead state consistency check completed ===
[2026-09-10T08:25:46-04:00] === Bead state consistency check started ===
[2026-09-10T08:25:46-04:00] Checking for assigned-but-open beads (status=open with assignee)...
[2026-09-10T08:25:46-04:00] Checking for orphaned in-progress beads (status=in_progress without assignee)...
[2026-09-10T08:25:46-04:00] Checking for stale dependency blocks...
[2026-09-10T08:25:46-04:00] === Bead state consistency check completed ===
[2026-09-10T08:40:47-04:00] === Bead state consistency check started ===
[2026-09-10T08:40:47-04:00] Checking for assigned-but-open beads (status=open with assignee)...
[2026-09-10T08:40:47-04:00] Checking for orphaned in-progress beads (status=in_progress without assignee)...
[2026-09-10T08:40:47-04:00] Checking for stale dependency blocks...
[2026-09-10T08:40:47-04:00] === Bead state consistency check completed ===
[2026-09-10T08:55:47-04:00] === Bead state consistency check started ===
[2026-09-10T08:55:47-04:00] Checking for assigned-but-open beads (status=open with assignee)...
[2026-09-10T08:55:47-04:00] Checking for orphaned in-progress beads (status=in_progress without assignee)...
[2026-09-10T08:55:47-04:00] Checking for stale dependency blocks...
[2026-09-10T08:55:47-04:00] === Bead state consistency check completed ===
[2026-09-10T09:10:47-04:00] === Bead state consistency check started ===
[2026-09-10T09:10:47-04:00] Checking for assigned-but-open beads (status=open with assignee)...
[2026-09-10T09:10:47-04:00] Checking for orphaned in-progress beads (status=in_progress without assignee)...
[2026-09-10T09:10:47-04:00] Checking for stale dependency blocks...
[2026-09-10T09:10:47-04:00] === Bead state consistency check completed ===
[2026-09-10T09:25:48-04:00] === Bead state consistency check started ===
[2026-09-10T09:25:48-04:00] Checking for assigned-but-open beads (status=open with assignee)...
[2026-09-10T09:25:48-04:00] Checking for orphaned in-progress beads (status=in_progress without assignee)...
[2026-09-10T09:25:48-04:00] Checking for stale dependency blocks...
[2026-09-10T09:25:48-04:00] === Bead state consistency check completed ===
[2026-09-10T09:40:48-04:00] === Bead state consistency check started ===
[2026-09-10T09:40:48-04:00] Checking for assigned-but-open beads (status=open with assignee)...
[2026-09-10T09:40:48-04:00] Checking for orphaned in-progress beads (status=in_progress without assignee)...
[2026-09-10T09:40:48-04:00] Checking for stale dependency blocks...
[2026-09-10T09:40:48-04:00] === Bead state consistency check completed ===
[2026-09-10T09:55:49-04:00] === Bead state consistency check started ===
[2026-09-10T09:55:49-04:00] Checking for assigned-but-open beads (status=open with assignee)...
[2026-09-10T09:55:49-04:00] Checking for orphaned in-progress beads (status=in_progress without assignee)...
[2026-09-10T09:55:49-04:00] Checking for stale dependency blocks...
[2026-09-10T09:55:49-04:00] === Bead state consistency check completed ===
[2026-09-10T10:10:49-04:00] === Bead state consistency check started ===
[2026-09-10T10:10:49-04:00] Checking for assigned-but-open beads (status=open with assignee)...
[2026-09-10T10:10:49-04:00] Checking for orphaned in-progress beads (status=in_progress without assignee)...
[2026-09-10T10:10:49-04:00] Checking for stale dependency blocks...
[2026-09-10T10:10:49-04:00] === Bead state consistency check completed ===
[2026-09-10T10:25:50-04:00] === Bead state consistency check started ===
[2026-09-10T10:25:50-04:00] Checking for assigned-but-open beads (status=open with assignee)...
[2026-09-10T10:25:50-04:00] Checking for orphaned in-progress beads (status=in_progress without assignee)...
[2026-09-10T10:25:50-04:00] Checking for stale dependency blocks...
[2026-09-10T10:25:50-04:00] === Bead state consistency check completed ===
[2026-09-10T10:40:51-04:00] === Bead state consistency check started ===
[2026-09-10T10:40:51-04:00] Checking for assigned-but-open beads (status=open with assignee)...
[2026-09-10T10:40:51-04:00] Checking for orphaned in-progress beads (status=in_progress without assignee)...
[2026-09-10T10:40:51-04:00] Checking for stale dependency blocks...
[2026-09-10T10:40:51-04:00] === Bead state consistency check completed ===
[2026-09-10T10:55:51-04:00] === Bead state consistency check started ===
[2026-09-10T10:55:51-04:00] Checking for assigned-but-open beads (status=open with assignee)...
[2026-09-10T10:55:51-04:00] Checking for orphaned in-progress beads (status=in_progress without assignee)...
[2026-09-10T10:55:51-04:00] Checking for stale dependency blocks...
[2026-09-10T10:55:51-04:00] === Bead state consistency check completed ===
[2026-09-10T11:10:52-04:00] === Bead state consistency check started ===
[2026-09-10T11:10:52-04:00] Checking for assigned-but-open beads (status=open with assignee)...
[2026-09-10T11:10:52-04:00] Checking for orphaned in-progress beads (status=in_progress without assignee)...
[2026-09-10T11:10:52-04:00] Checking for stale dependency blocks...
[2026-09-10T11:10:52-04:00] === Bead state consistency check completed ===
[2026-09-10T11:25:52-04:00] === Bead state consistency check started ===
[2026-09-10T11:25:52-04:00] Checking for assigned-but-open beads (status=open with assignee)...
[2026-09-10T11:25:52-04:00] Checking for orphaned in-progress beads (status=in_progress without assignee)...
[2026-09-10T11:25:52-04:00] Checking for stale dependency blocks...
[2026-09-10T11:25:52-04:00] === Bead state consistency check completed ===
[2026-09-10T11:40:52-04:00] === Bead state consistency check started ===
[2026-09-10T11:40:52-04:00] Checking for assigned-but-open beads (status=open with assignee)...
[2026-09-10T11:40:52-04:00] Checking for orphaned in-progress beads (status=in_progress without assignee)...
[2026-09-10T11:40:52-04:00] Checking for stale dependency blocks...
[2026-09-10T11:40:52-04:00] === Bead state consistency check completed ===
[2026-09-10T11:55:53-04:00] === Bead state consistency check started ===
[2026-09-10T11:55:53-04:00] Checking for assigned-but-open beads (status=open with assignee)...
[2026-09-10T11:55:53-04:00] Checking for orphaned in-progress beads (status=in_progress without assignee)...
[2026-09-10T11:55:53-04:00] Checking for stale dependency blocks...
[2026-09-10T11:55:53-04:00] === Bead state consistency check completed ===
[2026-09-10T12:10:53-04:00] === Bead state consistency check started ===
[2026-09-10T12:10:53-04:00] Checking for assigned-but-open beads (status=open with assignee)...
[2026-09-10T12:10:53-04:00] Checking for orphaned in-progress beads (status=in_progress without assignee)...
[2026-09-10T12:10:53-04:00] Checking for stale dependency blocks...
[2026-09-10T12:10:53-04:00] === Bead state consistency check completed ===
[2026-09-10T12:25:53-04:00] === Bead state consistency check started ===
[2026-09-10T12:25:53-04:00] Checking for assigned-but-open beads (status=open with assignee)...
[2026-09-10T12:25:53-04:00] Checking for orphaned in-progress beads (status=in_progress without assignee)...
[2026-09-10T12:25:53-04:00] Checking for stale dependency blocks...
[2026-09-10T12:25:53-04:00] === Bead state consistency check completed ===
[2026-09-10T12:40:54-04:00] === Bead state consistency check started ===
[2026-09-10T12:40:54-04:00] Checking for assigned-but-open beads (status=open with assignee)...
[2026-09-10T12:40:54-04:00] Checking for orphaned in-progress beads (status=in_progress without assignee)...
[2026-09-10T12:40:54-04:00] Checking for stale dependency blocks...
[2026-09-10T12:40:54-04:00] === Bead state consistency check completed ===
[2026-09-10T12:55:54-04:00] === Bead state consistency check started ===
[2026-09-10T12:55:54-04:00] Checking for assigned-but-open beads (status=open with assignee)...
[2026-09-10T12:55:54-04:00] Checking for orphaned in-progress beads (status=in_progress without assignee)...
[2026-09-10T12:55:54-04:00] Checking for stale dependency blocks...
[2026-09-10T12:55:54-04:00] === Bead state consistency check completed ===
[2026-09-10T13:10:54-04:00] === Bead state consistency check started ===
[2026-09-10T13:10:54-04:00] Checking for assigned-but-open beads (status=open with assignee)...
[2026-09-10T13:10:54-04:00] Checking for orphaned in-progress beads (status=in_progress without assignee)...
[2026-09-10T13:10:54-04:00] Checking for stale dependency blocks...
[2026-09-10T13:10:54-04:00] === Bead state consistency check completed ===
[2026-09-10T13:25:54-04:00] === Bead state consistency check started ===
[2026-09-10T13:25:54-04:00] Checking for assigned-but-open beads (status=open with assignee)...
[2026-09-10T13:25:54-04:00] Checking for orphaned in-progress beads (status=in_progress without assignee)...
[2026-09-10T13:25:54-04:00] Checking for stale dependency blocks...
[2026-09-10T13:25:54-04:00] === Bead state consistency check completed ===
[2026-09-10T13:40:55-04:00] === Bead state consistency check started ===
[2026-09-10T13:40:55-04:00] Checking for assigned-but-open beads (status=open with assignee)...
[2026-09-10T13:40:55-04:00] Checking for orphaned in-progress beads (status=in_progress without assignee)...
[2026-09-10T13:40:55-04:00] Checking for stale dependency blocks...
[2026-09-10T13:40:55-04:00] === Bead state consistency check completed ===
[2026-09-10T13:55:56-04:00] === Bead state consistency check started ===
[2026-09-10T13:55:56-04:00] Checking for assigned-but-open beads (status=open with assignee)...
[2026-09-10T13:55:56-04:00] Checking for orphaned in-progress beads (status=in_progress without assignee)...
[2026-09-10T13:55:56-04:00] Checking for stale dependency blocks...
[2026-09-10T13:55:56-04:00] === Bead state consistency check completed ===
[2026-09-10T14:10:56-04:00] === Bead state consistency check started ===
[2026-09-10T14:10:56-04:00] Checking for assigned-but-open beads (status=open with assignee)...
[2026-09-10T14:10:56-04:00] Checking for orphaned in-progress beads (status=in_progress without assignee)...
[2026-09-10T14:10:56-04:00] Checking for stale dependency blocks...
[2026-09-10T14:10:56-04:00] === Bead state consistency check completed ===
[2026-09-10T14:25:56-04:00] === Bead state consistency check started ===
[2026-09-10T14:25:56-04:00] Checking for assigned-but-open beads (status=open with assignee)...
[2026-09-10T14:25:56-04:00] Checking for orphaned in-progress beads (status=in_progress without assignee)...
[2026-09-10T14:25:56-04:00] Checking for stale dependency blocks...
[2026-09-10T14:25:56-04:00] === Bead state consistency check completed ===
[2026-09-10T14:40:57-04:00] === Bead state consistency check started ===
[2026-09-10T14:40:57-04:00] Checking for assigned-but-open beads (status=open with assignee)...
[2026-09-10T14:40:57-04:00] Checking for orphaned in-progress beads (status=in_progress without assignee)...
[2026-09-10T14:40:57-04:00] Checking for stale dependency blocks...
[2026-09-10T14:40:57-04:00] === Bead state consistency check completed ===
[2026-09-10T14:55:57-04:00] === Bead state consistency check started ===
[2026-09-10T14:55:57-04:00] Checking for assigned-but-open beads (status=open with assignee)...
[2026-09-10T14:55:57-04:00] Checking for orphaned in-progress beads (status=in_progress without assignee)...
[2026-09-10T14:55:57-04:00] Checking for stale dependency blocks...
[2026-09-10T14:55:57-04:00] === Bead state consistency check completed ===
[2026-09-10T15:10:57-04:00] === Bead state consistency check started ===
[2026-09-10T15:10:57-04:00] Checking for assigned-but-open beads (status=open with assignee)...
[2026-09-10T15:10:57-04:00] Checking for orphaned in-progress beads (status=in_progress without assignee)...
[2026-09-10T15:10:57-04:00] Checking for stale dependency blocks...
[2026-09-10T15:10:57-04:00] === Bead state consistency check completed ===
[2026-09-10T15:25:58-04:00] === Bead state consistency check started ===
[2026-09-10T15:25:58-04:00] Checking for assigned-but-open beads (status=open with assignee)...
[2026-09-10T15:25:58-04:00] Checking for orphaned in-progress beads (status=in_progress without assignee)...
[2026-09-10T15:25:58-04:00] Checking for stale dependency blocks...
[2026-09-10T15:25:58-04:00] === Bead state consistency check completed ===
[2026-09-10T15:40:58-04:00] === Bead state consistency check started ===
[2026-09-10T15:40:58-04:00] Checking for assigned-but-open beads (status=open with assignee)...
[2026-09-10T15:40:58-04:00] Checking for orphaned in-progress beads (status=in_progress without assignee)...
[2026-09-10T15:40:58-04:00] Checking for stale dependency blocks...
[2026-09-10T15:40:58-04:00] === Bead state consistency check completed ===
[2026-09-10T15:55:59-04:00] === Bead state consistency check started ===
[2026-09-10T15:55:59-04:00] Checking for assigned-but-open beads (status=open with assignee)...
[2026-09-10T15:55:59-04:00] Checking for orphaned in-progress beads (status=in_progress without assignee)...
[2026-09-10T15:55:59-04:00] Checking for stale dependency blocks...
[2026-09-10T15:55:59-04:00] === Bead state consistency check completed ===
[2026-09-10T16:10:59-04:00] === Bead state consistency check started ===
[2026-09-10T16:10:59-04:00] Checking for assigned-but-open beads (status=open with assignee)...
[2026-09-10T16:10:59-04:00] Checking for orphaned in-progress beads (status=in_progress without assignee)...
[2026-09-10T16:10:59-04:00] Checking for stale dependency blocks...
[2026-09-10T16:10:59-04:00] === Bead state consistency check completed ===
[2026-09-10T16:25:59-04:00] === Bead state consistency check started ===
[2026-09-10T16:25:59-04:00] Checking for assigned-but-open beads (status=open with assignee)...
[2026-09-10T16:25:59-04:00] Checking for orphaned in-progress beads (status=in_progress without assignee)...
[2026-09-10T16:25:59-04:00] Checking for stale dependency blocks...
[2026-09-10T16:25:59-04:00] === Bead state consistency check completed ===
[2026-09-10T16:41:00-04:00] === Bead state consistency check started ===
[2026-09-10T16:41:00-04:00] Checking for assigned-but-open beads (status=open with assignee)...
[2026-09-10T16:41:00-04:00] Checking for orphaned in-progress beads (status=in_progress without assignee)...
[2026-09-10T16:41:00-04:00] Checking for stale dependency blocks...
[2026-09-10T16:41:00-04:00] === Bead state consistency check completed ===
[2026-09-10T16:56:00-04:00] === Bead state consistency check started ===
[2026-09-10T16:56:00-04:00] Checking for assigned-but-open beads (status=open with assignee)...
[2026-09-10T16:56:00-04:00] Checking for orphaned in-progress beads (status=in_progress without assignee)...
[2026-09-10T16:56:00-04:00] Checking for stale dependency blocks...
[2026-09-10T16:56:00-04:00] === Bead state consistency check completed ===
[2026-09-10T17:11:00-04:00] === Bead state consistency check started ===
[2026-09-10T17:11:00-04:00] Checking for assigned-but-open beads (status=open with assignee)...
[2026-09-10T17:11:00-04:00] Checking for orphaned in-progress beads (status=in_progress without assignee)...
[2026-09-10T17:11:00-04:00] Checking for stale dependency blocks...
[2026-09-10T17:11:00-04:00] === Bead state consistency check completed ===
[2026-09-10T17:26:01-04:00] === Bead state consistency check started ===
[2026-09-10T17:26:01-04:00] Checking for assigned-but-open beads (status=open with assignee)...
[2026-09-10T17:26:01-04:00] Checking for orphaned in-progress beads (status=in_progress without assignee)...
[2026-09-10T17:26:01-04:00] Checking for stale dependency blocks...
[2026-09-10T17:26:01-04:00] === Bead state consistency check completed ===
[2026-09-10T17:41:01-04:00] === Bead state consistency check started ===
[2026-09-10T17:41:01-04:00] Checking for assigned-but-open beads (status=open with assignee)...
[2026-09-10T17:41:01-04:00] Checking for orphaned in-progress beads (status=in_progress without assignee)...
[2026-09-10T17:41:01-04:00] Checking for stale dependency blocks...
[2026-09-10T17:41:01-04:00] === Bead state consistency check completed ===
[2026-09-10T17:56:02-04:00] === Bead state consistency check started ===
[2026-09-10T17:56:02-04:00] Checking for assigned-but-open beads (status=open with assignee)...
[2026-09-10T17:56:02-04:00] Checking for orphaned in-progress beads (status=in_progress without assignee)...
[2026-09-10T17:56:02-04:00] Checking for stale dependency blocks...
[2026-09-10T17:56:02-04:00] === Bead state consistency check completed ===
[2026-09-10T18:11:02-04:00] === Bead state consistency check started ===
[2026-09-10T18:11:02-04:00] Checking for assigned-but-open beads (status=open with assignee)...
[2026-09-10T18:11:02-04:00] Checking for orphaned in-progress beads (status=in_progress without assignee)...
[2026-09-10T18:11:02-04:00] Checking for stale dependency blocks...
[2026-09-10T18:11:02-04:00] === Bead state consistency check completed ===
[2026-09-10T18:26:02-04:00] === Bead state consistency check started ===
[2026-09-10T18:26:02-04:00] Checking for assigned-but-open beads (status=open with assignee)...
[2026-09-10T18:26:02-04:00] Checking for orphaned in-progress beads (status=in_progress without assignee)...
[2026-09-10T18:26:02-04:00] Checking for stale dependency blocks...
[2026-09-10T18:26:02-04:00] === Bead state consistency check completed ===
[2026-09-10T18:41:02-04:00] === Bead state consistency check started ===
[2026-09-10T18:41:02-04:00] Checking for assigned-but-open beads (status=open with assignee)...
[2026-09-10T18:41:02-04:00] Checking for orphaned in-progress beads (status=in_progress without assignee)...
[2026-09-10T18:41:02-04:00] Checking for stale dependency blocks...
[2026-09-10T18:41:02-04:00] === Bead state consistency check completed ===
[2026-09-10T18:56:03-04:00] === Bead state consistency check started ===
[2026-09-10T18:56:03-04:00] Checking for assigned-but-open beads (status=open with assignee)...
[2026-09-10T18:56:03-04:00] Checking for orphaned in-progress beads (status=in_progress without assignee)...
[2026-09-10T18:56:03-04:00] Checking for stale dependency blocks...
[2026-09-10T18:56:03-04:00] === Bead state consistency check completed ===
[2026-09-10T19:11:04-04:00] === Bead state consistency check started ===
[2026-09-10T19:11:04-04:00] Checking for assigned-but-open beads (status=open with assignee)...
[2026-09-10T19:11:04-04:00] Checking for orphaned in-progress beads (status=in_progress without assignee)...
[2026-09-10T19:11:04-04:00] Checking for stale dependency blocks...
[2026-09-10T19:11:04-04:00] === Bead state consistency check completed ===
[2026-09-10T19:26:05-04:00] === Bead state consistency check started ===
[2026-09-10T19:26:05-04:00] Checking for assigned-but-open beads (status=open with assignee)...
[2026-09-10T19:26:05-04:00] Checking for orphaned in-progress beads (status=in_progress without assignee)...
[2026-09-10T19:26:05-04:00] Checking for stale dependency blocks...
[2026-09-10T19:26:05-04:00] === Bead state consistency check completed ===
[2026-09-10T19:41:05-04:00] === Bead state consistency check started ===
[2026-09-10T19:41:05-04:00] Checking for assigned-but-open beads (status=open with assignee)...
[2026-09-10T19:41:05-04:00] Checking for orphaned in-progress beads (status=in_progress without assignee)...
[2026-09-10T19:41:05-04:00] Checking for stale dependency blocks...
[2026-09-10T19:41:05-04:00] === Bead state consistency check completed ===
[2026-09-10T19:56:06-04:00] === Bead state consistency check started ===
[2026-09-10T19:56:06-04:00] Checking for assigned-but-open beads (status=open with assignee)...
[2026-09-10T19:56:06-04:00] Checking for orphaned in-progress beads (status=in_progress without assignee)...
[2026-09-10T19:56:06-04:00] Checking for stale dependency blocks...
[2026-09-10T19:56:06-04:00] === Bead state consistency check completed ===
[2026-09-10T20:11:06-04:00] === Bead state consistency check started ===
[2026-09-10T20:11:06-04:00] Checking for assigned-but-open beads (status=open with assignee)...
[2026-09-10T20:11:06-04:00] Checking for orphaned in-progress beads (status=in_progress without assignee)...
[2026-09-10T20:11:06-04:00] Checking for stale dependency blocks...
[2026-09-10T20:11:06-04:00] === Bead state consistency check completed ===
[2026-09-10T20:26:07-04:00] === Bead state consistency check started ===
[2026-09-10T20:26:07-04:00] Checking for assigned-but-open beads (status=open with assignee)...
[2026-09-10T20:26:07-04:00] Checking for orphaned in-progress beads (status=in_progress without assignee)...
[2026-09-10T20:26:07-04:00] Checking for stale dependency blocks...
[2026-09-10T20:26:07-04:00] === Bead state consistency check completed ===
[2026-09-10T20:41:07-04:00] === Bead state consistency check started ===
[2026-09-10T20:41:07-04:00] Checking for assigned-but-open beads (status=open with assignee)...
[2026-09-10T20:41:07-04:00] Checking for orphaned in-progress beads (status=in_progress without assignee)...
[2026-09-10T20:41:07-04:00] Checking for stale dependency blocks...
[2026-09-10T20:41:07-04:00] === Bead state consistency check completed ===
[2026-09-10T20:56:07-04:00] === Bead state consistency check started ===
[2026-09-10T20:56:07-04:00] Checking for assigned-but-open beads (status=open with assignee)...
[2026-09-10T20:56:07-04:00] Checking for orphaned in-progress beads (status=in_progress without assignee)...
[2026-09-10T20:56:07-04:00] Checking for stale dependency blocks...
[2026-09-10T20:56:07-04:00] === Bead state consistency check completed ===
[2026-09-10T21:11:08-04:00] === Bead state consistency check started ===
[2026-09-10T21:11:08-04:00] Checking for assigned-but-open beads (status=open with assignee)...
[2026-09-10T21:11:08-04:00] Checking for orphaned in-progress beads (status=in_progress without assignee)...
[2026-09-10T21:11:08-04:00] Checking for stale dependency blocks...
[2026-09-10T21:11:08-04:00] === Bead state consistency check completed ===
[2026-09-10T21:26:08-04:00] === Bead state consistency check started ===
[2026-09-10T21:26:08-04:00] Checking for assigned-but-open beads (status=open with assignee)...
[2026-09-10T21:26:08-04:00] Checking for orphaned in-progress beads (status=in_progress without assignee)...
[2026-09-10T21:26:08-04:00] Checking for stale dependency blocks...
[2026-09-10T21:26:08-04:00] === Bead state consistency check completed ===
[2026-09-10T21:41:08-04:00] === Bead state consistency check started ===
[2026-09-10T21:41:08-04:00] Checking for assigned-but-open beads (status=open with assignee)...
[2026-09-10T21:41:08-04:00] Checking for orphaned in-progress beads (status=in_progress without assignee)...
[2026-09-10T21:41:08-04:00] Checking for stale dependency blocks...
[2026-09-10T21:41:08-04:00] === Bead state consistency check completed ===
[2026-09-10T21:56:09-04:00] === Bead state consistency check started ===
[2026-09-10T21:56:09-04:00] Checking for assigned-but-open beads (status=open with assignee)...
[2026-09-10T21:56:09-04:00] Checking for orphaned in-progress beads (status=in_progress without assignee)...
[2026-09-10T21:56:09-04:00] Checking for stale dependency blocks...
[2026-09-10T21:56:09-04:00] === Bead state consistency check completed ===
[2026-09-10T22:11:09-04:00] === Bead state consistency check started ===
[2026-09-10T22:11:09-04:00] Checking for assigned-but-open beads (status=open with assignee)...
[2026-09-10T22:11:09-04:00] Checking for orphaned in-progress beads (status=in_progress without assignee)...
[2026-09-10T22:11:09-04:00] Checking for stale dependency blocks...
[2026-09-10T22:11:09-04:00] === Bead state consistency check completed ===
[2026-09-10T22:26:10-04:00] === Bead state consistency check started ===
[2026-09-10T22:26:10-04:00] Checking for assigned-but-open beads (status=open with assignee)...
[2026-09-10T22:26:10-04:00] Checking for orphaned in-progress beads (status=in_progress without assignee)...
[2026-09-10T22:26:10-04:00] Checking for stale dependency blocks...
[2026-09-10T22:26:10-04:00] === Bead state consistency check completed ===
[2026-09-10T22:41:10-04:00] === Bead state consistency check started ===
[2026-09-10T22:41:10-04:00] Checking for assigned-but-open beads (status=open with assignee)...
[2026-09-10T22:41:10-04:00] Checking for orphaned in-progress beads (status=in_progress without assignee)...
[2026-09-10T22:41:10-04:00] Checking for stale dependency blocks...
[2026-09-10T22:41:10-04:00] === Bead state consistency check completed ===
[2026-09-10T22:56:11-04:00] === Bead state consistency check started ===
[2026-09-10T22:56:11-04:00] Checking for assigned-but-open beads (status=open with assignee)...
[2026-09-10T22:56:11-04:00] Checking for orphaned in-progress beads (status=in_progress without assignee)...
[2026-09-10T22:56:11-04:00] Checking for stale dependency blocks...
[2026-09-10T22:56:11-04:00] === Bead state consistency check completed ===
[2026-09-10T23:11:11-04:00] === Bead state consistency check started ===
[2026-09-10T23:11:11-04:00] Checking for assigned-but-open beads (status=open with assignee)...
[2026-09-10T23:11:11-04:00] Checking for orphaned in-progress beads (status=in_progress without assignee)...
[2026-09-10T23:11:11-04:00] Checking for stale dependency blocks...
[2026-09-10T23:11:11-04:00] === Bead state consistency check completed ===
[2026-09-10T23:26:12-04:00] === Bead state consistency check started ===
[2026-09-10T23:26:12-04:00] Checking for assigned-but-open beads (status=open with assignee)...
[2026-09-10T23:26:12-04:00] Checking for orphaned in-progress beads (status=in_progress without assignee)...
[2026-09-10T23:26:12-04:00] Checking for stale dependency blocks...
[2026-09-10T23:26:12-04:00] === Bead state consistency check completed ===
[2026-09-10T23:41:12-04:00] === Bead state consistency check started ===
[2026-09-10T23:41:12-04:00] Checking for assigned-but-open beads (status=open with assignee)...
[2026-09-10T23:41:12-04:00] Checking for orphaned in-progress beads (status=in_progress without assignee)...
[2026-09-10T23:41:12-04:00] Checking for stale dependency blocks...
[2026-09-10T23:41:12-04:00] === Bead state consistency check completed ===
[2026-09-10T23:56:12-04:00] === Bead state consistency check started ===
[2026-09-10T23:56:12-04:00] Checking for assigned-but-open beads (status=open with assignee)...
[2026-09-10T23:56:12-04:00] Checking for orphaned in-progress beads (status=in_progress without assignee)...
[2026-09-10T23:56:12-04:00] Checking for stale dependency blocks...
[2026-09-10T23:56:12-04:00] === Bead state consistency check completed ===
[2026-09-11T00:11:13-04:00] === Bead state consistency check started ===
[2026-09-11T00:11:13-04:00] Checking for assigned-but-open beads (status=open with assignee)...
[2026-09-11T00:11:13-04:00] Checking for orphaned in-progress beads (status=in_progress without assignee)...
[2026-09-11T00:11:13-04:00] Checking for stale dependency blocks...
[2026-09-11T00:11:13-04:00] === Bead state consistency check completed ===
[2026-09-11T00:26:14-04:00] === Bead state consistency check started ===
[2026-09-11T00:26:14-04:00] Checking for assigned-but-open beads (status=open with assignee)...
[2026-09-11T00:26:14-04:00] Checking for orphaned in-progress beads (status=in_progress without assignee)...
[2026-09-11T00:26:14-04:00] Checking for stale dependency blocks...
[2026-09-11T00:26:14-04:00] === Bead state consistency check completed ===
[2026-09-11T00:41:14-04:00] === Bead state consistency check started ===
[2026-09-11T00:41:14-04:00] Checking for assigned-but-open beads (status=open with assignee)...
[2026-09-11T00:41:14-04:00] Checking for orphaned in-progress beads (status=in_progress without assignee)...
[2026-09-11T00:41:14-04:00] Checking for stale dependency blocks...
[2026-09-11T00:41:14-04:00] === Bead state consistency check completed ===
[2026-09-11T00:56:15-04:00] === Bead state consistency check started ===
[2026-09-11T00:56:15-04:00] Checking for assigned-but-open beads (status=open with assignee)...
[2026-09-11T00:56:15-04:00] Checking for orphaned in-progress beads (status=in_progress without assignee)...
[2026-09-11T00:56:15-04:00] Checking for stale dependency blocks...
[2026-09-11T00:56:15-04:00] === Bead state consistency check completed ===
[2026-09-11T01:11:16-04:00] === Bead state consistency check started ===
[2026-09-11T01:11:16-04:00] Checking for assigned-but-open beads (status=open with assignee)...
[2026-09-11T01:11:16-04:00] Checking for orphaned in-progress beads (status=in_progress without assignee)...
[2026-09-11T01:11:16-04:00] Checking for stale dependency blocks...
[2026-09-11T01:11:16-04:00] === Bead state consistency check completed ===
[2026-09-11T01:26:16-04:00] === Bead state consistency check started ===
[2026-09-11T01:26:16-04:00] Checking for assigned-but-open beads (status=open with assignee)...
[2026-09-11T01:26:16-04:00] Checking for orphaned in-progress beads (status=in_progress without assignee)...
[2026-09-11T01:26:16-04:00] Checking for stale dependency blocks...
[2026-09-11T01:26:16-04:00] === Bead state consistency check completed ===
[2026-09-11T01:41:17-04:00] === Bead state consistency check started ===
[2026-09-11T01:41:17-04:00] Checking for assigned-but-open beads (status=open with assignee)...
[2026-09-11T01:41:17-04:00] Checking for orphaned in-progress beads (status=in_progress without assignee)...
[2026-09-11T01:41:17-04:00] Checking for stale dependency blocks...
[2026-09-11T01:41:17-04:00] === Bead state consistency check completed ===
[2026-09-11T01:56:17-04:00] === Bead state consistency check started ===
[2026-09-11T01:56:17-04:00] Checking for assigned-but-open beads (status=open with assignee)...
[2026-09-11T01:56:17-04:00] Checking for orphaned in-progress beads (status=in_progress without assignee)...
[2026-09-11T01:56:17-04:00] Checking for stale dependency blocks...
[2026-09-11T01:56:17-04:00] === Bead state consistency check completed ===
[2026-09-11T02:11:18-04:00] === Bead state consistency check started ===
[2026-09-11T02:11:18-04:00] Checking for assigned-but-open beads (status=open with assignee)...
[2026-09-11T02:11:18-04:00] Checking for orphaned in-progress beads (status=in_progress without assignee)...
[2026-09-11T02:11:18-04:00] Checking for stale dependency blocks...
[2026-09-11T02:11:18-04:00] === Bead state consistency check completed ===
[2026-09-11T02:26:19-04:00] === Bead state consistency check started ===
[2026-09-11T02:26:19-04:00] Checking for assigned-but-open beads (status=open with assignee)...
[2026-09-11T02:26:19-04:00] Checking for orphaned in-progress beads (status=in_progress without assignee)...
[2026-09-11T02:26:19-04:00] Checking for stale dependency blocks...
[2026-09-11T02:26:19-04:00] === Bead state consistency check completed ===
[2026-09-11T02:41:19-04:00] === Bead state consistency check started ===
[2026-09-11T02:41:19-04:00] Checking for assigned-but-open beads (status=open with assignee)...
[2026-09-11T02:41:19-04:00] Checking for orphaned in-progress beads (status=in_progress without assignee)...
[2026-09-11T02:41:19-04:00] Checking for stale dependency blocks...
[2026-09-11T02:41:19-04:00] === Bead state consistency check completed ===
[2026-09-11T02:56:19-04:00] === Bead state consistency check started ===
[2026-09-11T02:56:19-04:00] Checking for assigned-but-open beads (status=open with assignee)...
[2026-09-11T02:56:19-04:00] Checking for orphaned in-progress beads (status=in_progress without assignee)...
[2026-09-11T02:56:19-04:00] Checking for stale dependency blocks...
[2026-09-11T02:56:19-04:00] === Bead state consistency check completed ===
[2026-09-11T03:11:20-04:00] === Bead state consistency check started ===
[2026-09-11T03:11:20-04:00] Checking for assigned-but-open beads (status=open with assignee)...
[2026-09-11T03:11:20-04:00] Checking for orphaned in-progress beads (status=in_progress without assignee)...
[2026-09-11T03:11:20-04:00] Checking for stale dependency blocks...
[2026-09-11T03:11:20-04:00] === Bead state consistency check completed ===
[2026-09-11T03:26:21-04:00] === Bead state consistency check started ===
[2026-09-11T03:26:21-04:00] Checking for assigned-but-open beads (status=open with assignee)...
[2026-09-11T03:26:21-04:00] Checking for orphaned in-progress beads (status=in_progress without assignee)...
[2026-09-11T03:26:21-04:00] Checking for stale dependency blocks...
[2026-09-11T03:26:21-04:00] === Bead state consistency check completed ===
[2026-09-11T03:41:21-04:00] === Bead state consistency check started ===
[2026-09-11T03:41:21-04:00] Checking for assigned-but-open beads (status=open with assignee)...
[2026-09-11T03:41:21-04:00] Checking for orphaned in-progress beads (status=in_progress without assignee)...
[2026-09-11T03:41:21-04:00] Checking for stale dependency blocks...
[2026-09-11T03:41:21-04:00] === Bead state consistency check completed ===
[2026-09-11T03:56:22-04:00] === Bead state consistency check started ===
[2026-09-11T03:56:22-04:00] Checking for assigned-but-open beads (status=open with assignee)...
[2026-09-11T03:56:22-04:00] Checking for orphaned in-progress beads (status=in_progress without assignee)...
[2026-09-11T03:56:22-04:00] Checking for stale dependency blocks...
[2026-09-11T03:56:22-04:00] === Bead state consistency check completed ===
[2026-09-11T04:11:22-04:00] === Bead state consistency check started ===
[2026-09-11T04:11:22-04:00] Checking for assigned-but-open beads (status=open with assignee)...
[2026-09-11T04:11:22-04:00] Checking for orphaned in-progress beads (status=in_progress without assignee)...
[2026-09-11T04:11:22-04:00] Checking for stale dependency blocks...
[2026-09-11T04:11:22-04:00] === Bead state consistency check completed ===
[2026-09-11T04:26:22-04:00] === Bead state consistency check started ===
[2026-09-11T04:26:22-04:00] Checking for assigned-but-open beads (status=open with assignee)...
[2026-09-11T04:26:22-04:00] Checking for orphaned in-progress beads (status=in_progress without assignee)...
[2026-09-11T04:26:22-04:00] Checking for stale dependency blocks...
[2026-09-11T04:26:22-04:00] === Bead state consistency check completed ===
[2026-09-11T04:41:23-04:00] === Bead state consistency check started ===
[2026-09-11T04:41:23-04:00] Checking for assigned-but-open beads (status=open with assignee)...
[2026-09-11T04:41:23-04:00] Checking for orphaned in-progress beads (status=in_progress without assignee)...
[2026-09-11T04:41:23-04:00] Checking for stale dependency blocks...
[2026-09-11T04:41:23-04:00] === Bead state consistency check completed ===
[2026-09-11T04:56:23-04:00] === Bead state consistency check started ===
[2026-09-11T04:56:23-04:00] Checking for assigned-but-open beads (status=open with assignee)...
[2026-09-11T04:56:23-04:00] Checking for orphaned in-progress beads (status=in_progress without assignee)...
[2026-09-11T04:56:23-04:00] Checking for stale dependency blocks...
[2026-09-11T04:56:23-04:00] === Bead state consistency check completed ===
[2026-09-11T05:11:24-04:00] === Bead state consistency check started ===
[2026-09-11T05:11:24-04:00] Checking for assigned-but-open beads (status=open with assignee)...
[2026-09-11T05:11:24-04:00] Checking for orphaned in-progress beads (status=in_progress without assignee)...
[2026-09-11T05:11:24-04:00] Checking for stale dependency blocks...
[2026-09-11T05:11:24-04:00] === Bead state consistency check completed ===
[2026-09-11T05:26:24-04:00] === Bead state consistency check started ===
[2026-09-11T05:26:24-04:00] Checking for assigned-but-open beads (status=open with assignee)...
[2026-09-11T05:26:24-04:00] Checking for orphaned in-progress beads (status=in_progress without assignee)...
[2026-09-11T05:26:24-04:00] Checking for stale dependency blocks...
[2026-09-11T05:26:24-04:00] === Bead state consistency check completed ===
[2026-09-11T05:41:25-04:00] === Bead state consistency check started ===
[2026-09-11T05:41:25-04:00] Checking for assigned-but-open beads (status=open with assignee)...
[2026-09-11T05:41:25-04:00] Checking for orphaned in-progress beads (status=in_progress without assignee)...
[2026-09-11T05:41:25-04:00] Checking for stale dependency blocks...
[2026-09-11T05:41:25-04:00] === Bead state consistency check completed ===
[2026-09-11T05:56:25-04:00] === Bead state consistency check started ===
[2026-09-11T05:56:25-04:00] Checking for assigned-but-open beads (status=open with assignee)...
[2026-09-11T05:56:25-04:00] Checking for orphaned in-progress beads (status=in_progress without assignee)...
[2026-09-11T05:56:25-04:00] Checking for stale dependency blocks...
[2026-09-11T05:56:25-04:00] === Bead state consistency check completed ===
[2026-09-11T06:11:26-04:00] === Bead state consistency check started ===
[2026-09-11T06:11:26-04:00] Checking for assigned-but-open beads (status=open with assignee)...
[2026-09-11T06:11:26-04:00] Checking for orphaned in-progress beads (status=in_progress without assignee)...
[2026-09-11T06:11:26-04:00] Checking for stale dependency blocks...
[2026-09-11T06:11:26-04:00] === Bead state consistency check completed ===
[2026-09-11T06:26:26-04:00] === Bead state consistency check started ===
[2026-09-11T06:26:26-04:00] Checking for assigned-but-open beads (status=open with assignee)...
[2026-09-11T06:26:26-04:00] Checking for orphaned in-progress beads (status=in_progress without assignee)...
[2026-09-11T06:26:26-04:00] Checking for stale dependency blocks...
[2026-09-11T06:26:26-04:00] === Bead state consistency check completed ===
[2026-09-11T06:41:26-04:00] === Bead state consistency check started ===
[2026-09-11T06:41:26-04:00] Checking for assigned-but-open beads (status=open with assignee)...
[2026-09-11T06:41:26-04:00] Checking for orphaned in-progress beads (status=in_progress without assignee)...
[2026-09-11T06:41:26-04:00] Checking for stale dependency blocks...
[2026-09-11T06:41:26-04:00] === Bead state consistency check completed ===
[2026-09-11T06:56:27-04:00] === Bead state consistency check started ===
[2026-09-11T06:56:27-04:00] Checking for assigned-but-open beads (status=open with assignee)...
[2026-09-11T06:56:27-04:00] Checking for orphaned in-progress beads (status=in_progress without assignee)...
[2026-09-11T06:56:27-04:00] Checking for stale dependency blocks...
[2026-09-11T06:56:27-04:00] === Bead state consistency check completed ===
[2026-09-11T07:11:28-04:00] === Bead state consistency check started ===
[2026-09-11T07:11:28-04:00] Checking for assigned-but-open beads (status=open with assignee)...
[2026-09-11T07:11:28-04:00] Checking for orphaned in-progress beads (status=in_progress without assignee)...
[2026-09-11T07:11:28-04:00] Checking for stale dependency blocks...
[2026-09-11T07:11:28-04:00] === Bead state consistency check completed ===
[2026-09-11T07:26:28-04:00] === Bead state consistency check started ===
[2026-09-11T07:26:28-04:00] Checking for assigned-but-open beads (status=open with assignee)...
[2026-09-11T07:26:28-04:00] Checking for orphaned in-progress beads (status=in_progress without assignee)...
[2026-09-11T07:26:28-04:00] Checking for stale dependency blocks...
[2026-09-11T07:26:28-04:00] === Bead state consistency check completed ===
[2026-09-11T07:41:29-04:00] === Bead state consistency check started ===
[2026-09-11T07:41:29-04:00] Checking for assigned-but-open beads (status=open with assignee)...
[2026-09-11T07:41:29-04:00] Checking for orphaned in-progress beads (status=in_progress without assignee)...
[2026-09-11T07:41:29-04:00] Checking for stale dependency blocks...
[2026-09-11T07:41:29-04:00] === Bead state consistency check completed ===
[2026-09-11T07:56:29-04:00] === Bead state consistency check started ===
[2026-09-11T07:56:29-04:00] Checking for assigned-but-open beads (status=open with assignee)...
[2026-09-11T07:56:29-04:00] Checking for orphaned in-progress beads (status=in_progress without assignee)...
[2026-09-11T07:56:29-04:00] Checking for stale dependency blocks...
[2026-09-11T07:56:29-04:00] === Bead state consistency check completed ===
[2026-09-11T08:11:30-04:00] === Bead state consistency check started ===
[2026-09-11T08:11:30-04:00] Checking for assigned-but-open beads (status=open with assignee)...
[2026-09-11T08:11:30-04:00] Checking for orphaned in-progress beads (status=in_progress without assignee)...
[2026-09-11T08:11:30-04:00] Checking for stale dependency blocks...
[2026-09-11T08:11:30-04:00] === Bead state consistency check completed ===
[2026-09-11T08:26:31-04:00] === Bead state consistency check started ===
[2026-09-11T08:26:31-04:00] Checking for assigned-but-open beads (status=open with assignee)...
[2026-09-11T08:26:31-04:00] Checking for orphaned in-progress beads (status=in_progress without assignee)...
[2026-09-11T08:26:31-04:00] Checking for stale dependency blocks...
[2026-09-11T08:26:31-04:00] === Bead state consistency check completed ===
[2026-09-11T08:41:31-04:00] === Bead state consistency check started ===
[2026-09-11T08:41:31-04:00] Checking for assigned-but-open beads (status=open with assignee)...
[2026-09-11T08:41:31-04:00] Checking for orphaned in-progress beads (status=in_progress without assignee)...
[2026-09-11T08:41:31-04:00] Checking for stale dependency blocks...
[2026-09-11T08:41:31-04:00] === Bead state consistency check completed ===
[2026-09-11T08:56:32-04:00] === Bead state consistency check started ===
[2026-09-11T08:56:32-04:00] Checking for assigned-but-open beads (status=open with assignee)...
[2026-09-11T08:56:32-04:00] Checking for orphaned in-progress beads (status=in_progress without assignee)...
[2026-09-11T08:56:32-04:00] Checking for stale dependency blocks...
[2026-09-11T08:56:32-04:00] === Bead state consistency check completed ===
[2026-09-11T09:11:32-04:00] === Bead state consistency check started ===
[2026-09-11T09:11:32-04:00] Checking for assigned-but-open beads (status=open with assignee)...
[2026-09-11T09:11:32-04:00] Checking for orphaned in-progress beads (status=in_progress without assignee)...
[2026-09-11T09:11:32-04:00] Checking for stale dependency blocks...
[2026-09-11T09:11:32-04:00] === Bead state consistency check completed ===
[2026-09-11T09:26:33-04:00] === Bead state consistency check started ===
[2026-09-11T09:26:33-04:00] Checking for assigned-but-open beads (status=open with assignee)...
[2026-09-11T09:26:33-04:00] Checking for orphaned in-progress beads (status=in_progress without assignee)...
[2026-09-11T09:26:33-04:00] Checking for stale dependency blocks...
[2026-09-11T09:26:33-04:00] === Bead state consistency check completed ===
[2026-09-11T09:41:33-04:00] === Bead state consistency check started ===
[2026-09-11T09:41:33-04:00] Checking for assigned-but-open beads (status=open with assignee)...
[2026-09-11T09:41:33-04:00] Checking for orphaned in-progress beads (status=in_progress without assignee)...
[2026-09-11T09:41:33-04:00] Checking for stale dependency blocks...
[2026-09-11T09:41:33-04:00] === Bead state consistency check completed ===
[2026-09-11T09:56:34-04:00] === Bead state consistency check started ===
[2026-09-11T09:56:34-04:00] Checking for assigned-but-open beads (status=open with assignee)...
[2026-09-11T09:56:34-04:00] Checking for orphaned in-progress beads (status=in_progress without assignee)...
[2026-09-11T09:56:34-04:00] Checking for stale dependency blocks...
[2026-09-11T09:56:34-04:00] === Bead state consistency check completed ===
[2026-09-11T10:11:34-04:00] === Bead state consistency check started ===
[2026-09-11T10:11:34-04:00] Checking for assigned-but-open beads (status=open with assignee)...
[2026-09-11T10:11:34-04:00] Checking for orphaned in-progress beads (status=in_progress without assignee)...
[2026-09-11T10:11:34-04:00] Checking for stale dependency blocks...
[2026-09-11T10:11:34-04:00] === Bead state consistency check completed ===
[2026-09-11T10:26:35-04:00] === Bead state consistency check started ===
[2026-09-11T10:26:35-04:00] Checking for assigned-but-open beads (status=open with assignee)...
[2026-09-11T10:26:35-04:00] Checking for orphaned in-progress beads (status=in_progress without assignee)...
[2026-09-11T10:26:35-04:00] Checking for stale dependency blocks...
[2026-09-11T10:26:35-04:00] === Bead state consistency check completed ===
[2026-09-11T10:41:35-04:00] === Bead state consistency check started ===
[2026-09-11T10:41:35-04:00] Checking for assigned-but-open beads (status=open with assignee)...
[2026-09-11T10:41:35-04:00] Checking for orphaned in-progress beads (status=in_progress without assignee)...
[2026-09-11T10:41:35-04:00] Checking for stale dependency blocks...
[2026-09-11T10:41:35-04:00] === Bead state consistency check completed ===
[2026-09-11T10:56:35-04:00] === Bead state consistency check started ===
[2026-09-11T10:56:35-04:00] Checking for assigned-but-open beads (status=open with assignee)...
[2026-09-11T10:56:35-04:00] Checking for orphaned in-progress beads (status=in_progress without assignee)...
[2026-09-11T10:56:35-04:00] Checking for stale dependency blocks...
[2026-09-11T10:56:35-04:00] === Bead state consistency check completed ===
[2026-09-11T11:11:36-04:00] === Bead state consistency check started ===
[2026-09-11T11:11:36-04:00] Checking for assigned-but-open beads (status=open with assignee)...
[2026-09-11T11:11:36-04:00] Checking for orphaned in-progress beads (status=in_progress without assignee)...
[2026-09-11T11:11:36-04:00] Checking for stale dependency blocks...
[2026-09-11T11:11:36-04:00] === Bead state consistency check completed ===
[2026-09-11T11:26:36-04:00] === Bead state consistency check started ===
[2026-09-11T11:26:36-04:00] Checking for assigned-but-open beads (status=open with assignee)...
[2026-09-11T11:26:36-04:00] Checking for orphaned in-progress beads (status=in_progress without assignee)...
[2026-09-11T11:26:36-04:00] Checking for stale dependency blocks...
[2026-09-11T11:26:36-04:00] === Bead state consistency check completed ===
[2026-09-11T11:41:37-04:00] === Bead state consistency check started ===
[2026-09-11T11:41:37-04:00] Checking for assigned-but-open beads (status=open with assignee)...
[2026-09-11T11:41:37-04:00] Checking for orphaned in-progress beads (status=in_progress without assignee)...
[2026-09-11T11:41:37-04:00] Checking for stale dependency blocks...
[2026-09-11T11:41:37-04:00] === Bead state consistency check completed ===
[2026-09-11T11:56:37-04:00] === Bead state consistency check started ===
[2026-09-11T11:56:37-04:00] Checking for assigned-but-open beads (status=open with assignee)...
[2026-09-11T11:56:37-04:00] Checking for orphaned in-progress beads (status=in_progress without assignee)...
[2026-09-11T11:56:37-04:00] Checking for stale dependency blocks...
[2026-09-11T11:56:37-04:00] === Bead state consistency check completed ===
[2026-09-11T12:11:38-04:00] === Bead state consistency check started ===
[2026-09-11T12:11:38-04:00] Checking for assigned-but-open beads (status=open with assignee)...
[2026-09-11T12:11:38-04:00] Checking for orphaned in-progress beads (status=in_progress without assignee)...
[2026-09-11T12:11:38-04:00] Checking for stale dependency blocks...
[2026-09-11T12:11:38-04:00] === Bead state consistency check completed ===
[2026-09-11T12:26:39-04:00] === Bead state consistency check started ===
[2026-09-11T12:26:39-04:00] Checking for assigned-but-open beads (status=open with assignee)...
[2026-09-11T12:26:39-04:00] Checking for orphaned in-progress beads (status=in_progress without assignee)...
[2026-09-11T12:26:39-04:00] Checking for stale dependency blocks...
[2026-09-11T12:26:39-04:00] === Bead state consistency check completed ===
[2026-09-11T12:41:39-04:00] === Bead state consistency check started ===
[2026-09-11T12:41:39-04:00] Checking for assigned-but-open beads (status=open with assignee)...
[2026-09-11T12:41:39-04:00] Checking for orphaned in-progress beads (status=in_progress without assignee)...
[2026-09-11T12:41:39-04:00] Checking for stale dependency blocks...
[2026-09-11T12:41:39-04:00] === Bead state consistency check completed ===
[2026-09-11T12:56:40-04:00] === Bead state consistency check started ===
[2026-09-11T12:56:40-04:00] Checking for assigned-but-open beads (status=open with assignee)...
[2026-09-11T12:56:40-04:00] Checking for orphaned in-progress beads (status=in_progress without assignee)...
[2026-09-11T12:56:40-04:00] Checking for stale dependency blocks...
[2026-09-11T12:56:40-04:00] === Bead state consistency check completed ===
[2026-09-11T13:11:40-04:00] === Bead state consistency check started ===
[2026-09-11T13:11:40-04:00] Checking for assigned-but-open beads (status=open with assignee)...
[2026-09-11T13:11:40-04:00] Checking for orphaned in-progress beads (status=in_progress without assignee)...
[2026-09-11T13:11:40-04:00] Checking for stale dependency blocks...
[2026-09-11T13:11:40-04:00] === Bead state consistency check completed ===
[2026-09-11T13:26:41-04:00] === Bead state consistency check started ===
[2026-09-11T13:26:41-04:00] Checking for assigned-but-open beads (status=open with assignee)...
[2026-09-11T13:26:41-04:00] Checking for orphaned in-progress beads (status=in_progress without assignee)...
[2026-09-11T13:26:41-04:00] Checking for stale dependency blocks...
[2026-09-11T13:26:41-04:00] === Bead state consistency check completed ===
[2026-09-11T13:41:42-04:00] === Bead state consistency check started ===
[2026-09-11T13:41:42-04:00] Checking for assigned-but-open beads (status=open with assignee)...
[2026-09-11T13:41:42-04:00] Checking for orphaned in-progress beads (status=in_progress without assignee)...
[2026-09-11T13:41:42-04:00] Checking for stale dependency blocks...
[2026-09-11T13:41:42-04:00] === Bead state consistency check completed ===
[2026-09-11T13:56:43-04:00] === Bead state consistency check started ===
[2026-09-11T13:56:43-04:00] Checking for assigned-but-open beads (status=open with assignee)...
[2026-09-11T13:56:43-04:00] Checking for orphaned in-progress beads (status=in_progress without assignee)...
[2026-09-11T13:56:43-04:00] Checking for stale dependency blocks...
[2026-09-11T13:56:43-04:00] === Bead state consistency check completed ===
[2026-09-11T14:11:43-04:00] === Bead state consistency check started ===
[2026-09-11T14:11:43-04:00] Checking for assigned-but-open beads (status=open with assignee)...
[2026-09-11T14:11:43-04:00] Checking for orphaned in-progress beads (status=in_progress without assignee)...
[2026-09-11T14:11:43-04:00] Checking for stale dependency blocks...
[2026-09-11T14:11:43-04:00] === Bead state consistency check completed ===
[2026-09-11T14:26:44-04:00] === Bead state consistency check started ===
[2026-09-11T14:26:44-04:00] Checking for assigned-but-open beads (status=open with assignee)...
[2026-09-11T14:26:44-04:00] Checking for orphaned in-progress beads (status=in_progress without assignee)...
[2026-09-11T14:26:44-04:00] Checking for stale dependency blocks...
[2026-09-11T14:26:44-04:00] === Bead state consistency check completed ===
[2026-09-11T14:41:45-04:00] === Bead state consistency check started ===
[2026-09-11T14:41:45-04:00] Checking for assigned-but-open beads (status=open with assignee)...
[2026-09-11T14:41:45-04:00] Checking for orphaned in-progress beads (status=in_progress without assignee)...
[2026-09-11T14:41:45-04:00] Checking for stale dependency blocks...
[2026-09-11T14:41:45-04:00] === Bead state consistency check completed ===
[2026-09-11T14:56:45-04:00] === Bead state consistency check started ===
[2026-09-11T14:56:45-04:00] Checking for assigned-but-open beads (status=open with assignee)...
[2026-09-11T14:56:45-04:00] Checking for orphaned in-progress beads (status=in_progress without assignee)...
[2026-09-11T14:56:45-04:00] Checking for stale dependency blocks...
[2026-09-11T14:56:45-04:00] === Bead state consistency check completed ===
[2026-09-11T15:11:46-04:00] === Bead state consistency check started ===
[2026-09-11T15:11:46-04:00] Checking for assigned-but-open beads (status=open with assignee)...
[2026-09-11T15:11:46-04:00] Checking for orphaned in-progress beads (status=in_progress without assignee)...
[2026-09-11T15:11:46-04:00] Checking for stale dependency blocks...
[2026-09-11T15:11:46-04:00] === Bead state consistency check completed ===
[2026-09-11T15:26:47-04:00] === Bead state consistency check started ===
[2026-09-11T15:26:47-04:00] Checking for assigned-but-open beads (status=open with assignee)...
[2026-09-11T15:26:47-04:00] Checking for orphaned in-progress beads (status=in_progress without assignee)...
[2026-09-11T15:26:47-04:00] Checking for stale dependency blocks...
[2026-09-11T15:26:47-04:00] === Bead state consistency check completed ===
[2026-09-11T15:41:47-04:00] === Bead state consistency check started ===
[2026-09-11T15:41:47-04:00] Checking for assigned-but-open beads (status=open with assignee)...
[2026-09-11T15:41:47-04:00] Checking for orphaned in-progress beads (status=in_progress without assignee)...
[2026-09-11T15:41:47-04:00] Checking for stale dependency blocks...
[2026-09-11T15:41:47-04:00] === Bead state consistency check completed ===
[2026-09-11T15:56:48-04:00] === Bead state consistency check started ===
[2026-09-11T15:56:48-04:00] Checking for assigned-but-open beads (status=open with assignee)...
[2026-09-11T15:56:48-04:00] Checking for orphaned in-progress beads (status=in_progress without assignee)...
[2026-09-11T15:56:48-04:00] Checking for stale dependency blocks...
[2026-09-11T15:56:48-04:00] === Bead state consistency check completed ===
[2026-09-11T16:11:48-04:00] === Bead state consistency check started ===
[2026-09-11T16:11:48-04:00] Checking for assigned-but-open beads (status=open with assignee)...
[2026-09-11T16:11:48-04:00] Checking for orphaned in-progress beads (status=in_progress without assignee)...
[2026-09-11T16:11:48-04:00] Checking for stale dependency blocks...
[2026-09-11T16:11:48-04:00] === Bead state consistency check completed ===
[2026-09-11T16:26:48-04:00] === Bead state consistency check started ===
[2026-09-11T16:26:48-04:00] Checking for assigned-but-open beads (status=open with assignee)...
[2026-09-11T16:26:48-04:00] Checking for orphaned in-progress beads (status=in_progress without assignee)...
[2026-09-11T16:26:48-04:00] Checking for stale dependency blocks...
[2026-09-11T16:26:48-04:00] === Bead state consistency check completed ===
[2026-09-11T16:41:48-04:00] === Bead state consistency check started ===
[2026-09-11T16:41:48-04:00] Checking for assigned-but-open beads (status=open with assignee)...
[2026-09-11T16:41:48-04:00] Checking for orphaned in-progress beads (status=in_progress without assignee)...
[2026-09-11T16:41:48-04:00] Checking for stale dependency blocks...
[2026-09-11T16:41:48-04:00] === Bead state consistency check completed ===
[2026-09-11T16:56:49-04:00] === Bead state consistency check started ===
[2026-09-11T16:56:49-04:00] Checking for assigned-but-open beads (status=open with assignee)...
[2026-09-11T16:56:49-04:00] Checking for orphaned in-progress beads (status=in_progress without assignee)...
[2026-09-11T16:56:49-04:00] Checking for stale dependency blocks...
[2026-09-11T16:56:49-04:00] === Bead state consistency check completed ===
[2026-09-11T17:11:49-04:00] === Bead state consistency check started ===
[2026-09-11T17:11:49-04:00] Checking for assigned-but-open beads (status=open with assignee)...
[2026-09-11T17:11:49-04:00] Checking for orphaned in-progress beads (status=in_progress without assignee)...
[2026-09-11T17:11:49-04:00] Checking for stale dependency blocks...
[2026-09-11T17:11:49-04:00] === Bead state consistency check completed ===
[2026-09-11T17:26:50-04:00] === Bead state consistency check started ===
[2026-09-11T17:26:50-04:00] Checking for assigned-but-open beads (status=open with assignee)...
[2026-09-11T17:26:50-04:00] Checking for orphaned in-progress beads (status=in_progress without assignee)...
[2026-09-11T17:26:50-04:00] Checking for stale dependency blocks...
[2026-09-11T17:26:50-04:00] === Bead state consistency check completed ===
[2026-09-11T17:41:51-04:00] === Bead state consistency check started ===
[2026-09-11T17:41:51-04:00] Checking for assigned-but-open beads (status=open with assignee)...
[2026-09-11T17:41:51-04:00] Checking for orphaned in-progress beads (status=in_progress without assignee)...
[2026-09-11T17:41:51-04:00] Checking for stale dependency blocks...
[2026-09-11T17:41:51-04:00] === Bead state consistency check completed ===
[2026-09-11T17:56:51-04:00] === Bead state consistency check started ===
[2026-09-11T17:56:51-04:00] Checking for assigned-but-open beads (status=open with assignee)...
[2026-09-11T17:56:51-04:00] Checking for orphaned in-progress beads (status=in_progress without assignee)...
[2026-09-11T17:56:51-04:00] Checking for stale dependency blocks...
[2026-09-11T17:56:51-04:00] === Bead state consistency check completed ===
[2026-09-11T18:11:52-04:00] === Bead state consistency check started ===
[2026-09-11T18:11:52-04:00] Checking for assigned-but-open beads (status=open with assignee)...
[2026-09-11T18:11:52-04:00] Checking for orphaned in-progress beads (status=in_progress without assignee)...
[2026-09-11T18:11:52-04:00] Checking for stale dependency blocks...
[2026-09-11T18:11:52-04:00] === Bead state consistency check completed ===
[2026-09-11T18:26:53-04:00] === Bead state consistency check started ===
[2026-09-11T18:26:53-04:00] Checking for assigned-but-open beads (status=open with assignee)...
[2026-09-11T18:26:53-04:00] Checking for orphaned in-progress beads (status=in_progress without assignee)...
[2026-09-11T18:26:53-04:00] Checking for stale dependency blocks...
[2026-09-11T18:26:53-04:00] === Bead state consistency check completed ===
[2026-09-11T18:41:53-04:00] === Bead state consistency check started ===
[2026-09-11T18:41:53-04:00] Checking for assigned-but-open beads (status=open with assignee)...
[2026-09-11T18:41:53-04:00] Checking for orphaned in-progress beads (status=in_progress without assignee)...
[2026-09-11T18:41:53-04:00] Checking for stale dependency blocks...
[2026-09-11T18:41:53-04:00] === Bead state consistency check completed ===
[2026-09-11T18:56:54-04:00] === Bead state consistency check started ===
[2026-09-11T18:56:54-04:00] Checking for assigned-but-open beads (status=open with assignee)...
[2026-09-11T18:56:54-04:00] Checking for orphaned in-progress beads (status=in_progress without assignee)...
[2026-09-11T18:56:54-04:00] Checking for stale dependency blocks...
[2026-09-11T18:56:54-04:00] === Bead state consistency check completed ===
[2026-09-11T19:11:55-04:00] === Bead state consistency check started ===
[2026-09-11T19:11:55-04:00] Checking for assigned-but-open beads (status=open with assignee)...
[2026-09-11T19:11:55-04:00] Checking for orphaned in-progress beads (status=in_progress without assignee)...
[2026-09-11T19:11:55-04:00] Checking for stale dependency blocks...
[2026-09-11T19:11:55-04:00] === Bead state consistency check completed ===
[2026-09-11T19:26:56-04:00] === Bead state consistency check started ===
[2026-09-11T19:26:56-04:00] Checking for assigned-but-open beads (status=open with assignee)...
[2026-09-11T19:26:56-04:00] Checking for orphaned in-progress beads (status=in_progress without assignee)...
[2026-09-11T19:26:56-04:00] Checking for stale dependency blocks...
[2026-09-11T19:26:56-04:00] === Bead state consistency check completed ===
[2026-09-11T19:41:56-04:00] === Bead state consistency check started ===
[2026-09-11T19:41:56-04:00] Checking for assigned-but-open beads (status=open with assignee)...
[2026-09-11T19:41:56-04:00] Checking for orphaned in-progress beads (status=in_progress without assignee)...
[2026-09-11T19:41:56-04:00] Checking for stale dependency blocks...
[2026-09-11T19:41:56-04:00] === Bead state consistency check completed ===
[2026-09-11T19:56:57-04:00] === Bead state consistency check started ===
[2026-09-11T19:56:57-04:00] Checking for assigned-but-open beads (status=open with assignee)...
[2026-09-11T19:56:57-04:00] Checking for orphaned in-progress beads (status=in_progress without assignee)...
[2026-09-11T19:56:57-04:00] Checking for stale dependency blocks...
[2026-09-11T19:56:57-04:00] === Bead state consistency check completed ===
[2026-09-11T20:11:58-04:00] === Bead state consistency check started ===
[2026-09-11T20:11:58-04:00] Checking for assigned-but-open beads (status=open with assignee)...
[2026-09-11T20:11:58-04:00] Checking for orphaned in-progress beads (status=in_progress without assignee)...
[2026-09-11T20:11:58-04:00] Checking for stale dependency blocks...
[2026-09-11T20:11:58-04:00] === Bead state consistency check completed ===
[2026-09-11T20:26:58-04:00] === Bead state consistency check started ===
[2026-09-11T20:26:58-04:00] Checking for assigned-but-open beads (status=open with assignee)...
[2026-09-11T20:26:58-04:00] Checking for orphaned in-progress beads (status=in_progress without assignee)...
[2026-09-11T20:26:58-04:00] Checking for stale dependency blocks...
[2026-09-11T20:26:58-04:00] === Bead state consistency check completed ===
[2026-09-11T20:41:59-04:00] === Bead state consistency check started ===
[2026-09-11T20:41:59-04:00] Checking for assigned-but-open beads (status=open with assignee)...
[2026-09-11T20:41:59-04:00] Checking for orphaned in-progress beads (status=in_progress without assignee)...
[2026-09-11T20:41:59-04:00] Checking for stale dependency blocks...
[2026-09-11T20:41:59-04:00] === Bead state consistency check completed ===
[2026-09-11T20:57:00-04:00] === Bead state consistency check started ===
[2026-09-11T20:57:00-04:00] Checking for assigned-but-open beads (status=open with assignee)...
[2026-09-11T20:57:00-04:00] Checking for orphaned in-progress beads (status=in_progress without assignee)...
[2026-09-11T20:57:00-04:00] Checking for stale dependency blocks...
[2026-09-11T20:57:00-04:00] === Bead state consistency check completed ===
[2026-09-11T21:12:00-04:00] === Bead state consistency check started ===
[2026-09-11T21:12:00-04:00] Checking for assigned-but-open beads (status=open with assignee)...
[2026-09-11T21:12:00-04:00] Checking for orphaned in-progress beads (status=in_progress without assignee)...
[2026-09-11T21:12:00-04:00] Checking for stale dependency blocks...
[2026-09-11T21:12:00-04:00] === Bead state consistency check completed ===
[2026-09-11T21:27:01-04:00] === Bead state consistency check started ===
[2026-09-11T21:27:01-04:00] Checking for assigned-but-open beads (status=open with assignee)...
[2026-09-11T21:27:01-04:00] Checking for orphaned in-progress beads (status=in_progress without assignee)...
[2026-09-11T21:27:01-04:00] Checking for stale dependency blocks...
[2026-09-11T21:27:01-04:00] === Bead state consistency check completed ===
[2026-09-11T21:42:01-04:00] === Bead state consistency check started ===
[2026-09-11T21:42:01-04:00] Checking for assigned-but-open beads (status=open with assignee)...
[2026-09-11T21:42:01-04:00] Checking for orphaned in-progress beads (status=in_progress without assignee)...
[2026-09-11T21:42:01-04:00] Checking for stale dependency blocks...
[2026-09-11T21:42:01-04:00] === Bead state consistency check completed ===
[2026-09-11T21:57:02-04:00] === Bead state consistency check started ===
[2026-09-11T21:57:02-04:00] Checking for assigned-but-open beads (status=open with assignee)...
[2026-09-11T21:57:02-04:00] Checking for orphaned in-progress beads (status=in_progress without assignee)...
[2026-09-11T21:57:02-04:00] Checking for stale dependency blocks...
[2026-09-11T21:57:02-04:00] === Bead state consistency check completed ===
[2026-09-11T22:12:02-04:00] === Bead state consistency check started ===
[2026-09-11T22:12:02-04:00] Checking for assigned-but-open beads (status=open with assignee)...
[2026-09-11T22:12:02-04:00] Checking for orphaned in-progress beads (status=in_progress without assignee)...
[2026-09-11T22:12:02-04:00] Checking for stale dependency blocks...
[2026-09-11T22:12:02-04:00] === Bead state consistency check completed ===
[2026-09-11T22:27:03-04:00] === Bead state consistency check started ===
[2026-09-11T22:27:03-04:00] Checking for assigned-but-open beads (status=open with assignee)...
[2026-09-11T22:27:03-04:00] Checking for orphaned in-progress beads (status=in_progress without assignee)...
[2026-09-11T22:27:03-04:00] Checking for stale dependency blocks...
[2026-09-11T22:27:03-04:00] === Bead state consistency check completed ===
[2026-09-11T22:42:04-04:00] === Bead state consistency check started ===
[2026-09-11T22:42:04-04:00] Checking for assigned-but-open beads (status=open with assignee)...
[2026-09-11T22:42:04-04:00] Checking for orphaned in-progress beads (status=in_progress without assignee)...
[2026-09-11T22:42:04-04:00] Checking for stale dependency blocks...
[2026-09-11T22:42:04-04:00] === Bead state consistency check completed ===
[2026-09-11T22:57:04-04:00] === Bead state consistency check started ===
[2026-09-11T22:57:04-04:00] Checking for assigned-but-open beads (status=open with assignee)...
[2026-09-11T22:57:04-04:00] Checking for orphaned in-progress beads (status=in_progress without assignee)...
[2026-09-11T22:57:04-04:00] Checking for stale dependency blocks...
[2026-09-11T22:57:04-04:00] === Bead state consistency check completed ===
[2026-09-11T23:12:05-04:00] === Bead state consistency check started ===
[2026-09-11T23:12:05-04:00] Checking for assigned-but-open beads (status=open with assignee)...
[2026-09-11T23:12:05-04:00] Checking for orphaned in-progress beads (status=in_progress without assignee)...
[2026-09-11T23:12:05-04:00] Checking for stale dependency blocks...
[2026-09-11T23:12:05-04:00] === Bead state consistency check completed ===
[2026-09-11T23:27:06-04:00] === Bead state consistency check started ===
[2026-09-11T23:27:06-04:00] Checking for assigned-but-open beads (status=open with assignee)...
[2026-09-11T23:27:06-04:00] Checking for orphaned in-progress beads (status=in_progress without assignee)...
[2026-09-11T23:27:06-04:00] Checking for stale dependency blocks...
[2026-09-11T23:27:06-04:00] === Bead state consistency check completed ===
[2026-09-11T23:42:07-04:00] === Bead state consistency check started ===
[2026-09-11T23:42:07-04:00] Checking for assigned-but-open beads (status=open with assignee)...
[2026-09-11T23:42:07-04:00] Checking for orphaned in-progress beads (status=in_progress without assignee)...
[2026-09-11T23:42:07-04:00] Checking for stale dependency blocks...
[2026-09-11T23:42:07-04:00] === Bead state consistency check completed ===
[2026-09-11T23:57:08-04:00] === Bead state consistency check started ===
[2026-09-11T23:57:08-04:00] Checking for assigned-but-open beads (status=open with assignee)...
[2026-09-11T23:57:08-04:00] Checking for orphaned in-progress beads (status=in_progress without assignee)...
[2026-09-11T23:57:08-04:00] Checking for stale dependency blocks...
[2026-09-11T23:57:08-04:00] === Bead state consistency check completed ===
[2026-09-12T00:12:09-04:00] === Bead state consistency check started ===
[2026-09-12T00:12:09-04:00] Checking for assigned-but-open beads (status=open with assignee)...
[2026-09-12T00:12:09-04:00] Checking for orphaned in-progress beads (status=in_progress without assignee)...
[2026-09-12T00:12:09-04:00] Checking for stale dependency blocks...
[2026-09-12T00:12:09-04:00] === Bead state consistency check completed ===
[2026-09-12T00:27:09-04:00] === Bead state consistency check started ===
[2026-09-12T00:27:09-04:00] Checking for assigned-but-open beads (status=open with assignee)...
[2026-09-12T00:27:09-04:00] Checking for orphaned in-progress beads (status=in_progress without assignee)...
[2026-09-12T00:27:09-04:00] Checking for stale dependency blocks...
[2026-09-12T00:27:09-04:00] === Bead state consistency check completed ===
[2026-09-12T00:42:09-04:00] === Bead state consistency check started ===
[2026-09-12T00:42:09-04:00] Checking for assigned-but-open beads (status=open with assignee)...
[2026-09-12T00:42:09-04:00] Checking for orphaned in-progress beads (status=in_progress without assignee)...
[2026-09-12T00:42:09-04:00] Checking for stale dependency blocks...
[2026-09-12T00:42:09-04:00] === Bead state consistency check completed ===
[2026-09-12T00:57:10-04:00] === Bead state consistency check started ===
[2026-09-12T00:57:10-04:00] Checking for assigned-but-open beads (status=open with assignee)...
[2026-09-12T00:57:10-04:00] Checking for orphaned in-progress beads (status=in_progress without assignee)...
[2026-09-12T00:57:10-04:00] Checking for stale dependency blocks...
[2026-09-12T00:57:10-04:00] === Bead state consistency check completed ===
[2026-09-12T01:12:11-04:00] === Bead state consistency check started ===
[2026-09-12T01:12:11-04:00] Checking for assigned-but-open beads (status=open with assignee)...
[2026-09-12T01:12:11-04:00] Checking for orphaned in-progress beads (status=in_progress without assignee)...
[2026-09-12T01:12:11-04:00] Checking for stale dependency blocks...
[2026-09-12T01:12:11-04:00] === Bead state consistency check completed ===
[2026-09-12T01:27:11-04:00] === Bead state consistency check started ===
[2026-09-12T01:27:11-04:00] Checking for assigned-but-open beads (status=open with assignee)...
[2026-09-12T01:27:11-04:00] Checking for orphaned in-progress beads (status=in_progress without assignee)...
[2026-09-12T01:27:11-04:00] Checking for stale dependency blocks...
[2026-09-12T01:27:11-04:00] === Bead state consistency check completed ===
[2026-09-12T01:42:12-04:00] === Bead state consistency check started ===
[2026-09-12T01:42:12-04:00] Checking for assigned-but-open beads (status=open with assignee)...
[2026-09-12T01:42:12-04:00] Checking for orphaned in-progress beads (status=in_progress without assignee)...
[2026-09-12T01:42:12-04:00] Checking for stale dependency blocks...
[2026-09-12T01:42:12-04:00] === Bead state consistency check completed ===
[2026-09-12T01:57:12-04:00] === Bead state consistency check started ===
[2026-09-12T01:57:12-04:00] Checking for assigned-but-open beads (status=open with assignee)...
[2026-09-12T01:57:12-04:00] Checking for orphaned in-progress beads (status=in_progress without assignee)...
[2026-09-12T01:57:12-04:00] Checking for stale dependency blocks...
[2026-09-12T01:57:12-04:00] === Bead state consistency check completed ===
[2026-09-12T02:12:13-04:00] === Bead state consistency check started ===
[2026-09-12T02:12:13-04:00] Checking for assigned-but-open beads (status=open with assignee)...
[2026-09-12T02:12:13-04:00] Checking for orphaned in-progress beads (status=in_progress without assignee)...
[2026-09-12T02:12:13-04:00] Checking for stale dependency blocks...
[2026-09-12T02:12:13-04:00] === Bead state consistency check completed ===
[2026-09-12T02:27:14-04:00] === Bead state consistency check started ===
[2026-09-12T02:27:14-04:00] Checking for assigned-but-open beads (status=open with assignee)...
[2026-09-12T02:27:14-04:00] Checking for orphaned in-progress beads (status=in_progress without assignee)...
[2026-09-12T02:27:14-04:00] Checking for stale dependency blocks...
[2026-09-12T02:27:14-04:00] === Bead state consistency check completed ===
[2026-09-12T02:42:15-04:00] === Bead state consistency check started ===
[2026-09-12T02:42:15-04:00] Checking for assigned-but-open beads (status=open with assignee)...
[2026-09-12T02:42:15-04:00] Checking for orphaned in-progress beads (status=in_progress without assignee)...
[2026-09-12T02:42:15-04:00] Checking for stale dependency blocks...
[2026-09-12T02:42:15-04:00] === Bead state consistency check completed ===
[2026-09-12T02:57:15-04:00] === Bead state consistency check started ===
[2026-09-12T02:57:15-04:00] Checking for assigned-but-open beads (status=open with assignee)...
[2026-09-12T02:57:15-04:00] Checking for orphaned in-progress beads (status=in_progress without assignee)...
[2026-09-12T02:57:15-04:00] Checking for stale dependency blocks...
[2026-09-12T02:57:15-04:00] === Bead state consistency check completed ===
[2026-09-12T03:12:16-04:00] === Bead state consistency check started ===
[2026-09-12T03:12:16-04:00] Checking for assigned-but-open beads (status=open with assignee)...
[2026-09-12T03:12:16-04:00] Checking for orphaned in-progress beads (status=in_progress without assignee)...
[2026-09-12T03:12:16-04:00] Checking for stale dependency blocks...
[2026-09-12T03:12:16-04:00] === Bead state consistency check completed ===
[2026-09-12T03:27:16-04:00] === Bead state consistency check started ===
[2026-09-12T03:27:16-04:00] Checking for assigned-but-open beads (status=open with assignee)...
[2026-09-12T03:27:16-04:00] Checking for orphaned in-progress beads (status=in_progress without assignee)...
[2026-09-12T03:27:16-04:00] Checking for stale dependency blocks...
[2026-09-12T03:27:16-04:00] === Bead state consistency check completed ===
[2026-09-12T03:42:16-04:00] === Bead state consistency check started ===
[2026-09-12T03:42:16-04:00] Checking for assigned-but-open beads (status=open with assignee)...
[2026-09-12T03:42:16-04:00] Checking for orphaned in-progress beads (status=in_progress without assignee)...
[2026-09-12T03:42:16-04:00] Checking for stale dependency blocks...
[2026-09-12T03:42:16-04:00] === Bead state consistency check completed ===
[2026-09-12T03:57:17-04:00] === Bead state consistency check started ===
[2026-09-12T03:57:17-04:00] Checking for assigned-but-open beads (status=open with assignee)...
[2026-09-12T03:57:17-04:00] Checking for orphaned in-progress beads (status=in_progress without assignee)...
[2026-09-12T03:57:17-04:00] Checking for stale dependency blocks...
[2026-09-12T03:57:17-04:00] === Bead state consistency check completed ===
[2026-09-12T04:12:17-04:00] === Bead state consistency check started ===
[2026-09-12T04:12:17-04:00] Checking for assigned-but-open beads (status=open with assignee)...
[2026-09-12T04:12:17-04:00] Checking for orphaned in-progress beads (status=in_progress without assignee)...
[2026-09-12T04:12:17-04:00] Checking for stale dependency blocks...
[2026-09-12T04:12:17-04:00] === Bead state consistency check completed ===
[2026-09-12T04:27:18-04:00] === Bead state consistency check started ===
[2026-09-12T04:27:18-04:00] Checking for assigned-but-open beads (status=open with assignee)...
[2026-09-12T04:27:18-04:00] Checking for orphaned in-progress beads (status=in_progress without assignee)...
[2026-09-12T04:27:18-04:00] Checking for stale dependency blocks...
[2026-09-12T04:27:18-04:00] === Bead state consistency check completed ===
[2026-09-12T04:42:19-04:00] === Bead state consistency check started ===
[2026-09-12T04:42:19-04:00] Checking for assigned-but-open beads (status=open with assignee)...
[2026-09-12T04:42:19-04:00] Checking for orphaned in-progress beads (status=in_progress without assignee)...
[2026-09-12T04:42:19-04:00] Checking for stale dependency blocks...
[2026-09-12T04:42:19-04:00] === Bead state consistency check completed ===
[2026-09-12T04:57:19-04:00] === Bead state consistency check started ===
[2026-09-12T04:57:19-04:00] Checking for assigned-but-open beads (status=open with assignee)...
[2026-09-12T04:57:19-04:00] Checking for orphaned in-progress beads (status=in_progress without assignee)...
[2026-09-12T04:57:19-04:00] Checking for stale dependency blocks...
[2026-09-12T04:57:19-04:00] === Bead state consistency check completed ===
[2026-09-12T05:12:20-04:00] === Bead state consistency check started ===
[2026-09-12T05:12:20-04:00] Checking for assigned-but-open beads (status=open with assignee)...
[2026-09-12T05:12:20-04:00] Checking for orphaned in-progress beads (status=in_progress without assignee)...
[2026-09-12T05:12:20-04:00] Checking for stale dependency blocks...
[2026-09-12T05:12:20-04:00] === Bead state consistency check completed ===
[2026-09-12T05:27:21-04:00] === Bead state consistency check started ===
[2026-09-12T05:27:21-04:00] Checking for assigned-but-open beads (status=open with assignee)...
[2026-09-12T05:27:21-04:00] Checking for orphaned in-progress beads (status=in_progress without assignee)...
[2026-09-12T05:27:21-04:00] Checking for stale dependency blocks...
[2026-09-12T05:27:21-04:00] === Bead state consistency check completed ===
[2026-09-12T05:42:22-04:00] === Bead state consistency check started ===
[2026-09-12T05:42:22-04:00] Checking for assigned-but-open beads (status=open with assignee)...
[2026-09-12T05:42:22-04:00] Checking for orphaned in-progress beads (status=in_progress without assignee)...
[2026-09-12T05:42:22-04:00] Checking for stale dependency blocks...
[2026-09-12T05:42:22-04:00] === Bead state consistency check completed ===
[2026-09-12T05:57:23-04:00] === Bead state consistency check started ===
[2026-09-12T05:57:23-04:00] Checking for assigned-but-open beads (status=open with assignee)...
[2026-09-12T05:57:23-04:00] Checking for orphaned in-progress beads (status=in_progress without assignee)...
[2026-09-12T05:57:23-04:00] Checking for stale dependency blocks...
[2026-09-12T05:57:23-04:00] === Bead state consistency check completed ===
[2026-09-12T06:12:24-04:00] === Bead state consistency check started ===
[2026-09-12T06:12:24-04:00] Checking for assigned-but-open beads (status=open with assignee)...
[2026-09-12T06:12:24-04:00] Checking for orphaned in-progress beads (status=in_progress without assignee)...
[2026-09-12T06:12:24-04:00] Checking for stale dependency blocks...
[2026-09-12T06:12:24-04:00] === Bead state consistency check completed ===
[2026-09-12T06:27:25-04:00] === Bead state consistency check started ===
[2026-09-12T06:27:25-04:00] Checking for assigned-but-open beads (status=open with assignee)...
[2026-09-12T06:27:25-04:00] Checking for orphaned in-progress beads (status=in_progress without assignee)...
[2026-09-12T06:27:25-04:00] Checking for stale dependency blocks...
[2026-09-12T06:27:25-04:00] === Bead state consistency check completed ===
[2026-09-12T06:42:26-04:00] === Bead state consistency check started ===
[2026-09-12T06:42:26-04:00] Checking for assigned-but-open beads (status=open with assignee)...
[2026-09-12T06:42:26-04:00] Checking for orphaned in-progress beads (status=in_progress without assignee)...
[2026-09-12T06:42:26-04:00] Checking for stale dependency blocks...
[2026-09-12T06:42:26-04:00] === Bead state consistency check completed ===
[2026-09-12T06:57:27-04:00] === Bead state consistency check started ===
[2026-09-12T06:57:27-04:00] Checking for assigned-but-open beads (status=open with assignee)...
[2026-09-12T06:57:27-04:00] Checking for orphaned in-progress beads (status=in_progress without assignee)...
[2026-09-12T06:57:27-04:00] Checking for stale dependency blocks...
[2026-09-12T06:57:27-04:00] === Bead state consistency check completed ===
[2026-09-12T07:12:27-04:00] === Bead state consistency check started ===
[2026-09-12T07:12:27-04:00] Checking for assigned-but-open beads (status=open with assignee)...
[2026-09-12T07:12:27-04:00] Checking for orphaned in-progress beads (status=in_progress without assignee)...
[2026-09-12T07:12:27-04:00] Checking for stale dependency blocks...
[2026-09-12T07:12:27-04:00] === Bead state consistency check completed ===
[2026-09-12T07:27:28-04:00] === Bead state consistency check started ===
[2026-09-12T07:27:28-04:00] Checking for assigned-but-open beads (status=open with assignee)...
[2026-09-12T07:27:28-04:00] Checking for orphaned in-progress beads (status=in_progress without assignee)...
[2026-09-12T07:27:28-04:00] Checking for stale dependency blocks...
[2026-09-12T07:27:28-04:00] === Bead state consistency check completed ===
[2026-09-12T07:42:28-04:00] === Bead state consistency check started ===
[2026-09-12T07:42:28-04:00] Checking for assigned-but-open beads (status=open with assignee)...
[2026-09-12T07:42:28-04:00] Checking for orphaned in-progress beads (status=in_progress without assignee)...
[2026-09-12T07:42:28-04:00] Checking for stale dependency blocks...
[2026-09-12T07:42:28-04:00] === Bead state consistency check completed ===
[2026-09-12T07:57:29-04:00] === Bead state consistency check started ===
[2026-09-12T07:57:29-04:00] Checking for assigned-but-open beads (status=open with assignee)...
[2026-09-12T07:57:29-04:00] Checking for orphaned in-progress beads (status=in_progress without assignee)...
[2026-09-12T07:57:29-04:00] Checking for stale dependency blocks...
[2026-09-12T07:57:29-04:00] === Bead state consistency check completed ===
[2026-09-12T08:12:30-04:00] === Bead state consistency check started ===
[2026-09-12T08:12:30-04:00] Checking for assigned-but-open beads (status=open with assignee)...
[2026-09-12T08:12:30-04:00] Checking for orphaned in-progress beads (status=in_progress without assignee)...
[2026-09-12T08:12:30-04:00] Checking for stale dependency blocks...
[2026-09-12T08:12:30-04:00] === Bead state consistency check completed ===
[2026-09-12T08:27:30-04:00] === Bead state consistency check started ===
[2026-09-12T08:27:30-04:00] Checking for assigned-but-open beads (status=open with assignee)...
[2026-09-12T08:27:30-04:00] Checking for orphaned in-progress beads (status=in_progress without assignee)...
[2026-09-12T08:27:30-04:00] Checking for stale dependency blocks...
[2026-09-12T08:27:30-04:00] === Bead state consistency check completed ===
[2026-09-12T08:42:31-04:00] === Bead state consistency check started ===
[2026-09-12T08:42:31-04:00] Checking for assigned-but-open beads (status=open with assignee)...
[2026-09-12T08:42:31-04:00] Checking for orphaned in-progress beads (status=in_progress without assignee)...
[2026-09-12T08:42:31-04:00] Checking for stale dependency blocks...
[2026-09-12T08:42:31-04:00] === Bead state consistency check completed ===
[2026-09-12T08:57:31-04:00] === Bead state consistency check started ===
[2026-09-12T08:57:31-04:00] Checking for assigned-but-open beads (status=open with assignee)...
[2026-09-12T08:57:31-04:00] Checking for orphaned in-progress beads (status=in_progress without assignee)...
[2026-09-12T08:57:31-04:00] Checking for stale dependency blocks...
[2026-09-12T08:57:31-04:00] === Bead state consistency check completed ===
[2026-09-12T09:12:32-04:00] === Bead state consistency check started ===
[2026-09-12T09:12:32-04:00] Checking for assigned-but-open beads (status=open with assignee)...
[2026-09-12T09:12:32-04:00] Checking for orphaned in-progress beads (status=in_progress without assignee)...
[2026-09-12T09:12:32-04:00] Checking for stale dependency blocks...
[2026-09-12T09:12:32-04:00] === Bead state consistency check completed ===
[2026-09-12T09:27:33-04:00] === Bead state consistency check started ===
[2026-09-12T09:27:33-04:00] Checking for assigned-but-open beads (status=open with assignee)...
[2026-09-12T09:27:33-04:00] Checking for orphaned in-progress beads (status=in_progress without assignee)...
[2026-09-12T09:27:33-04:00] Checking for stale dependency blocks...
[2026-09-12T09:27:33-04:00] === Bead state consistency check completed ===
[2026-09-12T09:42:34-04:00] === Bead state consistency check started ===
[2026-09-12T09:42:34-04:00] Checking for assigned-but-open beads (status=open with assignee)...
[2026-09-12T09:42:34-04:00] Checking for orphaned in-progress beads (status=in_progress without assignee)...
[2026-09-12T09:42:34-04:00] Checking for stale dependency blocks...
[2026-09-12T09:42:34-04:00] === Bead state consistency check completed ===
[2026-09-12T09:57:35-04:00] === Bead state consistency check started ===
[2026-09-12T09:57:35-04:00] Checking for assigned-but-open beads (status=open with assignee)...
[2026-09-12T09:57:35-04:00] Checking for orphaned in-progress beads (status=in_progress without assignee)...
[2026-09-12T09:57:35-04:00] Checking for stale dependency blocks...
[2026-09-12T09:57:35-04:00] === Bead state consistency check completed ===
[2026-09-12T10:12:35-04:00] === Bead state consistency check started ===
[2026-09-12T10:12:35-04:00] Checking for assigned-but-open beads (status=open with assignee)...
[2026-09-12T10:12:35-04:00] Checking for orphaned in-progress beads (status=in_progress without assignee)...
[2026-09-12T10:12:35-04:00] Checking for stale dependency blocks...
[2026-09-12T10:12:35-04:00] === Bead state consistency check completed ===
[2026-09-12T10:27:35-04:00] === Bead state consistency check started ===
[2026-09-12T10:27:35-04:00] Checking for assigned-but-open beads (status=open with assignee)...
[2026-09-12T10:27:35-04:00] Checking for orphaned in-progress beads (status=in_progress without assignee)...
[2026-09-12T10:27:35-04:00] Checking for stale dependency blocks...
[2026-09-12T10:27:35-04:00] === Bead state consistency check completed ===
[2026-09-12T10:42:36-04:00] === Bead state consistency check started ===
[2026-09-12T10:42:36-04:00] Checking for assigned-but-open beads (status=open with assignee)...
[2026-09-12T10:42:36-04:00] Checking for orphaned in-progress beads (status=in_progress without assignee)...
[2026-09-12T10:42:36-04:00] Checking for stale dependency blocks...
[2026-09-12T10:42:36-04:00] === Bead state consistency check completed ===
[2026-09-12T10:57:36-04:00] === Bead state consistency check started ===
[2026-09-12T10:57:36-04:00] Checking for assigned-but-open beads (status=open with assignee)...
[2026-09-12T10:57:36-04:00] Checking for orphaned in-progress beads (status=in_progress without assignee)...
[2026-09-12T10:57:36-04:00] Checking for stale dependency blocks...
[2026-09-12T10:57:36-04:00] === Bead state consistency check completed ===
[2026-09-12T11:12:36-04:00] === Bead state consistency check started ===
[2026-09-12T11:12:36-04:00] Checking for assigned-but-open beads (status=open with assignee)...
[2026-09-12T11:12:36-04:00] Checking for orphaned in-progress beads (status=in_progress without assignee)...
[2026-09-12T11:12:36-04:00] Checking for stale dependency blocks...
[2026-09-12T11:12:36-04:00] === Bead state consistency check completed ===
[2026-09-12T11:27:37-04:00] === Bead state consistency check started ===
[2026-09-12T11:27:37-04:00] Checking for assigned-but-open beads (status=open with assignee)...
[2026-09-12T11:27:37-04:00] Checking for orphaned in-progress beads (status=in_progress without assignee)...
[2026-09-12T11:27:37-04:00] Checking for stale dependency blocks...
[2026-09-12T11:27:37-04:00] === Bead state consistency check completed ===
[2026-09-12T11:42:38-04:00] === Bead state consistency check started ===
[2026-09-12T11:42:38-04:00] Checking for assigned-but-open beads (status=open with assignee)...
[2026-09-12T11:42:38-04:00] Checking for orphaned in-progress beads (status=in_progress without assignee)...
[2026-09-12T11:42:38-04:00] Checking for stale dependency blocks...
[2026-09-12T11:42:38-04:00] === Bead state consistency check completed ===
[2026-09-12T11:57:38-04:00] === Bead state consistency check started ===
[2026-09-12T11:57:38-04:00] Checking for assigned-but-open beads (status=open with assignee)...
[2026-09-12T11:57:38-04:00] Checking for orphaned in-progress beads (status=in_progress without assignee)...
[2026-09-12T11:57:38-04:00] Checking for stale dependency blocks...
[2026-09-12T11:57:38-04:00] === Bead state consistency check completed ===
[2026-09-12T12:12:39-04:00] === Bead state consistency check started ===
[2026-09-12T12:12:39-04:00] Checking for assigned-but-open beads (status=open with assignee)...
[2026-09-12T12:12:39-04:00] Checking for orphaned in-progress beads (status=in_progress without assignee)...
[2026-09-12T12:12:39-04:00] Checking for stale dependency blocks...
[2026-09-12T12:12:39-04:00] === Bead state consistency check completed ===
[2026-09-12T12:27:39-04:00] === Bead state consistency check started ===
[2026-09-12T12:27:39-04:00] Checking for assigned-but-open beads (status=open with assignee)...
[2026-09-12T12:27:39-04:00] Checking for orphaned in-progress beads (status=in_progress without assignee)...
[2026-09-12T12:27:39-04:00] Checking for stale dependency blocks...
[2026-09-12T12:27:39-04:00] === Bead state consistency check completed ===
[2026-09-12T12:42:40-04:00] === Bead state consistency check started ===
[2026-09-12T12:42:40-04:00] Checking for assigned-but-open beads (status=open with assignee)...
[2026-09-12T12:42:40-04:00] Checking for orphaned in-progress beads (status=in_progress without assignee)...
[2026-09-12T12:42:40-04:00] Checking for stale dependency blocks...
[2026-09-12T12:42:40-04:00] === Bead state consistency check completed ===
[2026-09-12T12:57:40-04:00] === Bead state consistency check started ===
[2026-09-12T12:57:40-04:00] Checking for assigned-but-open beads (status=open with assignee)...
[2026-09-12T12:57:40-04:00] Checking for orphaned in-progress beads (status=in_progress without assignee)...
[2026-09-12T12:57:40-04:00] Checking for stale dependency blocks...
[2026-09-12T12:57:40-04:00] === Bead state consistency check completed ===
[2026-09-12T13:12:41-04:00] === Bead state consistency check started ===
[2026-09-12T13:12:41-04:00] Checking for assigned-but-open beads (status=open with assignee)...
[2026-09-12T13:12:41-04:00] Checking for orphaned in-progress beads (status=in_progress without assignee)...
[2026-09-12T13:12:41-04:00] Checking for stale dependency blocks...
[2026-09-12T13:12:41-04:00] === Bead state consistency check completed ===
[2026-09-12T13:27:41-04:00] === Bead state consistency check started ===
[2026-09-12T13:27:41-04:00] Checking for assigned-but-open beads (status=open with assignee)...
[2026-09-12T13:27:41-04:00] Checking for orphaned in-progress beads (status=in_progress without assignee)...
[2026-09-12T13:27:41-04:00] Checking for stale dependency blocks...
[2026-09-12T13:27:41-04:00] === Bead state consistency check completed ===
[2026-09-12T13:42:41-04:00] === Bead state consistency check started ===
[2026-09-12T13:42:41-04:00] Checking for assigned-but-open beads (status=open with assignee)...
[2026-09-12T13:42:41-04:00] Checking for orphaned in-progress beads (status=in_progress without assignee)...
[2026-09-12T13:42:41-04:00] Checking for stale dependency blocks...
[2026-09-12T13:42:41-04:00] === Bead state consistency check completed ===
[2026-09-12T13:57:42-04:00] === Bead state consistency check started ===
[2026-09-12T13:57:42-04:00] Checking for assigned-but-open beads (status=open with assignee)...
[2026-09-12T13:57:42-04:00] Checking for orphaned in-progress beads (status=in_progress without assignee)...
[2026-09-12T13:57:42-04:00] Checking for stale dependency blocks...
[2026-09-12T13:57:42-04:00] === Bead state consistency check completed ===
[2026-09-12T14:12:43-04:00] === Bead state consistency check started ===
[2026-09-12T14:12:43-04:00] Checking for assigned-but-open beads (status=open with assignee)...
[2026-09-12T14:12:43-04:00] Checking for orphaned in-progress beads (status=in_progress without assignee)...
[2026-09-12T14:12:43-04:00] Checking for stale dependency blocks...
[2026-09-12T14:12:43-04:00] === Bead state consistency check completed ===
[2026-09-12T14:27:43-04:00] === Bead state consistency check started ===
[2026-09-12T14:27:43-04:00] Checking for assigned-but-open beads (status=open with assignee)...
[2026-09-12T14:27:43-04:00] Checking for orphaned in-progress beads (status=in_progress without assignee)...
[2026-09-12T14:27:43-04:00] Checking for stale dependency blocks...
[2026-09-12T14:27:43-04:00] === Bead state consistency check completed ===
[2026-09-12T14:42:44-04:00] === Bead state consistency check started ===
[2026-09-12T14:42:44-04:00] Checking for assigned-but-open beads (status=open with assignee)...
[2026-09-12T14:42:44-04:00] Checking for orphaned in-progress beads (status=in_progress without assignee)...
[2026-09-12T14:42:44-04:00] Checking for stale dependency blocks...
[2026-09-12T14:42:44-04:00] === Bead state consistency check completed ===
[2026-09-12T14:57:45-04:00] === Bead state consistency check started ===
[2026-09-12T14:57:45-04:00] Checking for assigned-but-open beads (status=open with assignee)...
[2026-09-12T14:57:45-04:00] Checking for orphaned in-progress beads (status=in_progress without assignee)...
[2026-09-12T14:57:45-04:00] Checking for stale dependency blocks...
[2026-09-12T14:57:45-04:00] === Bead state consistency check completed ===
[2026-09-12T15:12:45-04:00] === Bead state consistency check started ===
[2026-09-12T15:12:45-04:00] Checking for assigned-but-open beads (status=open with assignee)...
[2026-09-12T15:12:45-04:00] Checking for orphaned in-progress beads (status=in_progress without assignee)...
[2026-09-12T15:12:45-04:00] Checking for stale dependency blocks...
[2026-09-12T15:12:45-04:00] === Bead state consistency check completed ===
[2026-09-12T15:27:46-04:00] === Bead state consistency check started ===
[2026-09-12T15:27:46-04:00] Checking for assigned-but-open beads (status=open with assignee)...
[2026-09-12T15:27:46-04:00] Checking for orphaned in-progress beads (status=in_progress without assignee)...
[2026-09-12T15:27:46-04:00] Checking for stale dependency blocks...
[2026-09-12T15:27:46-04:00] === Bead state consistency check completed ===
[2026-09-12T15:42:46-04:00] === Bead state consistency check started ===
[2026-09-12T15:42:46-04:00] Checking for assigned-but-open beads (status=open with assignee)...
[2026-09-12T15:42:46-04:00] Checking for orphaned in-progress beads (status=in_progress without assignee)...
[2026-09-12T15:42:46-04:00] Checking for stale dependency blocks...
[2026-09-12T15:42:46-04:00] === Bead state consistency check completed ===
[2026-09-12T15:57:47-04:00] === Bead state consistency check started ===
[2026-09-12T15:57:47-04:00] Checking for assigned-but-open beads (status=open with assignee)...
[2026-09-12T15:57:47-04:00] Checking for orphaned in-progress beads (status=in_progress without assignee)...
[2026-09-12T15:57:47-04:00] Checking for stale dependency blocks...
[2026-09-12T15:57:47-04:00] === Bead state consistency check completed ===
[2026-09-12T16:12:47-04:00] === Bead state consistency check started ===
[2026-09-12T16:12:47-04:00] Checking for assigned-but-open beads (status=open with assignee)...
[2026-09-12T16:12:47-04:00] Checking for orphaned in-progress beads (status=in_progress without assignee)...
[2026-09-12T16:12:47-04:00] Checking for stale dependency blocks...
[2026-09-12T16:12:47-04:00] === Bead state consistency check completed ===
[2026-09-12T16:27:47-04:00] === Bead state consistency check started ===
[2026-09-12T16:27:47-04:00] Checking for assigned-but-open beads (status=open with assignee)...
[2026-09-12T16:27:47-04:00] Checking for orphaned in-progress beads (status=in_progress without assignee)...
[2026-09-12T16:27:47-04:00] Checking for stale dependency blocks...
[2026-09-12T16:27:47-04:00] === Bead state consistency check completed ===
[2026-09-12T16:42:48-04:00] === Bead state consistency check started ===
[2026-09-12T16:42:48-04:00] Checking for assigned-but-open beads (status=open with assignee)...
[2026-09-12T16:42:48-04:00] Checking for orphaned in-progress beads (status=in_progress without assignee)...
[2026-09-12T16:42:48-04:00] Checking for stale dependency blocks...
[2026-09-12T16:42:48-04:00] === Bead state consistency check completed ===
[2026-09-12T16:57:48-04:00] === Bead state consistency check started ===
[2026-09-12T16:57:48-04:00] Checking for assigned-but-open beads (status=open with assignee)...
[2026-09-12T16:57:48-04:00] Checking for orphaned in-progress beads (status=in_progress without assignee)...
[2026-09-12T16:57:48-04:00] Checking for stale dependency blocks...
[2026-09-12T16:57:48-04:00] === Bead state consistency check completed ===
[2026-09-12T17:12:48-04:00] === Bead state consistency check started ===
[2026-09-12T17:12:48-04:00] Checking for assigned-but-open beads (status=open with assignee)...
[2026-09-12T17:12:48-04:00] Checking for orphaned in-progress beads (status=in_progress without assignee)...
[2026-09-12T17:12:48-04:00] Checking for stale dependency blocks...
[2026-09-12T17:12:48-04:00] === Bead state consistency check completed ===
[2026-09-12T17:27:48-04:00] === Bead state consistency check started ===
[2026-09-12T17:27:48-04:00] Checking for assigned-but-open beads (status=open with assignee)...
[2026-09-12T17:27:48-04:00] Checking for orphaned in-progress beads (status=in_progress without assignee)...
[2026-09-12T17:27:48-04:00] Checking for stale dependency blocks...
[2026-09-12T17:27:48-04:00] === Bead state consistency check completed ===
[2026-09-12T17:42:49-04:00] === Bead state consistency check started ===
[2026-09-12T17:42:49-04:00] Checking for assigned-but-open beads (status=open with assignee)...
[2026-09-12T17:42:49-04:00] Checking for orphaned in-progress beads (status=in_progress without assignee)...
[2026-09-12T17:42:49-04:00] Checking for stale dependency blocks...
[2026-09-12T17:42:49-04:00] === Bead state consistency check completed ===
[2026-09-12T17:57:49-04:00] === Bead state consistency check started ===
[2026-09-12T17:57:49-04:00] Checking for assigned-but-open beads (status=open with assignee)...
[2026-09-12T17:57:49-04:00] Checking for orphaned in-progress beads (status=in_progress without assignee)...
[2026-09-12T17:57:49-04:00] Checking for stale dependency blocks...
[2026-09-12T17:57:49-04:00] === Bead state consistency check completed ===
[2026-09-12T18:12:49-04:00] === Bead state consistency check started ===
[2026-09-12T18:12:49-04:00] Checking for assigned-but-open beads (status=open with assignee)...
[2026-09-12T18:12:49-04:00] Checking for orphaned in-progress beads (status=in_progress without assignee)...
[2026-09-12T18:12:49-04:00] Checking for stale dependency blocks...
[2026-09-12T18:12:49-04:00] === Bead state consistency check completed ===
[2026-09-12T18:27:50-04:00] === Bead state consistency check started ===
[2026-09-12T18:27:50-04:00] Checking for assigned-but-open beads (status=open with assignee)...
[2026-09-12T18:27:50-04:00] Checking for orphaned in-progress beads (status=in_progress without assignee)...
[2026-09-12T18:27:50-04:00] Checking for stale dependency blocks...
[2026-09-12T18:27:50-04:00] === Bead state consistency check completed ===
[2026-09-12T18:42:50-04:00] === Bead state consistency check started ===
[2026-09-12T18:42:50-04:00] Checking for assigned-but-open beads (status=open with assignee)...
[2026-09-12T18:42:50-04:00] Checking for orphaned in-progress beads (status=in_progress without assignee)...
[2026-09-12T18:42:50-04:00] Checking for stale dependency blocks...
[2026-09-12T18:42:50-04:00] === Bead state consistency check completed ===
[2026-09-12T18:57:50-04:00] === Bead state consistency check started ===
[2026-09-12T18:57:50-04:00] Checking for assigned-but-open beads (status=open with assignee)...
[2026-09-12T18:57:50-04:00] Checking for orphaned in-progress beads (status=in_progress without assignee)...
[2026-09-12T18:57:50-04:00] Checking for stale dependency blocks...
[2026-09-12T18:57:50-04:00] === Bead state consistency check completed ===
[2026-09-12T19:12:50-04:00] === Bead state consistency check started ===
[2026-09-12T19:12:50-04:00] Checking for assigned-but-open beads (status=open with assignee)...
[2026-09-12T19:12:50-04:00] Checking for orphaned in-progress beads (status=in_progress without assignee)...
[2026-09-12T19:12:50-04:00] Checking for stale dependency blocks...
[2026-09-12T19:12:50-04:00] === Bead state consistency check completed ===
[2026-09-12T19:27:51-04:00] === Bead state consistency check started ===
[2026-09-12T19:27:51-04:00] Checking for assigned-but-open beads (status=open with assignee)...
[2026-09-12T19:27:51-04:00] Checking for orphaned in-progress beads (status=in_progress without assignee)...
[2026-09-12T19:27:51-04:00] Checking for stale dependency blocks...
[2026-09-12T19:27:51-04:00] === Bead state consistency check completed ===
[2026-09-12T19:42:51-04:00] === Bead state consistency check started ===
[2026-09-12T19:42:51-04:00] Checking for assigned-but-open beads (status=open with assignee)...
[2026-09-12T19:42:51-04:00] Checking for orphaned in-progress beads (status=in_progress without assignee)...
[2026-09-12T19:42:51-04:00] Checking for stale dependency blocks...
[2026-09-12T19:42:51-04:00] === Bead state consistency check completed ===
[2026-09-12T19:57:52-04:00] === Bead state consistency check started ===
[2026-09-12T19:57:52-04:00] Checking for assigned-but-open beads (status=open with assignee)...
[2026-09-12T19:57:52-04:00] Checking for orphaned in-progress beads (status=in_progress without assignee)...
[2026-09-12T19:57:52-04:00] Checking for stale dependency blocks...
[2026-09-12T19:57:52-04:00] === Bead state consistency check completed ===
[2026-09-12T20:12:52-04:00] === Bead state consistency check started ===
[2026-09-12T20:12:52-04:00] Checking for assigned-but-open beads (status=open with assignee)...
[2026-09-12T20:12:52-04:00] Checking for orphaned in-progress beads (status=in_progress without assignee)...
[2026-09-12T20:12:52-04:00] Checking for stale dependency blocks...
[2026-09-12T20:12:52-04:00] === Bead state consistency check completed ===
[2026-09-12T20:27:53-04:00] === Bead state consistency check started ===
[2026-09-12T20:27:53-04:00] Checking for assigned-but-open beads (status=open with assignee)...
[2026-09-12T20:27:53-04:00] Checking for orphaned in-progress beads (status=in_progress without assignee)...
[2026-09-12T20:27:53-04:00] Checking for stale dependency blocks...
[2026-09-12T20:27:53-04:00] === Bead state consistency check completed ===
[2026-09-12T20:42:53-04:00] === Bead state consistency check started ===
[2026-09-12T20:42:53-04:00] Checking for assigned-but-open beads (status=open with assignee)...
[2026-09-12T20:42:53-04:00] Checking for orphaned in-progress beads (status=in_progress without assignee)...
[2026-09-12T20:42:53-04:00] Checking for stale dependency blocks...
[2026-09-12T20:42:53-04:00] === Bead state consistency check completed ===
[2026-09-12T20:57:54-04:00] === Bead state consistency check started ===
[2026-09-12T20:57:54-04:00] Checking for assigned-but-open beads (status=open with assignee)...
[2026-09-12T20:57:54-04:00] Checking for orphaned in-progress beads (status=in_progress without assignee)...
[2026-09-12T20:57:54-04:00] Checking for stale dependency blocks...
[2026-09-12T20:57:54-04:00] === Bead state consistency check completed ===
[2026-09-12T21:12:54-04:00] === Bead state consistency check started ===
[2026-09-12T21:12:54-04:00] Checking for assigned-but-open beads (status=open with assignee)...
[2026-09-12T21:12:54-04:00] Checking for orphaned in-progress beads (status=in_progress without assignee)...
[2026-09-12T21:12:54-04:00] Checking for stale dependency blocks...
[2026-09-12T21:12:54-04:00] === Bead state consistency check completed ===
[2026-09-12T21:27:55-04:00] === Bead state consistency check started ===
[2026-09-12T21:27:55-04:00] Checking for assigned-but-open beads (status=open with assignee)...
[2026-09-12T21:27:55-04:00] Checking for orphaned in-progress beads (status=in_progress without assignee)...
[2026-09-12T21:27:55-04:00] Checking for stale dependency blocks...
[2026-09-12T21:27:55-04:00] === Bead state consistency check completed ===
[2026-09-12T21:42:55-04:00] === Bead state consistency check started ===
[2026-09-12T21:42:55-04:00] Checking for assigned-but-open beads (status=open with assignee)...
[2026-09-12T21:42:55-04:00] Checking for orphaned in-progress beads (status=in_progress without assignee)...
[2026-09-12T21:42:55-04:00] Checking for stale dependency blocks...
[2026-09-12T21:42:55-04:00] === Bead state consistency check completed ===
[2026-09-12T21:57:55-04:00] === Bead state consistency check started ===
[2026-09-12T21:57:55-04:00] Checking for assigned-but-open beads (status=open with assignee)...
[2026-09-12T21:57:55-04:00] Checking for orphaned in-progress beads (status=in_progress without assignee)...
[2026-09-12T21:57:55-04:00] Checking for stale dependency blocks...
[2026-09-12T21:57:55-04:00] === Bead state consistency check completed ===
[2026-09-12T22:12:56-04:00] === Bead state consistency check started ===
[2026-09-12T22:12:56-04:00] Checking for assigned-but-open beads (status=open with assignee)...
[2026-09-12T22:12:56-04:00] Checking for orphaned in-progress beads (status=in_progress without assignee)...
[2026-09-12T22:12:56-04:00] Checking for stale dependency blocks...
[2026-09-12T22:12:56-04:00] === Bead state consistency check completed ===
[2026-09-12T22:27:56-04:00] === Bead state consistency check started ===
[2026-09-12T22:27:56-04:00] Checking for assigned-but-open beads (status=open with assignee)...
[2026-09-12T22:27:56-04:00] Checking for orphaned in-progress beads (status=in_progress without assignee)...
[2026-09-12T22:27:56-04:00] Checking for stale dependency blocks...
[2026-09-12T22:27:56-04:00] === Bead state consistency check completed ===
[2026-09-12T22:42:57-04:00] === Bead state consistency check started ===
[2026-09-12T22:42:57-04:00] Checking for assigned-but-open beads (status=open with assignee)...
[2026-09-12T22:42:57-04:00] Checking for orphaned in-progress beads (status=in_progress without assignee)...
[2026-09-12T22:42:57-04:00] Checking for stale dependency blocks...
[2026-09-12T22:42:57-04:00] === Bead state consistency check completed ===
[2026-09-12T22:57:57-04:00] === Bead state consistency check started ===
[2026-09-12T22:57:57-04:00] Checking for assigned-but-open beads (status=open with assignee)...
[2026-09-12T22:57:57-04:00] Checking for orphaned in-progress beads (status=in_progress without assignee)...
[2026-09-12T22:57:57-04:00] Checking for stale dependency blocks...
[2026-09-12T22:57:57-04:00] === Bead state consistency check completed ===
[2026-09-12T23:12:58-04:00] === Bead state consistency check started ===
[2026-09-12T23:12:58-04:00] Checking for assigned-but-open beads (status=open with assignee)...
[2026-09-12T23:12:58-04:00] Checking for orphaned in-progress beads (status=in_progress without assignee)...
[2026-09-12T23:12:58-04:00] Checking for stale dependency blocks...
[2026-09-12T23:12:58-04:00] === Bead state consistency check completed ===
[2026-09-12T23:27:58-04:00] === Bead state consistency check started ===
[2026-09-12T23:27:58-04:00] Checking for assigned-but-open beads (status=open with assignee)...
[2026-09-12T23:27:58-04:00] Checking for orphaned in-progress beads (status=in_progress without assignee)...
[2026-09-12T23:27:58-04:00] Checking for stale dependency blocks...
[2026-09-12T23:27:58-04:00] === Bead state consistency check completed ===
[2026-09-12T23:42:58-04:00] === Bead state consistency check started ===
[2026-09-12T23:42:58-04:00] Checking for assigned-but-open beads (status=open with assignee)...
[2026-09-12T23:42:58-04:00] Checking for orphaned in-progress beads (status=in_progress without assignee)...
[2026-09-12T23:42:58-04:00] Checking for stale dependency blocks...
[2026-09-12T23:42:58-04:00] === Bead state consistency check completed ===
[2026-09-12T23:57:59-04:00] === Bead state consistency check started ===
[2026-09-12T23:57:59-04:00] Checking for assigned-but-open beads (status=open with assignee)...
[2026-09-12T23:57:59-04:00] Checking for orphaned in-progress beads (status=in_progress without assignee)...
[2026-09-12T23:57:59-04:00] Checking for stale dependency blocks...
[2026-09-12T23:57:59-04:00] === Bead state consistency check completed ===
[2026-09-13T00:12:59-04:00] === Bead state consistency check started ===
[2026-09-13T00:12:59-04:00] Checking for assigned-but-open beads (status=open with assignee)...
[2026-09-13T00:12:59-04:00] Checking for orphaned in-progress beads (status=in_progress without assignee)...
[2026-09-13T00:12:59-04:00] Checking for stale dependency blocks...
[2026-09-13T00:12:59-04:00] === Bead state consistency check completed ===
[2026-09-13T00:27:59-04:00] === Bead state consistency check started ===
[2026-09-13T00:27:59-04:00] Checking for assigned-but-open beads (status=open with assignee)...
[2026-09-13T00:27:59-04:00] Checking for orphaned in-progress beads (status=in_progress without assignee)...
[2026-09-13T00:27:59-04:00] Checking for stale dependency blocks...
[2026-09-13T00:27:59-04:00] === Bead state consistency check completed ===
[2026-09-13T00:42:59-04:00] === Bead state consistency check started ===
[2026-09-13T00:42:59-04:00] Checking for assigned-but-open beads (status=open with assignee)...
[2026-09-13T00:42:59-04:00] Checking for orphaned in-progress beads (status=in_progress without assignee)...
[2026-09-13T00:42:59-04:00] Checking for stale dependency blocks...
[2026-09-13T00:42:59-04:00] === Bead state consistency check completed ===
[2026-09-13T00:57:59-04:00] === Bead state consistency check started ===
[2026-09-13T00:57:59-04:00] Checking for assigned-but-open beads (status=open with assignee)...
[2026-09-13T00:57:59-04:00] Checking for orphaned in-progress beads (status=in_progress without assignee)...
[2026-09-13T00:57:59-04:00] Checking for stale dependency blocks...
[2026-09-13T00:57:59-04:00] === Bead state consistency check completed ===
[2026-09-13T01:13:00-04:00] === Bead state consistency check started ===
[2026-09-13T01:13:00-04:00] Checking for assigned-but-open beads (status=open with assignee)...
[2026-09-13T01:13:00-04:00] Checking for orphaned in-progress beads (status=in_progress without assignee)...
[2026-09-13T01:13:00-04:00] Checking for stale dependency blocks...
[2026-09-13T01:13:00-04:00] === Bead state consistency check completed ===
[2026-09-13T01:28:01-04:00] === Bead state consistency check started ===
[2026-09-13T01:28:01-04:00] Checking for assigned-but-open beads (status=open with assignee)...
[2026-09-13T01:28:01-04:00] Checking for orphaned in-progress beads (status=in_progress without assignee)...
[2026-09-13T01:28:01-04:00] Checking for stale dependency blocks...
[2026-09-13T01:28:01-04:00] === Bead state consistency check completed ===
[2026-09-13T01:43:02-04:00] === Bead state consistency check started ===
[2026-09-13T01:43:02-04:00] Checking for assigned-but-open beads (status=open with assignee)...
[2026-09-13T01:43:02-04:00] Checking for orphaned in-progress beads (status=in_progress without assignee)...
[2026-09-13T01:43:02-04:00] Checking for stale dependency blocks...
[2026-09-13T01:43:02-04:00] === Bead state consistency check completed ===
[2026-09-13T01:58:02-04:00] === Bead state consistency check started ===
[2026-09-13T01:58:02-04:00] Checking for assigned-but-open beads (status=open with assignee)...
[2026-09-13T01:58:02-04:00] Checking for orphaned in-progress beads (status=in_progress without assignee)...
[2026-09-13T01:58:02-04:00] Checking for stale dependency blocks...
[2026-09-13T01:58:02-04:00] === Bead state consistency check completed ===
[2026-09-13T02:13:03-04:00] === Bead state consistency check started ===
[2026-09-13T02:13:03-04:00] Checking for assigned-but-open beads (status=open with assignee)...
[2026-09-13T02:13:03-04:00] Checking for orphaned in-progress beads (status=in_progress without assignee)...
[2026-09-13T02:13:03-04:00] Checking for stale dependency blocks...
[2026-09-13T02:13:03-04:00] === Bead state consistency check completed ===
[2026-09-13T02:28:03-04:00] === Bead state consistency check started ===
[2026-09-13T02:28:03-04:00] Checking for assigned-but-open beads (status=open with assignee)...
[2026-09-13T02:28:03-04:00] Checking for orphaned in-progress beads (status=in_progress without assignee)...
[2026-09-13T02:28:03-04:00] Checking for stale dependency blocks...
[2026-09-13T02:28:03-04:00] === Bead state consistency check completed ===
[2026-09-13T02:43:04-04:00] === Bead state consistency check started ===
[2026-09-13T02:43:04-04:00] Checking for assigned-but-open beads (status=open with assignee)...
[2026-09-13T02:43:04-04:00] Checking for orphaned in-progress beads (status=in_progress without assignee)...
[2026-09-13T02:43:04-04:00] Checking for stale dependency blocks...
[2026-09-13T02:43:04-04:00] === Bead state consistency check completed ===
[2026-09-13T02:58:05-04:00] === Bead state consistency check started ===
[2026-09-13T02:58:05-04:00] Checking for assigned-but-open beads (status=open with assignee)...
[2026-09-13T02:58:05-04:00] Checking for orphaned in-progress beads (status=in_progress without assignee)...
[2026-09-13T02:58:05-04:00] Checking for stale dependency blocks...
[2026-09-13T02:58:05-04:00] === Bead state consistency check completed ===
[2026-09-13T03:13:06-04:00] === Bead state consistency check started ===
[2026-09-13T03:13:06-04:00] Checking for assigned-but-open beads (status=open with assignee)...
[2026-09-13T03:13:06-04:00] Checking for orphaned in-progress beads (status=in_progress without assignee)...
[2026-09-13T03:13:06-04:00] Checking for stale dependency blocks...
[2026-09-13T03:13:06-04:00] === Bead state consistency check completed ===
[2026-09-13T03:28:06-04:00] === Bead state consistency check started ===
[2026-09-13T03:28:06-04:00] Checking for assigned-but-open beads (status=open with assignee)...
[2026-09-13T03:28:06-04:00] Checking for orphaned in-progress beads (status=in_progress without assignee)...
[2026-09-13T03:28:06-04:00] Checking for stale dependency blocks...
[2026-09-13T03:28:06-04:00] === Bead state consistency check completed ===
[2026-09-13T03:43:07-04:00] === Bead state consistency check started ===
[2026-09-13T03:43:07-04:00] Checking for assigned-but-open beads (status=open with assignee)...
[2026-09-13T03:43:07-04:00] Checking for orphaned in-progress beads (status=in_progress without assignee)...
[2026-09-13T03:43:07-04:00] Checking for stale dependency blocks...
[2026-09-13T03:43:07-04:00] === Bead state consistency check completed ===
[2026-09-13T03:58:07-04:00] === Bead state consistency check started ===
[2026-09-13T03:58:07-04:00] Checking for assigned-but-open beads (status=open with assignee)...
[2026-09-13T03:58:07-04:00] Checking for orphaned in-progress beads (status=in_progress without assignee)...
[2026-09-13T03:58:07-04:00] Checking for stale dependency blocks...
[2026-09-13T03:58:07-04:00] === Bead state consistency check completed ===
[2026-09-13T04:13:08-04:00] === Bead state consistency check started ===
[2026-09-13T04:13:08-04:00] Checking for assigned-but-open beads (status=open with assignee)...
[2026-09-13T04:13:08-04:00] Checking for orphaned in-progress beads (status=in_progress without assignee)...
[2026-09-13T04:13:08-04:00] Checking for stale dependency blocks...
[2026-09-13T04:13:08-04:00] === Bead state consistency check completed ===
[2026-09-13T04:28:09-04:00] === Bead state consistency check started ===
[2026-09-13T04:28:09-04:00] Checking for assigned-but-open beads (status=open with assignee)...
[2026-09-13T04:28:09-04:00] Checking for orphaned in-progress beads (status=in_progress without assignee)...
[2026-09-13T04:28:09-04:00] Checking for stale dependency blocks...
[2026-09-13T04:28:09-04:00] === Bead state consistency check completed ===
[2026-09-13T04:43:10-04:00] === Bead state consistency check started ===
[2026-09-13T04:43:10-04:00] Checking for assigned-but-open beads (status=open with assignee)...
[2026-09-13T04:43:10-04:00] Checking for orphaned in-progress beads (status=in_progress without assignee)...
[2026-09-13T04:43:10-04:00] Checking for stale dependency blocks...
[2026-09-13T04:43:10-04:00] === Bead state consistency check completed ===
[2026-09-13T04:58:11-04:00] === Bead state consistency check started ===
[2026-09-13T04:58:11-04:00] Checking for assigned-but-open beads (status=open with assignee)...
[2026-09-13T04:58:11-04:00] Checking for orphaned in-progress beads (status=in_progress without assignee)...
[2026-09-13T04:58:11-04:00] Checking for stale dependency blocks...
[2026-09-13T04:58:11-04:00] === Bead state consistency check completed ===
[2026-09-13T05:13:11-04:00] === Bead state consistency check started ===
[2026-09-13T05:13:11-04:00] Checking for assigned-but-open beads (status=open with assignee)...
[2026-09-13T05:13:11-04:00] Checking for orphaned in-progress beads (status=in_progress without assignee)...
[2026-09-13T05:13:11-04:00] Checking for stale dependency blocks...
[2026-09-13T05:13:11-04:00] === Bead state consistency check completed ===
[2026-09-13T05:28:12-04:00] === Bead state consistency check started ===
[2026-09-13T05:28:12-04:00] Checking for assigned-but-open beads (status=open with assignee)...
[2026-09-13T05:28:12-04:00] Checking for orphaned in-progress beads (status=in_progress without assignee)...
[2026-09-13T05:28:12-04:00] Checking for stale dependency blocks...
[2026-09-13T05:28:12-04:00] === Bead state consistency check completed ===
[2026-09-13T05:43:12-04:00] === Bead state consistency check started ===
[2026-09-13T05:43:12-04:00] Checking for assigned-but-open beads (status=open with assignee)...
[2026-09-13T05:43:12-04:00] Checking for orphaned in-progress beads (status=in_progress without assignee)...
[2026-09-13T05:43:12-04:00] Checking for stale dependency blocks...
[2026-09-13T05:43:12-04:00] === Bead state consistency check completed ===
[2026-09-13T05:58:12-04:00] === Bead state consistency check started ===
[2026-09-13T05:58:12-04:00] Checking for assigned-but-open beads (status=open with assignee)...
[2026-09-13T05:58:12-04:00] Checking for orphaned in-progress beads (status=in_progress without assignee)...
[2026-09-13T05:58:12-04:00] Checking for stale dependency blocks...
[2026-09-13T05:58:12-04:00] === Bead state consistency check completed ===
[2026-09-13T06:13:12-04:00] === Bead state consistency check started ===
[2026-09-13T06:13:12-04:00] Checking for assigned-but-open beads (status=open with assignee)...
[2026-09-13T06:13:12-04:00] Checking for orphaned in-progress beads (status=in_progress without assignee)...
[2026-09-13T06:13:12-04:00] Checking for stale dependency blocks...
[2026-09-13T06:13:12-04:00] === Bead state consistency check completed ===
[2026-09-13T06:28:13-04:00] === Bead state consistency check started ===
[2026-09-13T06:28:13-04:00] Checking for assigned-but-open beads (status=open with assignee)...
[2026-09-13T06:28:13-04:00] Checking for orphaned in-progress beads (status=in_progress without assignee)...
[2026-09-13T06:28:13-04:00] Checking for stale dependency blocks...
[2026-09-13T06:28:13-04:00] === Bead state consistency check completed ===
[2026-09-13T06:43:13-04:00] === Bead state consistency check started ===
[2026-09-13T06:43:13-04:00] Checking for assigned-but-open beads (status=open with assignee)...
[2026-09-13T06:43:13-04:00] Checking for orphaned in-progress beads (status=in_progress without assignee)...
[2026-09-13T06:43:13-04:00] Checking for stale dependency blocks...
[2026-09-13T06:43:13-04:00] === Bead state consistency check completed ===
[2026-09-13T06:58:14-04:00] === Bead state consistency check started ===
[2026-09-13T06:58:14-04:00] Checking for assigned-but-open beads (status=open with assignee)...
[2026-09-13T06:58:14-04:00] Checking for orphaned in-progress beads (status=in_progress without assignee)...
[2026-09-13T06:58:14-04:00] Checking for stale dependency blocks...
[2026-09-13T06:58:14-04:00] === Bead state consistency check completed ===
[2026-09-13T07:13:14-04:00] === Bead state consistency check started ===
[2026-09-13T07:13:14-04:00] Checking for assigned-but-open beads (status=open with assignee)...
[2026-09-13T07:13:14-04:00] Checking for orphaned in-progress beads (status=in_progress without assignee)...
[2026-09-13T07:13:14-04:00] Checking for stale dependency blocks...
[2026-09-13T07:13:14-04:00] === Bead state consistency check completed ===
[2026-09-13T07:28:14-04:00] === Bead state consistency check started ===
[2026-09-13T07:28:14-04:00] Checking for assigned-but-open beads (status=open with assignee)...
[2026-09-13T07:28:14-04:00] Checking for orphaned in-progress beads (status=in_progress without assignee)...
[2026-09-13T07:28:14-04:00] Checking for stale dependency blocks...
[2026-09-13T07:28:14-04:00] === Bead state consistency check completed ===
[2026-09-13T07:43:14-04:00] === Bead state consistency check started ===
[2026-09-13T07:43:14-04:00] Checking for assigned-but-open beads (status=open with assignee)...
[2026-09-13T07:43:14-04:00] Checking for orphaned in-progress beads (status=in_progress without assignee)...
[2026-09-13T07:43:14-04:00] Checking for stale dependency blocks...
[2026-09-13T07:43:14-04:00] === Bead state consistency check completed ===
[2026-09-13T07:58:15-04:00] === Bead state consistency check started ===
[2026-09-13T07:58:15-04:00] Checking for assigned-but-open beads (status=open with assignee)...
[2026-09-13T07:58:15-04:00] Checking for orphaned in-progress beads (status=in_progress without assignee)...
[2026-09-13T07:58:15-04:00] Checking for stale dependency blocks...
[2026-09-13T07:58:15-04:00] === Bead state consistency check completed ===
[2026-09-13T08:13:15-04:00] === Bead state consistency check started ===
[2026-09-13T08:13:15-04:00] Checking for assigned-but-open beads (status=open with assignee)...
[2026-09-13T08:13:15-04:00] Checking for orphaned in-progress beads (status=in_progress without assignee)...
[2026-09-13T08:13:15-04:00] Checking for stale dependency blocks...
[2026-09-13T08:13:15-04:00] === Bead state consistency check completed ===
[2026-09-13T08:28:15-04:00] === Bead state consistency check started ===
[2026-09-13T08:28:15-04:00] Checking for assigned-but-open beads (status=open with assignee)...
[2026-09-13T08:28:15-04:00] Checking for orphaned in-progress beads (status=in_progress without assignee)...
[2026-09-13T08:28:15-04:00] Checking for stale dependency blocks...
[2026-09-13T08:28:15-04:00] === Bead state consistency check completed ===
[2026-09-13T08:43:15-04:00] === Bead state consistency check started ===
[2026-09-13T08:43:15-04:00] Checking for assigned-but-open beads (status=open with assignee)...
[2026-09-13T08:43:15-04:00] Checking for orphaned in-progress beads (status=in_progress without assignee)...
[2026-09-13T08:43:15-04:00] Checking for stale dependency blocks...
[2026-09-13T08:43:15-04:00] === Bead state consistency check completed ===
[2026-09-13T08:58:16-04:00] === Bead state consistency check started ===
[2026-09-13T08:58:16-04:00] Checking for assigned-but-open beads (status=open with assignee)...
[2026-09-13T08:58:16-04:00] Checking for orphaned in-progress beads (status=in_progress without assignee)...
[2026-09-13T08:58:16-04:00] Checking for stale dependency blocks...
[2026-09-13T08:58:16-04:00] === Bead state consistency check completed ===
[2026-09-13T09:13:17-04:00] === Bead state consistency check started ===
[2026-09-13T09:13:17-04:00] Checking for assigned-but-open beads (status=open with assignee)...
[2026-09-13T09:13:17-04:00] Checking for orphaned in-progress beads (status=in_progress without assignee)...
[2026-09-13T09:13:17-04:00] Checking for stale dependency blocks...
[2026-09-13T09:13:17-04:00] === Bead state consistency check completed ===
[2026-09-13T09:28:17-04:00] === Bead state consistency check started ===
[2026-09-13T09:28:17-04:00] Checking for assigned-but-open beads (status=open with assignee)...
[2026-09-13T09:28:17-04:00] Checking for orphaned in-progress beads (status=in_progress without assignee)...
[2026-09-13T09:28:17-04:00] Checking for stale dependency blocks...
[2026-09-13T09:28:17-04:00] === Bead state consistency check completed ===
[2026-09-13T09:43:17-04:00] === Bead state consistency check started ===
[2026-09-13T09:43:17-04:00] Checking for assigned-but-open beads (status=open with assignee)...
[2026-09-13T09:43:17-04:00] Checking for orphaned in-progress beads (status=in_progress without assignee)...
[2026-09-13T09:43:17-04:00] Checking for stale dependency blocks...
[2026-09-13T09:43:17-04:00] === Bead state consistency check completed ===
[2026-09-13T09:58:18-04:00] === Bead state consistency check started ===
[2026-09-13T09:58:18-04:00] Checking for assigned-but-open beads (status=open with assignee)...
[2026-09-13T09:58:18-04:00] Checking for orphaned in-progress beads (status=in_progress without assignee)...
[2026-09-13T09:58:18-04:00] Checking for stale dependency blocks...
[2026-09-13T09:58:18-04:00] === Bead state consistency check completed ===
[2026-09-13T10:13:18-04:00] === Bead state consistency check started ===
[2026-09-13T10:13:18-04:00] Checking for assigned-but-open beads (status=open with assignee)...
[2026-09-13T10:13:18-04:00] Checking for orphaned in-progress beads (status=in_progress without assignee)...
[2026-09-13T10:13:18-04:00] Checking for stale dependency blocks...
[2026-09-13T10:13:18-04:00] === Bead state consistency check completed ===
[2026-09-13T10:28:18-04:00] === Bead state consistency check started ===
[2026-09-13T10:28:18-04:00] Checking for assigned-but-open beads (status=open with assignee)...
[2026-09-13T10:28:18-04:00] Checking for orphaned in-progress beads (status=in_progress without assignee)...
[2026-09-13T10:28:18-04:00] Checking for stale dependency blocks...
[2026-09-13T10:28:18-04:00] === Bead state consistency check completed ===
[2026-09-13T10:43:19-04:00] === Bead state consistency check started ===
[2026-09-13T10:43:19-04:00] Checking for assigned-but-open beads (status=open with assignee)...
[2026-09-13T10:43:19-04:00] Checking for orphaned in-progress beads (status=in_progress without assignee)...
[2026-09-13T10:43:19-04:00] Checking for stale dependency blocks...
[2026-09-13T10:43:19-04:00] === Bead state consistency check completed ===
[2026-09-13T10:58:20-04:00] === Bead state consistency check started ===
[2026-09-13T10:58:20-04:00] Checking for assigned-but-open beads (status=open with assignee)...
[2026-09-13T10:58:20-04:00] Checking for orphaned in-progress beads (status=in_progress without assignee)...
[2026-09-13T10:58:20-04:00] Checking for stale dependency blocks...
[2026-09-13T10:58:20-04:00] === Bead state consistency check completed ===
[2026-09-13T11:13:20-04:00] === Bead state consistency check started ===
[2026-09-13T11:13:20-04:00] Checking for assigned-but-open beads (status=open with assignee)...
[2026-09-13T11:13:20-04:00] Checking for orphaned in-progress beads (status=in_progress without assignee)...
[2026-09-13T11:13:20-04:00] Checking for stale dependency blocks...
[2026-09-13T11:13:20-04:00] === Bead state consistency check completed ===
[2026-09-13T11:28:21-04:00] === Bead state consistency check started ===
[2026-09-13T11:28:21-04:00] Checking for assigned-but-open beads (status=open with assignee)...
[2026-09-13T11:28:21-04:00] Checking for orphaned in-progress beads (status=in_progress without assignee)...
[2026-09-13T11:28:21-04:00] Checking for stale dependency blocks...
[2026-09-13T11:28:21-04:00] === Bead state consistency check completed ===
[2026-09-13T11:43:21-04:00] === Bead state consistency check started ===
[2026-09-13T11:43:21-04:00] Checking for assigned-but-open beads (status=open with assignee)...
[2026-09-13T11:43:21-04:00] Checking for orphaned in-progress beads (status=in_progress without assignee)...
[2026-09-13T11:43:21-04:00] Checking for stale dependency blocks...
[2026-09-13T11:43:21-04:00] === Bead state consistency check completed ===
[2026-09-13T11:58:22-04:00] === Bead state consistency check started ===
[2026-09-13T11:58:22-04:00] Checking for assigned-but-open beads (status=open with assignee)...
[2026-09-13T11:58:22-04:00] Checking for orphaned in-progress beads (status=in_progress without assignee)...
[2026-09-13T11:58:22-04:00] Checking for stale dependency blocks...
[2026-09-13T11:58:22-04:00] === Bead state consistency check completed ===
[2026-09-13T12:13:22-04:00] === Bead state consistency check started ===
[2026-09-13T12:13:22-04:00] Checking for assigned-but-open beads (status=open with assignee)...
[2026-09-13T12:13:22-04:00] Checking for orphaned in-progress beads (status=in_progress without assignee)...
[2026-09-13T12:13:22-04:00] Checking for stale dependency blocks...
[2026-09-13T12:13:22-04:00] === Bead state consistency check completed ===
[2026-09-13T12:28:22-04:00] === Bead state consistency check started ===
[2026-09-13T12:28:22-04:00] Checking for assigned-but-open beads (status=open with assignee)...
[2026-09-13T12:28:22-04:00] Checking for orphaned in-progress beads (status=in_progress without assignee)...
[2026-09-13T12:28:22-04:00] Checking for stale dependency blocks...
[2026-09-13T12:28:22-04:00] === Bead state consistency check completed ===
[2026-09-13T12:43:23-04:00] === Bead state consistency check started ===
[2026-09-13T12:43:23-04:00] Checking for assigned-but-open beads (status=open with assignee)...
[2026-09-13T12:43:23-04:00] Checking for orphaned in-progress beads (status=in_progress without assignee)...
[2026-09-13T12:43:23-04:00] Checking for stale dependency blocks...
[2026-09-13T12:43:23-04:00] === Bead state consistency check completed ===
[2026-09-13T12:58:23-04:00] === Bead state consistency check started ===
[2026-09-13T12:58:23-04:00] Checking for assigned-but-open beads (status=open with assignee)...
[2026-09-13T12:58:23-04:00] Checking for orphaned in-progress beads (status=in_progress without assignee)...
[2026-09-13T12:58:23-04:00] Checking for stale dependency blocks...
[2026-09-13T12:58:23-04:00] === Bead state consistency check completed ===
[2026-09-13T13:13:23-04:00] === Bead state consistency check started ===
[2026-09-13T13:13:23-04:00] Checking for assigned-but-open beads (status=open with assignee)...
[2026-09-13T13:13:23-04:00] Checking for orphaned in-progress beads (status=in_progress without assignee)...
[2026-09-13T13:13:23-04:00] Checking for stale dependency blocks...
[2026-09-13T13:13:23-04:00] === Bead state consistency check completed ===
[2026-09-13T13:28:24-04:00] === Bead state consistency check started ===
[2026-09-13T13:28:24-04:00] Checking for assigned-but-open beads (status=open with assignee)...
[2026-09-13T13:28:24-04:00] Checking for orphaned in-progress beads (status=in_progress without assignee)...
[2026-09-13T13:28:24-04:00] Checking for stale dependency blocks...
[2026-09-13T13:28:24-04:00] === Bead state consistency check completed ===
[2026-09-13T13:43:24-04:00] === Bead state consistency check started ===
[2026-09-13T13:43:24-04:00] Checking for assigned-but-open beads (status=open with assignee)...
[2026-09-13T13:43:24-04:00] Checking for orphaned in-progress beads (status=in_progress without assignee)...
[2026-09-13T13:43:24-04:00] Checking for stale dependency blocks...
[2026-09-13T13:43:24-04:00] === Bead state consistency check completed ===
[2026-09-13T13:58:25-04:00] === Bead state consistency check started ===
[2026-09-13T13:58:25-04:00] Checking for assigned-but-open beads (status=open with assignee)...
[2026-09-13T13:58:25-04:00] Checking for orphaned in-progress beads (status=in_progress without assignee)...
[2026-09-13T13:58:25-04:00] Checking for stale dependency blocks...
[2026-09-13T13:58:25-04:00] === Bead state consistency check completed ===
[2026-09-13T14:13:25-04:00] === Bead state consistency check started ===
[2026-09-13T14:13:25-04:00] Checking for assigned-but-open beads (status=open with assignee)...
[2026-09-13T14:13:25-04:00] Checking for orphaned in-progress beads (status=in_progress without assignee)...
[2026-09-13T14:13:25-04:00] Checking for stale dependency blocks...
[2026-09-13T14:13:25-04:00] === Bead state consistency check completed ===
[2026-09-13T14:28:25-04:00] === Bead state consistency check started ===
[2026-09-13T14:28:25-04:00] Checking for assigned-but-open beads (status=open with assignee)...
[2026-09-13T14:28:25-04:00] Checking for orphaned in-progress beads (status=in_progress without assignee)...
[2026-09-13T14:28:25-04:00] Checking for stale dependency blocks...
[2026-09-13T14:28:25-04:00] === Bead state consistency check completed ===
[2026-09-13T14:43:25-04:00] === Bead state consistency check started ===
[2026-09-13T14:43:25-04:00] Checking for assigned-but-open beads (status=open with assignee)...
[2026-09-13T14:43:25-04:00] Checking for orphaned in-progress beads (status=in_progress without assignee)...
[2026-09-13T14:43:25-04:00] Checking for stale dependency blocks...
[2026-09-13T14:43:25-04:00] === Bead state consistency check completed ===
[2026-09-13T14:58:26-04:00] === Bead state consistency check started ===
[2026-09-13T14:58:26-04:00] Checking for assigned-but-open beads (status=open with assignee)...
[2026-09-13T14:58:26-04:00] Checking for orphaned in-progress beads (status=in_progress without assignee)...
[2026-09-13T14:58:26-04:00] Checking for stale dependency blocks...
[2026-09-13T14:58:26-04:00] === Bead state consistency check completed ===
[2026-09-13T15:13:26-04:00] === Bead state consistency check started ===
[2026-09-13T15:13:26-04:00] Checking for assigned-but-open beads (status=open with assignee)...
[2026-09-13T15:13:26-04:00] Checking for orphaned in-progress beads (status=in_progress without assignee)...
[2026-09-13T15:13:26-04:00] Checking for stale dependency blocks...
[2026-09-13T15:13:26-04:00] === Bead state consistency check completed ===
[2026-09-13T15:28:27-04:00] === Bead state consistency check started ===
[2026-09-13T15:28:27-04:00] Checking for assigned-but-open beads (status=open with assignee)...
[2026-09-13T15:28:27-04:00] Checking for orphaned in-progress beads (status=in_progress without assignee)...
[2026-09-13T15:28:27-04:00] Checking for stale dependency blocks...
[2026-09-13T15:28:27-04:00] === Bead state consistency check completed ===
[2026-09-13T15:43:27-04:00] === Bead state consistency check started ===
[2026-09-13T15:43:27-04:00] Checking for assigned-but-open beads (status=open with assignee)...
[2026-09-13T15:43:27-04:00] Checking for orphaned in-progress beads (status=in_progress without assignee)...
[2026-09-13T15:43:27-04:00] Checking for stale dependency blocks...
[2026-09-13T15:43:27-04:00] === Bead state consistency check completed ===
[2026-09-13T15:58:27-04:00] === Bead state consistency check started ===
[2026-09-13T15:58:27-04:00] Checking for assigned-but-open beads (status=open with assignee)...
[2026-09-13T15:58:27-04:00] Checking for orphaned in-progress beads (status=in_progress without assignee)...
[2026-09-13T15:58:27-04:00] Checking for stale dependency blocks...
[2026-09-13T15:58:27-04:00] === Bead state consistency check completed ===
[2026-09-13T16:13:28-04:00] === Bead state consistency check started ===
[2026-09-13T16:13:28-04:00] Checking for assigned-but-open beads (status=open with assignee)...
[2026-09-13T16:13:28-04:00] Checking for orphaned in-progress beads (status=in_progress without assignee)...
[2026-09-13T16:13:28-04:00] Checking for stale dependency blocks...
[2026-09-13T16:13:28-04:00] === Bead state consistency check completed ===
[2026-09-13T16:28:28-04:00] === Bead state consistency check started ===
[2026-09-13T16:28:28-04:00] Checking for assigned-but-open beads (status=open with assignee)...
[2026-09-13T16:28:28-04:00] Checking for orphaned in-progress beads (status=in_progress without assignee)...
[2026-09-13T16:28:28-04:00] Checking for stale dependency blocks...
[2026-09-13T16:28:28-04:00] === Bead state consistency check completed ===
[2026-09-13T16:43:29-04:00] === Bead state consistency check started ===
[2026-09-13T16:43:29-04:00] Checking for assigned-but-open beads (status=open with assignee)...
[2026-09-13T16:43:29-04:00] Checking for orphaned in-progress beads (status=in_progress without assignee)...
[2026-09-13T16:43:29-04:00] Checking for stale dependency blocks...
[2026-09-13T16:43:29-04:00] === Bead state consistency check completed ===
[2026-09-13T16:58:30-04:00] === Bead state consistency check started ===
[2026-09-13T16:58:30-04:00] Checking for assigned-but-open beads (status=open with assignee)...
[2026-09-13T16:58:30-04:00] Checking for orphaned in-progress beads (status=in_progress without assignee)...
[2026-09-13T16:58:30-04:00] Checking for stale dependency blocks...
[2026-09-13T16:58:30-04:00] === Bead state consistency check completed ===
[2026-09-13T17:13:31-04:00] === Bead state consistency check started ===
[2026-09-13T17:13:31-04:00] Checking for assigned-but-open beads (status=open with assignee)...
[2026-09-13T17:13:31-04:00] Checking for orphaned in-progress beads (status=in_progress without assignee)...
[2026-09-13T17:13:31-04:00] Checking for stale dependency blocks...
[2026-09-13T17:13:31-04:00] === Bead state consistency check completed ===
[2026-09-13T17:28:31-04:00] === Bead state consistency check started ===
[2026-09-13T17:28:31-04:00] Checking for assigned-but-open beads (status=open with assignee)...
[2026-09-13T17:28:31-04:00] Checking for orphaned in-progress beads (status=in_progress without assignee)...
[2026-09-13T17:28:31-04:00] Checking for stale dependency blocks...
[2026-09-13T17:28:31-04:00] === Bead state consistency check completed ===
[2026-09-13T17:43:32-04:00] === Bead state consistency check started ===
[2026-09-13T17:43:32-04:00] Checking for assigned-but-open beads (status=open with assignee)...
[2026-09-13T17:43:32-04:00] Checking for orphaned in-progress beads (status=in_progress without assignee)...
[2026-09-13T17:43:32-04:00] Checking for stale dependency blocks...
[2026-09-13T17:43:32-04:00] === Bead state consistency check completed ===
[2026-09-13T17:58:32-04:00] === Bead state consistency check started ===
[2026-09-13T17:58:32-04:00] Checking for assigned-but-open beads (status=open with assignee)...
[2026-09-13T17:58:32-04:00] Checking for orphaned in-progress beads (status=in_progress without assignee)...
[2026-09-13T17:58:32-04:00] Checking for stale dependency blocks...
[2026-09-13T17:58:32-04:00] === Bead state consistency check completed ===
[2026-09-13T18:13:32-04:00] === Bead state consistency check started ===
[2026-09-13T18:13:32-04:00] Checking for assigned-but-open beads (status=open with assignee)...
[2026-09-13T18:13:32-04:00] Checking for orphaned in-progress beads (status=in_progress without assignee)...
[2026-09-13T18:13:32-04:00] Checking for stale dependency blocks...
[2026-09-13T18:13:32-04:00] === Bead state consistency check completed ===
[2026-09-13T18:28:33-04:00] === Bead state consistency check started ===
[2026-09-13T18:28:33-04:00] Checking for assigned-but-open beads (status=open with assignee)...
[2026-09-13T18:28:33-04:00] Checking for orphaned in-progress beads (status=in_progress without assignee)...
[2026-09-13T18:28:33-04:00] Checking for stale dependency blocks...
[2026-09-13T18:28:33-04:00] === Bead state consistency check completed ===
[2026-09-13T18:43:33-04:00] === Bead state consistency check started ===
[2026-09-13T18:43:33-04:00] Checking for assigned-but-open beads (status=open with assignee)...
[2026-09-13T18:43:33-04:00] Checking for orphaned in-progress beads (status=in_progress without assignee)...
[2026-09-13T18:43:33-04:00] Checking for stale dependency blocks...
[2026-09-13T18:43:33-04:00] === Bead state consistency check completed ===
[2026-09-13T18:58:34-04:00] === Bead state consistency check started ===
[2026-09-13T18:58:34-04:00] Checking for assigned-but-open beads (status=open with assignee)...
[2026-09-13T18:58:34-04:00] Checking for orphaned in-progress beads (status=in_progress without assignee)...
[2026-09-13T18:58:34-04:00] Checking for stale dependency blocks...
[2026-09-13T18:58:34-04:00] === Bead state consistency check completed ===
[2026-09-13T19:13:35-04:00] === Bead state consistency check started ===
[2026-09-13T19:13:35-04:00] Checking for assigned-but-open beads (status=open with assignee)...
[2026-09-13T19:13:35-04:00] Checking for orphaned in-progress beads (status=in_progress without assignee)...
[2026-09-13T19:13:35-04:00] Checking for stale dependency blocks...
[2026-09-13T19:13:35-04:00] === Bead state consistency check completed ===
[2026-09-13T19:28:35-04:00] === Bead state consistency check started ===
[2026-09-13T19:28:35-04:00] Checking for assigned-but-open beads (status=open with assignee)...
[2026-09-13T19:28:35-04:00] Checking for orphaned in-progress beads (status=in_progress without assignee)...
[2026-09-13T19:28:35-04:00] Checking for stale dependency blocks...
[2026-09-13T19:28:35-04:00] === Bead state consistency check completed ===
[2026-09-13T19:43:35-04:00] === Bead state consistency check started ===
[2026-09-13T19:43:35-04:00] Checking for assigned-but-open beads (status=open with assignee)...
[2026-09-13T19:43:35-04:00] Checking for orphaned in-progress beads (status=in_progress without assignee)...
[2026-09-13T19:43:35-04:00] Checking for stale dependency blocks...
[2026-09-13T19:43:35-04:00] === Bead state consistency check completed ===
[2026-09-13T19:58:36-04:00] === Bead state consistency check started ===
[2026-09-13T19:58:36-04:00] Checking for assigned-but-open beads (status=open with assignee)...
[2026-09-13T19:58:36-04:00] Checking for orphaned in-progress beads (status=in_progress without assignee)...
[2026-09-13T19:58:36-04:00] Checking for stale dependency blocks...
[2026-09-13T19:58:36-04:00] === Bead state consistency check completed ===
[2026-09-13T20:13:36-04:00] === Bead state consistency check started ===
[2026-09-13T20:13:36-04:00] Checking for assigned-but-open beads (status=open with assignee)...
[2026-09-13T20:13:36-04:00] Checking for orphaned in-progress beads (status=in_progress without assignee)...
[2026-09-13T20:13:36-04:00] Checking for stale dependency blocks...
[2026-09-13T20:13:36-04:00] === Bead state consistency check completed ===
[2026-09-13T20:28:36-04:00] === Bead state consistency check started ===
[2026-09-13T20:28:36-04:00] Checking for assigned-but-open beads (status=open with assignee)...
[2026-09-13T20:28:36-04:00] Checking for orphaned in-progress beads (status=in_progress without assignee)...
[2026-09-13T20:28:36-04:00] Checking for stale dependency blocks...
[2026-09-13T20:28:36-04:00] === Bead state consistency check completed ===
[2026-09-13T20:43:37-04:00] === Bead state consistency check started ===
[2026-09-13T20:43:37-04:00] Checking for assigned-but-open beads (status=open with assignee)...
[2026-09-13T20:43:37-04:00] Checking for orphaned in-progress beads (status=in_progress without assignee)...
[2026-09-13T20:43:37-04:00] Checking for stale dependency blocks...
[2026-09-13T20:43:37-04:00] === Bead state consistency check completed ===
[2026-09-13T20:58:37-04:00] === Bead state consistency check started ===
[2026-09-13T20:58:37-04:00] Checking for assigned-but-open beads (status=open with assignee)...
[2026-09-13T20:58:37-04:00] Checking for orphaned in-progress beads (status=in_progress without assignee)...
[2026-09-13T20:58:37-04:00] Checking for stale dependency blocks...
[2026-09-13T20:58:37-04:00] === Bead state consistency check completed ===
[2026-09-13T21:13:38-04:00] === Bead state consistency check started ===
[2026-09-13T21:13:38-04:00] Checking for assigned-but-open beads (status=open with assignee)...
[2026-09-13T21:13:38-04:00] Checking for orphaned in-progress beads (status=in_progress without assignee)...
[2026-09-13T21:13:38-04:00] Checking for stale dependency blocks...
[2026-09-13T21:13:38-04:00] === Bead state consistency check completed ===
[2026-09-13T21:28:38-04:00] === Bead state consistency check started ===
[2026-09-13T21:28:38-04:00] Checking for assigned-but-open beads (status=open with assignee)...
[2026-09-13T21:28:38-04:00] Checking for orphaned in-progress beads (status=in_progress without assignee)...
[2026-09-13T21:28:38-04:00] Checking for stale dependency blocks...
[2026-09-13T21:28:38-04:00] === Bead state consistency check completed ===
[2026-09-13T21:43:38-04:00] === Bead state consistency check started ===
[2026-09-13T21:43:38-04:00] Checking for assigned-but-open beads (status=open with assignee)...
[2026-09-13T21:43:38-04:00] Checking for orphaned in-progress beads (status=in_progress without assignee)...
[2026-09-13T21:43:38-04:00] Checking for stale dependency blocks...
[2026-09-13T21:43:38-04:00] === Bead state consistency check completed ===
[2026-09-13T21:58:38-04:00] === Bead state consistency check started ===
[2026-09-13T21:58:38-04:00] Checking for assigned-but-open beads (status=open with assignee)...
[2026-09-13T21:58:38-04:00] Checking for orphaned in-progress beads (status=in_progress without assignee)...
[2026-09-13T21:58:38-04:00] Checking for stale dependency blocks...
[2026-09-13T21:58:38-04:00] === Bead state consistency check completed ===
[2026-09-13T22:13:39-04:00] === Bead state consistency check started ===
[2026-09-13T22:13:39-04:00] Checking for assigned-but-open beads (status=open with assignee)...
[2026-09-13T22:13:39-04:00] Checking for orphaned in-progress beads (status=in_progress without assignee)...
[2026-09-13T22:13:39-04:00] Checking for stale dependency blocks...
[2026-09-13T22:13:39-04:00] === Bead state consistency check completed ===
[2026-09-13T22:28:39-04:00] === Bead state consistency check started ===
[2026-09-13T22:28:39-04:00] Checking for assigned-but-open beads (status=open with assignee)...
[2026-09-13T22:28:39-04:00] Checking for orphaned in-progress beads (status=in_progress without assignee)...
[2026-09-13T22:28:39-04:00] Checking for stale dependency blocks...
[2026-09-13T22:28:39-04:00] === Bead state consistency check completed ===
[2026-09-13T22:43:39-04:00] === Bead state consistency check started ===
[2026-09-13T22:43:39-04:00] Checking for assigned-but-open beads (status=open with assignee)...
[2026-09-13T22:43:39-04:00] Checking for orphaned in-progress beads (status=in_progress without assignee)...
[2026-09-13T22:43:39-04:00] Checking for stale dependency blocks...
[2026-09-13T22:43:39-04:00] === Bead state consistency check completed ===
[2026-09-13T22:58:40-04:00] === Bead state consistency check started ===
[2026-09-13T22:58:40-04:00] Checking for assigned-but-open beads (status=open with assignee)...
[2026-09-13T22:58:40-04:00] Checking for orphaned in-progress beads (status=in_progress without assignee)...
[2026-09-13T22:58:40-04:00] Checking for stale dependency blocks...
[2026-09-13T22:58:40-04:00] === Bead state consistency check completed ===
[2026-09-13T23:13:40-04:00] === Bead state consistency check started ===
[2026-09-13T23:13:40-04:00] Checking for assigned-but-open beads (status=open with assignee)...
[2026-09-13T23:13:40-04:00] Checking for orphaned in-progress beads (status=in_progress without assignee)...
[2026-09-13T23:13:40-04:00] Checking for stale dependency blocks...
[2026-09-13T23:13:40-04:00] === Bead state consistency check completed ===
[2026-09-13T23:28:40-04:00] === Bead state consistency check started ===
[2026-09-13T23:28:40-04:00] Checking for assigned-but-open beads (status=open with assignee)...
[2026-09-13T23:28:40-04:00] Checking for orphaned in-progress beads (status=in_progress without assignee)...
[2026-09-13T23:28:40-04:00] Checking for stale dependency blocks...
[2026-09-13T23:28:40-04:00] === Bead state consistency check completed ===
[2026-09-13T23:43:41-04:00] === Bead state consistency check started ===
[2026-09-13T23:43:41-04:00] Checking for assigned-but-open beads (status=open with assignee)...
[2026-09-13T23:43:41-04:00] Checking for orphaned in-progress beads (status=in_progress without assignee)...
[2026-09-13T23:43:41-04:00] Checking for stale dependency blocks...
[2026-09-13T23:43:41-04:00] === Bead state consistency check completed ===
[2026-09-13T23:58:41-04:00] === Bead state consistency check started ===
[2026-09-13T23:58:41-04:00] Checking for assigned-but-open beads (status=open with assignee)...
[2026-09-13T23:58:41-04:00] Checking for orphaned in-progress beads (status=in_progress without assignee)...
[2026-09-13T23:58:41-04:00] Checking for stale dependency blocks...
[2026-09-13T23:58:41-04:00] === Bead state consistency check completed ===
[2026-09-14T00:13:42-04:00] === Bead state consistency check started ===
[2026-09-14T00:13:42-04:00] Checking for assigned-but-open beads (status=open with assignee)...
[2026-09-14T00:13:42-04:00] Checking for orphaned in-progress beads (status=in_progress without assignee)...
[2026-09-14T00:13:42-04:00] Checking for stale dependency blocks...
[2026-09-14T00:13:42-04:00] === Bead state consistency check completed ===
[2026-09-14T00:28:42-04:00] === Bead state consistency check started ===
[2026-09-14T00:28:42-04:00] Checking for assigned-but-open beads (status=open with assignee)...
[2026-09-14T00:28:42-04:00] Checking for orphaned in-progress beads (status=in_progress without assignee)...
[2026-09-14T00:28:42-04:00] Checking for stale dependency blocks...
[2026-09-14T00:28:42-04:00] === Bead state consistency check completed ===
[2026-09-14T00:43:43-04:00] === Bead state consistency check started ===
[2026-09-14T00:43:43-04:00] Checking for assigned-but-open beads (status=open with assignee)...
[2026-09-14T00:43:43-04:00] Checking for orphaned in-progress beads (status=in_progress without assignee)...
[2026-09-14T00:43:43-04:00] Checking for stale dependency blocks...
[2026-09-14T00:43:43-04:00] === Bead state consistency check completed ===
[2026-09-14T00:58:43-04:00] === Bead state consistency check started ===
[2026-09-14T00:58:43-04:00] Checking for assigned-but-open beads (status=open with assignee)...
[2026-09-14T00:58:43-04:00] Checking for orphaned in-progress beads (status=in_progress without assignee)...
[2026-09-14T00:58:43-04:00] Checking for stale dependency blocks...
[2026-09-14T00:58:43-04:00] === Bead state consistency check completed ===
[2026-09-14T01:13:44-04:00] === Bead state consistency check started ===
[2026-09-14T01:13:44-04:00] Checking for assigned-but-open beads (status=open with assignee)...
[2026-09-14T01:13:44-04:00] Checking for orphaned in-progress beads (status=in_progress without assignee)...
[2026-09-14T01:13:44-04:00] Checking for stale dependency blocks...
[2026-09-14T01:13:44-04:00] === Bead state consistency check completed ===
[2026-09-14T01:28:44-04:00] === Bead state consistency check started ===
[2026-09-14T01:28:44-04:00] Checking for assigned-but-open beads (status=open with assignee)...
[2026-09-14T01:28:44-04:00] Checking for orphaned in-progress beads (status=in_progress without assignee)...
[2026-09-14T01:28:44-04:00] Checking for stale dependency blocks...
[2026-09-14T01:28:44-04:00] === Bead state consistency check completed ===
[2026-09-14T01:43:44-04:00] === Bead state consistency check started ===
[2026-09-14T01:43:44-04:00] Checking for assigned-but-open beads (status=open with assignee)...
[2026-09-14T01:43:44-04:00] Checking for orphaned in-progress beads (status=in_progress without assignee)...
[2026-09-14T01:43:44-04:00] Checking for stale dependency blocks...
[2026-09-14T01:43:44-04:00] === Bead state consistency check completed ===
[2026-09-14T01:58:45-04:00] === Bead state consistency check started ===
[2026-09-14T01:58:45-04:00] Checking for assigned-but-open beads (status=open with assignee)...
[2026-09-14T01:58:45-04:00] Checking for orphaned in-progress beads (status=in_progress without assignee)...
[2026-09-14T01:58:45-04:00] Checking for stale dependency blocks...
[2026-09-14T01:58:45-04:00] === Bead state consistency check completed ===
[2026-09-14T02:13:45-04:00] === Bead state consistency check started ===
[2026-09-14T02:13:45-04:00] Checking for assigned-but-open beads (status=open with assignee)...
[2026-09-14T02:13:45-04:00] Checking for orphaned in-progress beads (status=in_progress without assignee)...
[2026-09-14T02:13:45-04:00] Checking for stale dependency blocks...
[2026-09-14T02:13:45-04:00] === Bead state consistency check completed ===
[2026-09-14T02:28:45-04:00] === Bead state consistency check started ===
[2026-09-14T02:28:45-04:00] Checking for assigned-but-open beads (status=open with assignee)...
[2026-09-14T02:28:45-04:00] Checking for orphaned in-progress beads (status=in_progress without assignee)...
[2026-09-14T02:28:45-04:00] Checking for stale dependency blocks...
[2026-09-14T02:28:45-04:00] === Bead state consistency check completed ===
[2026-09-14T02:43:46-04:00] === Bead state consistency check started ===
[2026-09-14T02:43:46-04:00] Checking for assigned-but-open beads (status=open with assignee)...
[2026-09-14T02:43:46-04:00] Checking for orphaned in-progress beads (status=in_progress without assignee)...
[2026-09-14T02:43:46-04:00] Checking for stale dependency blocks...
[2026-09-14T02:43:46-04:00] === Bead state consistency check completed ===
[2026-09-14T02:58:46-04:00] === Bead state consistency check started ===
[2026-09-14T02:58:46-04:00] Checking for assigned-but-open beads (status=open with assignee)...
[2026-09-14T02:58:46-04:00] Checking for orphaned in-progress beads (status=in_progress without assignee)...
[2026-09-14T02:58:46-04:00] Checking for stale dependency blocks...
[2026-09-14T02:58:46-04:00] === Bead state consistency check completed ===
[2026-09-14T03:13:46-04:00] === Bead state consistency check started ===
[2026-09-14T03:13:46-04:00] Checking for assigned-but-open beads (status=open with assignee)...
[2026-09-14T03:13:46-04:00] Checking for orphaned in-progress beads (status=in_progress without assignee)...
[2026-09-14T03:13:46-04:00] Checking for stale dependency blocks...
[2026-09-14T03:13:46-04:00] === Bead state consistency check completed ===
[2026-09-14T03:28:47-04:00] === Bead state consistency check started ===
[2026-09-14T03:28:47-04:00] Checking for assigned-but-open beads (status=open with assignee)...
[2026-09-14T03:28:47-04:00] Checking for orphaned in-progress beads (status=in_progress without assignee)...
[2026-09-14T03:28:47-04:00] Checking for stale dependency blocks...
[2026-09-14T03:28:47-04:00] === Bead state consistency check completed ===
[2026-09-14T03:43:48-04:00] === Bead state consistency check started ===
[2026-09-14T03:43:48-04:00] Checking for assigned-but-open beads (status=open with assignee)...
[2026-09-14T03:43:48-04:00] Checking for orphaned in-progress beads (status=in_progress without assignee)...
[2026-09-14T03:43:48-04:00] Checking for stale dependency blocks...
[2026-09-14T03:43:48-04:00] === Bead state consistency check completed ===
[2026-09-14T03:58:48-04:00] === Bead state consistency check started ===
[2026-09-14T03:58:48-04:00] Checking for assigned-but-open beads (status=open with assignee)...
[2026-09-14T03:58:48-04:00] Checking for orphaned in-progress beads (status=in_progress without assignee)...
[2026-09-14T03:58:48-04:00] Checking for stale dependency blocks...
[2026-09-14T03:58:48-04:00] === Bead state consistency check completed ===
[2026-09-14T04:13:48-04:00] === Bead state consistency check started ===
[2026-09-14T04:13:48-04:00] Checking for assigned-but-open beads (status=open with assignee)...
[2026-09-14T04:13:48-04:00] Checking for orphaned in-progress beads (status=in_progress without assignee)...
[2026-09-14T04:13:48-04:00] Checking for stale dependency blocks...
[2026-09-14T04:13:48-04:00] === Bead state consistency check completed ===
[2026-09-14T04:28:49-04:00] === Bead state consistency check started ===
[2026-09-14T04:28:49-04:00] Checking for assigned-but-open beads (status=open with assignee)...
[2026-09-14T04:28:49-04:00] Checking for orphaned in-progress beads (status=in_progress without assignee)...
[2026-09-14T04:28:49-04:00] Checking for stale dependency blocks...
[2026-09-14T04:28:49-04:00] === Bead state consistency check completed ===
[2026-09-14T04:43:49-04:00] === Bead state consistency check started ===
[2026-09-14T04:43:49-04:00] Checking for assigned-but-open beads (status=open with assignee)...
[2026-09-14T04:43:49-04:00] Checking for orphaned in-progress beads (status=in_progress without assignee)...
[2026-09-14T04:43:49-04:00] Checking for stale dependency blocks...
[2026-09-14T04:43:49-04:00] === Bead state consistency check completed ===
[2026-09-14T04:58:49-04:00] === Bead state consistency check started ===
[2026-09-14T04:58:49-04:00] Checking for assigned-but-open beads (status=open with assignee)...
[2026-09-14T04:58:49-04:00] Checking for orphaned in-progress beads (status=in_progress without assignee)...
[2026-09-14T04:58:49-04:00] Checking for stale dependency blocks...
[2026-09-14T04:58:49-04:00] === Bead state consistency check completed ===
[2026-09-14T05:13:49-04:00] === Bead state consistency check started ===
[2026-09-14T05:13:49-04:00] Checking for assigned-but-open beads (status=open with assignee)...
[2026-09-14T05:13:49-04:00] Checking for orphaned in-progress beads (status=in_progress without assignee)...
[2026-09-14T05:13:49-04:00] Checking for stale dependency blocks...
[2026-09-14T05:13:49-04:00] === Bead state consistency check completed ===
[2026-09-14T05:28:50-04:00] === Bead state consistency check started ===
[2026-09-14T05:28:50-04:00] Checking for assigned-but-open beads (status=open with assignee)...
[2026-09-14T05:28:50-04:00] Checking for orphaned in-progress beads (status=in_progress without assignee)...
[2026-09-14T05:28:50-04:00] Checking for stale dependency blocks...
[2026-09-14T05:28:50-04:00] === Bead state consistency check completed ===
[2026-09-14T05:43:50-04:00] === Bead state consistency check started ===
[2026-09-14T05:43:50-04:00] Checking for assigned-but-open beads (status=open with assignee)...
[2026-09-14T05:43:50-04:00] Checking for orphaned in-progress beads (status=in_progress without assignee)...
[2026-09-14T05:43:50-04:00] Checking for stale dependency blocks...
[2026-09-14T05:43:50-04:00] === Bead state consistency check completed ===
[2026-09-14T05:58:50-04:00] === Bead state consistency check started ===
[2026-09-14T05:58:50-04:00] Checking for assigned-but-open beads (status=open with assignee)...
[2026-09-14T05:58:50-04:00] Checking for orphaned in-progress beads (status=in_progress without assignee)...
[2026-09-14T05:58:50-04:00] Checking for stale dependency blocks...
[2026-09-14T05:58:50-04:00] === Bead state consistency check completed ===
[2026-09-14T06:13:50-04:00] === Bead state consistency check started ===
[2026-09-14T06:13:50-04:00] Checking for assigned-but-open beads (status=open with assignee)...
[2026-09-14T06:13:50-04:00] Checking for orphaned in-progress beads (status=in_progress without assignee)...
[2026-09-14T06:13:50-04:00] Checking for stale dependency blocks...
[2026-09-14T06:13:50-04:00] === Bead state consistency check completed ===
[2026-09-14T06:28:51-04:00] === Bead state consistency check started ===
[2026-09-14T06:28:51-04:00] Checking for assigned-but-open beads (status=open with assignee)...
[2026-09-14T06:28:51-04:00] Checking for orphaned in-progress beads (status=in_progress without assignee)...
[2026-09-14T06:28:51-04:00] Checking for stale dependency blocks...
[2026-09-14T06:28:51-04:00] === Bead state consistency check completed ===
[2026-09-14T06:43:51-04:00] === Bead state consistency check started ===
[2026-09-14T06:43:51-04:00] Checking for assigned-but-open beads (status=open with assignee)...
[2026-09-14T06:43:51-04:00] Checking for orphaned in-progress beads (status=in_progress without assignee)...
[2026-09-14T06:43:51-04:00] Checking for stale dependency blocks...
[2026-09-14T06:43:51-04:00] === Bead state consistency check completed ===
[2026-09-14T06:58:51-04:00] === Bead state consistency check started ===
[2026-09-14T06:58:51-04:00] Checking for assigned-but-open beads (status=open with assignee)...
[2026-09-14T06:58:51-04:00] Checking for orphaned in-progress beads (status=in_progress without assignee)...
[2026-09-14T06:58:51-04:00] Checking for stale dependency blocks...
[2026-09-14T06:58:51-04:00] === Bead state consistency check completed ===
[2026-09-14T07:13:52-04:00] === Bead state consistency check started ===
[2026-09-14T07:13:52-04:00] Checking for assigned-but-open beads (status=open with assignee)...
[2026-09-14T07:13:52-04:00] Checking for orphaned in-progress beads (status=in_progress without assignee)...
[2026-09-14T07:13:52-04:00] Checking for stale dependency blocks...
[2026-09-14T07:13:52-04:00] === Bead state consistency check completed ===
[2026-09-14T07:28:53-04:00] === Bead state consistency check started ===
[2026-09-14T07:28:53-04:00] Checking for assigned-but-open beads (status=open with assignee)...
[2026-09-14T07:28:53-04:00] Checking for orphaned in-progress beads (status=in_progress without assignee)...
[2026-09-14T07:28:53-04:00] Checking for stale dependency blocks...
[2026-09-14T07:28:53-04:00] === Bead state consistency check completed ===
[2026-09-14T07:43:53-04:00] === Bead state consistency check started ===
[2026-09-14T07:43:53-04:00] Checking for assigned-but-open beads (status=open with assignee)...
[2026-09-14T07:43:53-04:00] Checking for orphaned in-progress beads (status=in_progress without assignee)...
[2026-09-14T07:43:53-04:00] Checking for stale dependency blocks...
[2026-09-14T07:43:53-04:00] === Bead state consistency check completed ===
[2026-09-14T07:58:53-04:00] === Bead state consistency check started ===
[2026-09-14T07:58:53-04:00] Checking for assigned-but-open beads (status=open with assignee)...
[2026-09-14T07:58:53-04:00] Checking for orphaned in-progress beads (status=in_progress without assignee)...
[2026-09-14T07:58:53-04:00] Checking for stale dependency blocks...
[2026-09-14T07:58:53-04:00] === Bead state consistency check completed ===
[2026-09-14T08:13:53-04:00] === Bead state consistency check started ===
[2026-09-14T08:13:53-04:00] Checking for assigned-but-open beads (status=open with assignee)...
[2026-09-14T08:13:53-04:00] Checking for orphaned in-progress beads (status=in_progress without assignee)...
[2026-09-14T08:13:53-04:00] Checking for stale dependency blocks...
[2026-09-14T08:13:53-04:00] === Bead state consistency check completed ===
[2026-09-14T08:28:54-04:00] === Bead state consistency check started ===
[2026-09-14T08:28:54-04:00] Checking for assigned-but-open beads (status=open with assignee)...
[2026-09-14T08:28:54-04:00] Checking for orphaned in-progress beads (status=in_progress without assignee)...
[2026-09-14T08:28:54-04:00] Checking for stale dependency blocks...
[2026-09-14T08:28:54-04:00] === Bead state consistency check completed ===
[2026-09-14T08:43:54-04:00] === Bead state consistency check started ===
[2026-09-14T08:43:54-04:00] Checking for assigned-but-open beads (status=open with assignee)...
[2026-09-14T08:43:54-04:00] Checking for orphaned in-progress beads (status=in_progress without assignee)...
[2026-09-14T08:43:54-04:00] Checking for stale dependency blocks...
[2026-09-14T08:43:54-04:00] === Bead state consistency check completed ===
[2026-09-14T08:58:54-04:00] === Bead state consistency check started ===
[2026-09-14T08:58:54-04:00] Checking for assigned-but-open beads (status=open with assignee)...
[2026-09-14T08:58:54-04:00] Checking for orphaned in-progress beads (status=in_progress without assignee)...
[2026-09-14T08:58:54-04:00] Checking for stale dependency blocks...
[2026-09-14T08:58:54-04:00] === Bead state consistency check completed ===
[2026-09-14T09:13:54-04:00] === Bead state consistency check started ===
[2026-09-14T09:13:54-04:00] Checking for assigned-but-open beads (status=open with assignee)...
[2026-09-14T09:13:54-04:00] Checking for orphaned in-progress beads (status=in_progress without assignee)...
[2026-09-14T09:13:54-04:00] Checking for stale dependency blocks...
[2026-09-14T09:13:54-04:00] === Bead state consistency check completed ===
[2026-09-14T09:28:55-04:00] === Bead state consistency check started ===
[2026-09-14T09:28:55-04:00] Checking for assigned-but-open beads (status=open with assignee)...
[2026-09-14T09:28:55-04:00] Checking for orphaned in-progress beads (status=in_progress without assignee)...
[2026-09-14T09:28:55-04:00] Checking for stale dependency blocks...
[2026-09-14T09:28:55-04:00] === Bead state consistency check completed ===
[2026-09-14T09:43:55-04:00] === Bead state consistency check started ===
[2026-09-14T09:43:55-04:00] Checking for assigned-but-open beads (status=open with assignee)...
[2026-09-14T09:43:55-04:00] Checking for orphaned in-progress beads (status=in_progress without assignee)...
[2026-09-14T09:43:55-04:00] Checking for stale dependency blocks...
[2026-09-14T09:43:55-04:00] === Bead state consistency check completed ===
[2026-09-14T09:58:55-04:00] === Bead state consistency check started ===
[2026-09-14T09:58:55-04:00] Checking for assigned-but-open beads (status=open with assignee)...
[2026-09-14T09:58:55-04:00] Checking for orphaned in-progress beads (status=in_progress without assignee)...
[2026-09-14T09:58:55-04:00] Checking for stale dependency blocks...
[2026-09-14T09:58:55-04:00] === Bead state consistency check completed ===
[2026-09-14T10:13:55-04:00] === Bead state consistency check started ===
[2026-09-14T10:13:55-04:00] Checking for assigned-but-open beads (status=open with assignee)...
[2026-09-14T10:13:55-04:00] Checking for orphaned in-progress beads (status=in_progress without assignee)...
[2026-09-14T10:13:55-04:00] Checking for stale dependency blocks...
[2026-09-14T10:13:55-04:00] === Bead state consistency check completed ===
[2026-09-14T10:28:56-04:00] === Bead state consistency check started ===
[2026-09-14T10:28:56-04:00] Checking for assigned-but-open beads (status=open with assignee)...
[2026-09-14T10:28:56-04:00] Checking for orphaned in-progress beads (status=in_progress without assignee)...
[2026-09-14T10:28:56-04:00] Checking for stale dependency blocks...
[2026-09-14T10:28:56-04:00] === Bead state consistency check completed ===
[2026-09-14T10:43:57-04:00] === Bead state consistency check started ===
[2026-09-14T10:43:57-04:00] Checking for assigned-but-open beads (status=open with assignee)...
[2026-09-14T10:43:57-04:00] Checking for orphaned in-progress beads (status=in_progress without assignee)...
[2026-09-14T10:43:57-04:00] Checking for stale dependency blocks...
[2026-09-14T10:43:57-04:00] === Bead state consistency check completed ===
[2026-09-14T10:58:57-04:00] === Bead state consistency check started ===
[2026-09-14T10:58:57-04:00] Checking for assigned-but-open beads (status=open with assignee)...
[2026-09-14T10:58:57-04:00] Checking for orphaned in-progress beads (status=in_progress without assignee)...
[2026-09-14T10:58:57-04:00] Checking for stale dependency blocks...
[2026-09-14T10:58:57-04:00] === Bead state consistency check completed ===
[2026-09-14T11:13:58-04:00] === Bead state consistency check started ===
[2026-09-14T11:13:58-04:00] Checking for assigned-but-open beads (status=open with assignee)...
[2026-09-14T11:13:58-04:00] Checking for orphaned in-progress beads (status=in_progress without assignee)...
[2026-09-14T11:13:58-04:00] Checking for stale dependency blocks...
[2026-09-14T11:13:58-04:00] === Bead state consistency check completed ===
[2026-09-14T11:28:58-04:00] === Bead state consistency check started ===
[2026-09-14T11:28:58-04:00] Checking for assigned-but-open beads (status=open with assignee)...
[2026-09-14T11:28:58-04:00] Checking for orphaned in-progress beads (status=in_progress without assignee)...
[2026-09-14T11:28:58-04:00] Checking for stale dependency blocks...
[2026-09-14T11:28:58-04:00] === Bead state consistency check completed ===
[2026-09-14T11:43:58-04:00] === Bead state consistency check started ===
[2026-09-14T11:43:58-04:00] Checking for assigned-but-open beads (status=open with assignee)...
[2026-09-14T11:43:58-04:00] Checking for orphaned in-progress beads (status=in_progress without assignee)...
[2026-09-14T11:43:58-04:00] Checking for stale dependency blocks...
[2026-09-14T11:43:58-04:00] === Bead state consistency check completed ===
[2026-09-14T11:58:58-04:00] === Bead state consistency check started ===
[2026-09-14T11:58:58-04:00] Checking for assigned-but-open beads (status=open with assignee)...
[2026-09-14T11:58:58-04:00] Checking for orphaned in-progress beads (status=in_progress without assignee)...
[2026-09-14T11:58:58-04:00] Checking for stale dependency blocks...
[2026-09-14T11:58:58-04:00] === Bead state consistency check completed ===
[2026-09-14T12:13:59-04:00] === Bead state consistency check started ===
[2026-09-14T12:13:59-04:00] Checking for assigned-but-open beads (status=open with assignee)...
[2026-09-14T12:13:59-04:00] Checking for orphaned in-progress beads (status=in_progress without assignee)...
[2026-09-14T12:13:59-04:00] Checking for stale dependency blocks...
[2026-09-14T12:13:59-04:00] === Bead state consistency check completed ===
[2026-09-14T12:28:59-04:00] === Bead state consistency check started ===
[2026-09-14T12:28:59-04:00] Checking for assigned-but-open beads (status=open with assignee)...
[2026-09-14T12:28:59-04:00] Checking for orphaned in-progress beads (status=in_progress without assignee)...
[2026-09-14T12:28:59-04:00] Checking for stale dependency blocks...
[2026-09-14T12:28:59-04:00] === Bead state consistency check completed ===
[2026-09-14T12:43:59-04:00] === Bead state consistency check started ===
[2026-09-14T12:43:59-04:00] Checking for assigned-but-open beads (status=open with assignee)...
[2026-09-14T12:43:59-04:00] Checking for orphaned in-progress beads (status=in_progress without assignee)...
[2026-09-14T12:43:59-04:00] Checking for stale dependency blocks...
[2026-09-14T12:43:59-04:00] === Bead state consistency check completed ===
[2026-09-14T12:59:00-04:00] === Bead state consistency check started ===
[2026-09-14T12:59:00-04:00] Checking for assigned-but-open beads (status=open with assignee)...
[2026-09-14T12:59:00-04:00] Checking for orphaned in-progress beads (status=in_progress without assignee)...
[2026-09-14T12:59:00-04:00] Checking for stale dependency blocks...
[2026-09-14T12:59:00-04:00] === Bead state consistency check completed ===
[2026-09-14T13:14:01-04:00] === Bead state consistency check started ===
[2026-09-14T13:14:01-04:00] Checking for assigned-but-open beads (status=open with assignee)...
[2026-09-14T13:14:01-04:00] Checking for orphaned in-progress beads (status=in_progress without assignee)...
[2026-09-14T13:14:01-04:00] Checking for stale dependency blocks...
[2026-09-14T13:14:01-04:00] === Bead state consistency check completed ===
[2026-09-14T13:29:02-04:00] === Bead state consistency check started ===
[2026-09-14T13:29:02-04:00] Checking for assigned-but-open beads (status=open with assignee)...
[2026-09-14T13:29:02-04:00] Checking for orphaned in-progress beads (status=in_progress without assignee)...
[2026-09-14T13:29:02-04:00] Checking for stale dependency blocks...
[2026-09-14T13:29:02-04:00] === Bead state consistency check completed ===
[2026-09-14T13:44:02-04:00] === Bead state consistency check started ===
[2026-09-14T13:44:02-04:00] Checking for assigned-but-open beads (status=open with assignee)...
[2026-09-14T13:44:02-04:00] Checking for orphaned in-progress beads (status=in_progress without assignee)...
[2026-09-14T13:44:02-04:00] Checking for stale dependency blocks...
[2026-09-14T13:44:02-04:00] === Bead state consistency check completed ===
[2026-09-14T13:59:02-04:00] === Bead state consistency check started ===
[2026-09-14T13:59:02-04:00] Checking for assigned-but-open beads (status=open with assignee)...
[2026-09-14T13:59:02-04:00] Checking for orphaned in-progress beads (status=in_progress without assignee)...
[2026-09-14T13:59:02-04:00] Checking for stale dependency blocks...
[2026-09-14T13:59:02-04:00] === Bead state consistency check completed ===
[2026-09-14T14:14:02-04:00] === Bead state consistency check started ===
[2026-09-14T14:14:02-04:00] Checking for assigned-but-open beads (status=open with assignee)...
[2026-09-14T14:14:02-04:00] Checking for orphaned in-progress beads (status=in_progress without assignee)...
[2026-09-14T14:14:02-04:00] Checking for stale dependency blocks...
[2026-09-14T14:14:02-04:00] === Bead state consistency check completed ===
[2026-09-14T14:29:03-04:00] === Bead state consistency check started ===
[2026-09-14T14:29:03-04:00] Checking for assigned-but-open beads (status=open with assignee)...
[2026-09-14T14:29:03-04:00] Checking for orphaned in-progress beads (status=in_progress without assignee)...
[2026-09-14T14:29:03-04:00] Checking for stale dependency blocks...
[2026-09-14T14:29:03-04:00] === Bead state consistency check completed ===
[2026-09-14T14:44:03-04:00] === Bead state consistency check started ===
[2026-09-14T14:44:03-04:00] Checking for assigned-but-open beads (status=open with assignee)...
[2026-09-14T14:44:03-04:00] Checking for orphaned in-progress beads (status=in_progress without assignee)...
[2026-09-14T14:44:03-04:00] Checking for stale dependency blocks...
[2026-09-14T14:44:03-04:00] === Bead state consistency check completed ===
[2026-09-14T14:59:03-04:00] === Bead state consistency check started ===
[2026-09-14T14:59:03-04:00] Checking for assigned-but-open beads (status=open with assignee)...
[2026-09-14T14:59:03-04:00] Checking for orphaned in-progress beads (status=in_progress without assignee)...
[2026-09-14T14:59:03-04:00] Checking for stale dependency blocks...
[2026-09-14T14:59:03-04:00] === Bead state consistency check completed ===
[2026-09-14T15:14:04-04:00] === Bead state consistency check started ===
[2026-09-14T15:14:04-04:00] Checking for assigned-but-open beads (status=open with assignee)...
[2026-09-14T15:14:04-04:00] Checking for orphaned in-progress beads (status=in_progress without assignee)...
[2026-09-14T15:14:04-04:00] Checking for stale dependency blocks...
[2026-09-14T15:14:04-04:00] === Bead state consistency check completed ===
[2026-09-14T15:29:05-04:00] === Bead state consistency check started ===
[2026-09-14T15:29:05-04:00] Checking for assigned-but-open beads (status=open with assignee)...
[2026-09-14T15:29:05-04:00] Checking for orphaned in-progress beads (status=in_progress without assignee)...
[2026-09-14T15:29:05-04:00] Checking for stale dependency blocks...
[2026-09-14T15:29:05-04:00] === Bead state consistency check completed ===
[2026-09-14T15:44:05-04:00] === Bead state consistency check started ===
[2026-09-14T15:44:05-04:00] Checking for assigned-but-open beads (status=open with assignee)...
[2026-09-14T15:44:05-04:00] Checking for orphaned in-progress beads (status=in_progress without assignee)...
[2026-09-14T15:44:05-04:00] Checking for stale dependency blocks...
[2026-09-14T15:44:05-04:00] === Bead state consistency check completed ===
[2026-09-14T15:59:05-04:00] === Bead state consistency check started ===
[2026-09-14T15:59:05-04:00] Checking for assigned-but-open beads (status=open with assignee)...
[2026-09-14T15:59:05-04:00] Checking for orphaned in-progress beads (status=in_progress without assignee)...
[2026-09-14T15:59:05-04:00] Checking for stale dependency blocks...
[2026-09-14T15:59:05-04:00] === Bead state consistency check completed ===
[2026-09-14T16:14:06-04:00] === Bead state consistency check started ===
[2026-09-14T16:14:06-04:00] Checking for assigned-but-open beads (status=open with assignee)...
[2026-09-14T16:14:06-04:00] Checking for orphaned in-progress beads (status=in_progress without assignee)...
[2026-09-14T16:14:06-04:00] Checking for stale dependency blocks...
[2026-09-14T16:14:06-04:00] === Bead state consistency check completed ===
[2026-09-14T16:29:06-04:00] === Bead state consistency check started ===
[2026-09-14T16:29:06-04:00] Checking for assigned-but-open beads (status=open with assignee)...
[2026-09-14T16:29:06-04:00] Checking for orphaned in-progress beads (status=in_progress without assignee)...
[2026-09-14T16:29:06-04:00] Checking for stale dependency blocks...
[2026-09-14T16:29:06-04:00] === Bead state consistency check completed ===
[2026-09-14T16:44:06-04:00] === Bead state consistency check started ===
[2026-09-14T16:44:06-04:00] Checking for assigned-but-open beads (status=open with assignee)...
[2026-09-14T16:44:06-04:00] Checking for orphaned in-progress beads (status=in_progress without assignee)...
[2026-09-14T16:44:06-04:00] Checking for stale dependency blocks...
[2026-09-14T16:44:06-04:00] === Bead state consistency check completed ===
[2026-09-14T16:59:07-04:00] === Bead state consistency check started ===
[2026-09-14T16:59:07-04:00] Checking for assigned-but-open beads (status=open with assignee)...
[2026-09-14T16:59:07-04:00] Checking for orphaned in-progress beads (status=in_progress without assignee)...
[2026-09-14T16:59:07-04:00] Checking for stale dependency blocks...
[2026-09-14T16:59:07-04:00] === Bead state consistency check completed ===
[2026-09-14T17:14:08-04:00] === Bead state consistency check started ===
[2026-09-14T17:14:08-04:00] Checking for assigned-but-open beads (status=open with assignee)...
[2026-09-14T17:14:08-04:00] Checking for orphaned in-progress beads (status=in_progress without assignee)...
[2026-09-14T17:14:08-04:00] Checking for stale dependency blocks...
[2026-09-14T17:14:08-04:00] === Bead state consistency check completed ===
[2026-09-14T17:29:08-04:00] === Bead state consistency check started ===
[2026-09-14T17:29:08-04:00] Checking for assigned-but-open beads (status=open with assignee)...
[2026-09-14T17:29:08-04:00] Checking for orphaned in-progress beads (status=in_progress without assignee)...
[2026-09-14T17:29:08-04:00] Checking for stale dependency blocks...
[2026-09-14T17:29:08-04:00] === Bead state consistency check completed ===
[2026-09-14T17:44:09-04:00] === Bead state consistency check started ===
[2026-09-14T17:44:09-04:00] Checking for assigned-but-open beads (status=open with assignee)...
[2026-09-14T17:44:09-04:00] Checking for orphaned in-progress beads (status=in_progress without assignee)...
[2026-09-14T17:44:09-04:00] Checking for stale dependency blocks...
[2026-09-14T17:44:09-04:00] === Bead state consistency check completed ===
[2026-09-14T17:59:09-04:00] === Bead state consistency check started ===
[2026-09-14T17:59:09-04:00] Checking for assigned-but-open beads (status=open with assignee)...
[2026-09-14T17:59:09-04:00] Checking for orphaned in-progress beads (status=in_progress without assignee)...
[2026-09-14T17:59:09-04:00] Checking for stale dependency blocks...
[2026-09-14T17:59:09-04:00] === Bead state consistency check completed ===
[2026-09-14T18:14:10-04:00] === Bead state consistency check started ===
[2026-09-14T18:14:10-04:00] Checking for assigned-but-open beads (status=open with assignee)...
[2026-09-14T18:14:10-04:00] Checking for orphaned in-progress beads (status=in_progress without assignee)...
[2026-09-14T18:14:10-04:00] Checking for stale dependency blocks...
[2026-09-14T18:14:10-04:00] === Bead state consistency check completed ===
[2026-09-14T18:29:10-04:00] === Bead state consistency check started ===
[2026-09-14T18:29:10-04:00] Checking for assigned-but-open beads (status=open with assignee)...
[2026-09-14T18:29:10-04:00] Checking for orphaned in-progress beads (status=in_progress without assignee)...
[2026-09-14T18:29:10-04:00] Checking for stale dependency blocks...
[2026-09-14T18:29:10-04:00] === Bead state consistency check completed ===
[2026-09-14T18:44:11-04:00] === Bead state consistency check started ===
[2026-09-14T18:44:11-04:00] Checking for assigned-but-open beads (status=open with assignee)...
[2026-09-14T18:44:11-04:00] Checking for orphaned in-progress beads (status=in_progress without assignee)...
[2026-09-14T18:44:11-04:00] Checking for stale dependency blocks...
[2026-09-14T18:44:11-04:00] === Bead state consistency check completed ===
[2026-09-14T18:59:12-04:00] === Bead state consistency check started ===
[2026-09-14T18:59:12-04:00] Checking for assigned-but-open beads (status=open with assignee)...
[2026-09-14T18:59:12-04:00] Checking for orphaned in-progress beads (status=in_progress without assignee)...
[2026-09-14T18:59:12-04:00] Checking for stale dependency blocks...
[2026-09-14T18:59:12-04:00] === Bead state consistency check completed ===
[2026-09-14T19:14:12-04:00] === Bead state consistency check started ===
[2026-09-14T19:14:12-04:00] Checking for assigned-but-open beads (status=open with assignee)...
[2026-09-14T19:14:12-04:00] Checking for orphaned in-progress beads (status=in_progress without assignee)...
[2026-09-14T19:14:12-04:00] Checking for stale dependency blocks...
[2026-09-14T19:14:12-04:00] === Bead state consistency check completed ===
[2026-09-14T19:29:13-04:00] === Bead state consistency check started ===
[2026-09-14T19:29:13-04:00] Checking for assigned-but-open beads (status=open with assignee)...
[2026-09-14T19:29:13-04:00] Checking for orphaned in-progress beads (status=in_progress without assignee)...
[2026-09-14T19:29:13-04:00] Checking for stale dependency blocks...
[2026-09-14T19:29:13-04:00] === Bead state consistency check completed ===
[2026-09-14T19:44:13-04:00] === Bead state consistency check started ===
[2026-09-14T19:44:13-04:00] Checking for assigned-but-open beads (status=open with assignee)...
[2026-09-14T19:44:13-04:00] Checking for orphaned in-progress beads (status=in_progress without assignee)...
[2026-09-14T19:44:13-04:00] Checking for stale dependency blocks...
[2026-09-14T19:44:13-04:00] === Bead state consistency check completed ===
[2026-09-14T19:59:13-04:00] === Bead state consistency check started ===
[2026-09-14T19:59:13-04:00] Checking for assigned-but-open beads (status=open with assignee)...
[2026-09-14T19:59:13-04:00] Checking for orphaned in-progress beads (status=in_progress without assignee)...
[2026-09-14T19:59:13-04:00] Checking for stale dependency blocks...
[2026-09-14T19:59:13-04:00] === Bead state consistency check completed ===
[2026-09-14T20:14:13-04:00] === Bead state consistency check started ===
[2026-09-14T20:14:13-04:00] Checking for assigned-but-open beads (status=open with assignee)...
[2026-09-14T20:14:13-04:00] Checking for orphaned in-progress beads (status=in_progress without assignee)...
[2026-09-14T20:14:13-04:00] Checking for stale dependency blocks...
[2026-09-14T20:14:13-04:00] === Bead state consistency check completed ===
[2026-09-14T20:29:14-04:00] === Bead state consistency check started ===
[2026-09-14T20:29:14-04:00] Checking for assigned-but-open beads (status=open with assignee)...
[2026-09-14T20:29:14-04:00] Checking for orphaned in-progress beads (status=in_progress without assignee)...
[2026-09-14T20:29:14-04:00] Checking for stale dependency blocks...
[2026-09-14T20:29:14-04:00] === Bead state consistency check completed ===
[2026-09-14T20:44:14-04:00] === Bead state consistency check started ===
[2026-09-14T20:44:14-04:00] Checking for assigned-but-open beads (status=open with assignee)...
[2026-09-14T20:44:14-04:00] Checking for orphaned in-progress beads (status=in_progress without assignee)...
[2026-09-14T20:44:14-04:00] Checking for stale dependency blocks...
[2026-09-14T20:44:14-04:00] === Bead state consistency check completed ===
[2026-09-14T20:59:15-04:00] === Bead state consistency check started ===
[2026-09-14T20:59:15-04:00] Checking for assigned-but-open beads (status=open with assignee)...
[2026-09-14T20:59:15-04:00] Checking for orphaned in-progress beads (status=in_progress without assignee)...
[2026-09-14T20:59:15-04:00] Checking for stale dependency blocks...
[2026-09-14T20:59:15-04:00] === Bead state consistency check completed ===
[2026-09-14T21:14:16-04:00] === Bead state consistency check started ===
[2026-09-14T21:14:16-04:00] Checking for assigned-but-open beads (status=open with assignee)...
[2026-09-14T21:14:16-04:00] Checking for orphaned in-progress beads (status=in_progress without assignee)...
[2026-09-14T21:14:16-04:00] Checking for stale dependency blocks...
[2026-09-14T21:14:16-04:00] === Bead state consistency check completed ===
[2026-09-14T21:29:17-04:00] === Bead state consistency check started ===
[2026-09-14T21:29:17-04:00] Checking for assigned-but-open beads (status=open with assignee)...
[2026-09-14T21:29:17-04:00] Checking for orphaned in-progress beads (status=in_progress without assignee)...
[2026-09-14T21:29:17-04:00] Checking for stale dependency blocks...
[2026-09-14T21:29:17-04:00] === Bead state consistency check completed ===
[2026-09-14T21:44:17-04:00] === Bead state consistency check started ===
[2026-09-14T21:44:17-04:00] Checking for assigned-but-open beads (status=open with assignee)...
[2026-09-14T21:44:17-04:00] Checking for orphaned in-progress beads (status=in_progress without assignee)...
[2026-09-14T21:44:17-04:00] Checking for stale dependency blocks...
[2026-09-14T21:44:17-04:00] === Bead state consistency check completed ===
[2026-09-14T21:59:18-04:00] === Bead state consistency check started ===
[2026-09-14T21:59:18-04:00] Checking for assigned-but-open beads (status=open with assignee)...
[2026-09-14T21:59:18-04:00] Checking for orphaned in-progress beads (status=in_progress without assignee)...
[2026-09-14T21:59:18-04:00] Checking for stale dependency blocks...
[2026-09-14T21:59:18-04:00] === Bead state consistency check completed ===
[2026-09-14T22:14:18-04:00] === Bead state consistency check started ===
[2026-09-14T22:14:18-04:00] Checking for assigned-but-open beads (status=open with assignee)...
[2026-09-14T22:14:18-04:00] Checking for orphaned in-progress beads (status=in_progress without assignee)...
[2026-09-14T22:14:18-04:00] Checking for stale dependency blocks...
[2026-09-14T22:14:18-04:00] === Bead state consistency check completed ===
[2026-09-14T22:29:18-04:00] === Bead state consistency check started ===
[2026-09-14T22:29:18-04:00] Checking for assigned-but-open beads (status=open with assignee)...
[2026-09-14T22:29:18-04:00] Checking for orphaned in-progress beads (status=in_progress without assignee)...
[2026-09-14T22:29:18-04:00] Checking for stale dependency blocks...
[2026-09-14T22:29:18-04:00] === Bead state consistency check completed ===
[2026-09-14T22:44:19-04:00] === Bead state consistency check started ===
[2026-09-14T22:44:19-04:00] Checking for assigned-but-open beads (status=open with assignee)...
[2026-09-14T22:44:19-04:00] Checking for orphaned in-progress beads (status=in_progress without assignee)...
[2026-09-14T22:44:19-04:00] Checking for stale dependency blocks...
[2026-09-14T22:44:19-04:00] === Bead state consistency check completed ===
[2026-09-14T22:59:20-04:00] === Bead state consistency check started ===
[2026-09-14T22:59:20-04:00] Checking for assigned-but-open beads (status=open with assignee)...
[2026-09-14T22:59:20-04:00] Checking for orphaned in-progress beads (status=in_progress without assignee)...
[2026-09-14T22:59:20-04:00] Checking for stale dependency blocks...
[2026-09-14T22:59:20-04:00] === Bead state consistency check completed ===
[2026-09-14T23:14:21-04:00] === Bead state consistency check started ===
[2026-09-14T23:14:21-04:00] Checking for assigned-but-open beads (status=open with assignee)...
[2026-09-14T23:14:21-04:00] Checking for orphaned in-progress beads (status=in_progress without assignee)...
[2026-09-14T23:14:21-04:00] Checking for stale dependency blocks...
[2026-09-14T23:14:21-04:00] === Bead state consistency check completed ===
[2026-09-14T23:29:21-04:00] === Bead state consistency check started ===
[2026-09-14T23:29:21-04:00] Checking for assigned-but-open beads (status=open with assignee)...
[2026-09-14T23:29:21-04:00] Checking for orphaned in-progress beads (status=in_progress without assignee)...
[2026-09-14T23:29:21-04:00] Checking for stale dependency blocks...
[2026-09-14T23:29:21-04:00] === Bead state consistency check completed ===
[2026-09-14T23:44:22-04:00] === Bead state consistency check started ===
[2026-09-14T23:44:22-04:00] Checking for assigned-but-open beads (status=open with assignee)...
[2026-09-14T23:44:22-04:00] Checking for orphaned in-progress beads (status=in_progress without assignee)...
[2026-09-14T23:44:22-04:00] Checking for stale dependency blocks...
[2026-09-14T23:44:22-04:00] === Bead state consistency check completed ===
[2026-09-14T23:59:22-04:00] === Bead state consistency check started ===
[2026-09-14T23:59:22-04:00] Checking for assigned-but-open beads (status=open with assignee)...
[2026-09-14T23:59:22-04:00] Checking for orphaned in-progress beads (status=in_progress without assignee)...
[2026-09-14T23:59:22-04:00] Checking for stale dependency blocks...
[2026-09-14T23:59:22-04:00] === Bead state consistency check completed ===
[2026-09-15T00:14:22-04:00] === Bead state consistency check started ===
[2026-09-15T00:14:22-04:00] Checking for assigned-but-open beads (status=open with assignee)...
[2026-09-15T00:14:22-04:00] Checking for orphaned in-progress beads (status=in_progress without assignee)...
[2026-09-15T00:14:22-04:00] Checking for stale dependency blocks...
[2026-09-15T00:14:22-04:00] === Bead state consistency check completed ===
[2026-09-15T00:29:23-04:00] === Bead state consistency check started ===
[2026-09-15T00:29:23-04:00] Checking for assigned-but-open beads (status=open with assignee)...
[2026-09-15T00:29:23-04:00] Checking for orphaned in-progress beads (status=in_progress without assignee)...
[2026-09-15T00:29:23-04:00] Checking for stale dependency blocks...
[2026-09-15T00:29:23-04:00] === Bead state consistency check completed ===
[2026-09-15T00:44:23-04:00] === Bead state consistency check started ===
[2026-09-15T00:44:23-04:00] Checking for assigned-but-open beads (status=open with assignee)...
[2026-09-15T00:44:23-04:00] Checking for orphaned in-progress beads (status=in_progress without assignee)...
[2026-09-15T00:44:23-04:00] Checking for stale dependency blocks...
[2026-09-15T00:44:23-04:00] === Bead state consistency check completed ===
[2026-09-15T00:59:24-04:00] === Bead state consistency check started ===
[2026-09-15T00:59:24-04:00] Checking for assigned-but-open beads (status=open with assignee)...
[2026-09-15T00:59:24-04:00] Checking for orphaned in-progress beads (status=in_progress without assignee)...
[2026-09-15T00:59:24-04:00] Checking for stale dependency blocks...
[2026-09-15T00:59:24-04:00] === Bead state consistency check completed ===
[2026-09-15T01:14:24-04:00] === Bead state consistency check started ===
[2026-09-15T01:14:24-04:00] Checking for assigned-but-open beads (status=open with assignee)...
[2026-09-15T01:14:24-04:00] Checking for orphaned in-progress beads (status=in_progress without assignee)...
[2026-09-15T01:14:24-04:00] Checking for stale dependency blocks...
[2026-09-15T01:14:24-04:00] === Bead state consistency check completed ===
[2026-09-15T01:29:24-04:00] === Bead state consistency check started ===
[2026-09-15T01:29:24-04:00] Checking for assigned-but-open beads (status=open with assignee)...
[2026-09-15T01:29:24-04:00] Checking for orphaned in-progress beads (status=in_progress without assignee)...
[2026-09-15T01:29:24-04:00] Checking for stale dependency blocks...
[2026-09-15T01:29:24-04:00] === Bead state consistency check completed ===
[2026-09-15T01:44:25-04:00] === Bead state consistency check started ===
[2026-09-15T01:44:25-04:00] Checking for assigned-but-open beads (status=open with assignee)...
[2026-09-15T01:44:25-04:00] Checking for orphaned in-progress beads (status=in_progress without assignee)...
[2026-09-15T01:44:25-04:00] Checking for stale dependency blocks...
[2026-09-15T01:44:25-04:00] === Bead state consistency check completed ===
[2026-09-15T01:59:26-04:00] === Bead state consistency check started ===
[2026-09-15T01:59:26-04:00] Checking for assigned-but-open beads (status=open with assignee)...
[2026-09-15T01:59:26-04:00] Checking for orphaned in-progress beads (status=in_progress without assignee)...
[2026-09-15T01:59:26-04:00] Checking for stale dependency blocks...
[2026-09-15T01:59:26-04:00] === Bead state consistency check completed ===
[2026-09-15T02:14:26-04:00] === Bead state consistency check started ===
[2026-09-15T02:14:26-04:00] Checking for assigned-but-open beads (status=open with assignee)...
[2026-09-15T02:14:26-04:00] Checking for orphaned in-progress beads (status=in_progress without assignee)...
[2026-09-15T02:14:26-04:00] Checking for stale dependency blocks...
[2026-09-15T02:14:26-04:00] === Bead state consistency check completed ===
[2026-09-15T02:29:27-04:00] === Bead state consistency check started ===
[2026-09-15T02:29:27-04:00] Checking for assigned-but-open beads (status=open with assignee)...
[2026-09-15T02:29:27-04:00] Checking for orphaned in-progress beads (status=in_progress without assignee)...
[2026-09-15T02:29:27-04:00] Checking for stale dependency blocks...
[2026-09-15T02:29:27-04:00] === Bead state consistency check completed ===
[2026-09-15T02:44:27-04:00] === Bead state consistency check started ===
[2026-09-15T02:44:27-04:00] Checking for assigned-but-open beads (status=open with assignee)...
[2026-09-15T02:44:27-04:00] Checking for orphaned in-progress beads (status=in_progress without assignee)...
[2026-09-15T02:44:27-04:00] Checking for stale dependency blocks...
[2026-09-15T02:44:27-04:00] === Bead state consistency check completed ===
[2026-09-15T02:59:27-04:00] === Bead state consistency check started ===
[2026-09-15T02:59:27-04:00] Checking for assigned-but-open beads (status=open with assignee)...
[2026-09-15T02:59:27-04:00] Checking for orphaned in-progress beads (status=in_progress without assignee)...
[2026-09-15T02:59:27-04:00] Checking for stale dependency blocks...
[2026-09-15T02:59:27-04:00] === Bead state consistency check completed ===
[2026-09-15T03:14:28-04:00] === Bead state consistency check started ===
[2026-09-15T03:14:28-04:00] Checking for assigned-but-open beads (status=open with assignee)...
[2026-09-15T03:14:28-04:00] Checking for orphaned in-progress beads (status=in_progress without assignee)...
[2026-09-15T03:14:28-04:00] Checking for stale dependency blocks...
[2026-09-15T03:14:28-04:00] === Bead state consistency check completed ===
[2026-09-15T03:29:28-04:00] === Bead state consistency check started ===
[2026-09-15T03:29:28-04:00] Checking for assigned-but-open beads (status=open with assignee)...
[2026-09-15T03:29:28-04:00] Checking for orphaned in-progress beads (status=in_progress without assignee)...
[2026-09-15T03:29:28-04:00] Checking for stale dependency blocks...
[2026-09-15T03:29:28-04:00] === Bead state consistency check completed ===
[2026-09-15T03:44:28-04:00] === Bead state consistency check started ===
[2026-09-15T03:44:28-04:00] Checking for assigned-but-open beads (status=open with assignee)...
[2026-09-15T03:44:28-04:00] Checking for orphaned in-progress beads (status=in_progress without assignee)...
[2026-09-15T03:44:28-04:00] Checking for stale dependency blocks...
[2026-09-15T03:44:28-04:00] === Bead state consistency check completed ===
[2026-09-15T03:59:29-04:00] === Bead state consistency check started ===
[2026-09-15T03:59:29-04:00] Checking for assigned-but-open beads (status=open with assignee)...
[2026-09-15T03:59:29-04:00] Checking for orphaned in-progress beads (status=in_progress without assignee)...
[2026-09-15T03:59:29-04:00] Checking for stale dependency blocks...
[2026-09-15T03:59:29-04:00] === Bead state consistency check completed ===
[2026-09-15T04:14:29-04:00] === Bead state consistency check started ===
[2026-09-15T04:14:29-04:00] Checking for assigned-but-open beads (status=open with assignee)...
[2026-09-15T04:14:29-04:00] Checking for orphaned in-progress beads (status=in_progress without assignee)...
[2026-09-15T04:14:29-04:00] Checking for stale dependency blocks...
[2026-09-15T04:14:29-04:00] === Bead state consistency check completed ===
[2026-09-15T04:29:29-04:00] === Bead state consistency check started ===
[2026-09-15T04:29:29-04:00] Checking for assigned-but-open beads (status=open with assignee)...
[2026-09-15T04:29:29-04:00] Checking for orphaned in-progress beads (status=in_progress without assignee)...
[2026-09-15T04:29:29-04:00] Checking for stale dependency blocks...
[2026-09-15T04:29:29-04:00] === Bead state consistency check completed ===
[2026-09-15T04:44:30-04:00] === Bead state consistency check started ===
[2026-09-15T04:44:30-04:00] Checking for assigned-but-open beads (status=open with assignee)...
[2026-09-15T04:44:30-04:00] Checking for orphaned in-progress beads (status=in_progress without assignee)...
[2026-09-15T04:44:30-04:00] Checking for stale dependency blocks...
[2026-09-15T04:44:30-04:00] === Bead state consistency check completed ===
[2026-09-15T04:59:30-04:00] === Bead state consistency check started ===
[2026-09-15T04:59:30-04:00] Checking for assigned-but-open beads (status=open with assignee)...
[2026-09-15T04:59:30-04:00] Checking for orphaned in-progress beads (status=in_progress without assignee)...
[2026-09-15T04:59:30-04:00] Checking for stale dependency blocks...
[2026-09-15T04:59:30-04:00] === Bead state consistency check completed ===
[2026-09-15T05:14:31-04:00] === Bead state consistency check started ===
[2026-09-15T05:14:31-04:00] Checking for assigned-but-open beads (status=open with assignee)...
[2026-09-15T05:14:31-04:00] Checking for orphaned in-progress beads (status=in_progress without assignee)...
[2026-09-15T05:14:31-04:00] Checking for stale dependency blocks...
[2026-09-15T05:14:31-04:00] === Bead state consistency check completed ===
[2026-09-15T05:29:31-04:00] === Bead state consistency check started ===
[2026-09-15T05:29:31-04:00] Checking for assigned-but-open beads (status=open with assignee)...
[2026-09-15T05:29:31-04:00] Checking for orphaned in-progress beads (status=in_progress without assignee)...
[2026-09-15T05:29:31-04:00] Checking for stale dependency blocks...
[2026-09-15T05:29:31-04:00] === Bead state consistency check completed ===
[2026-09-15T05:44:31-04:00] === Bead state consistency check started ===
[2026-09-15T05:44:31-04:00] Checking for assigned-but-open beads (status=open with assignee)...
[2026-09-15T05:44:31-04:00] Checking for orphaned in-progress beads (status=in_progress without assignee)...
[2026-09-15T05:44:31-04:00] Checking for stale dependency blocks...
[2026-09-15T05:44:31-04:00] === Bead state consistency check completed ===
[2026-09-15T05:59:31-04:00] === Bead state consistency check started ===
[2026-09-15T05:59:31-04:00] Checking for assigned-but-open beads (status=open with assignee)...
[2026-09-15T05:59:31-04:00] Checking for orphaned in-progress beads (status=in_progress without assignee)...
[2026-09-15T05:59:31-04:00] Checking for stale dependency blocks...
[2026-09-15T05:59:31-04:00] === Bead state consistency check completed ===
[2026-09-15T06:14:32-04:00] === Bead state consistency check started ===
[2026-09-15T06:14:32-04:00] Checking for assigned-but-open beads (status=open with assignee)...
[2026-09-15T06:14:32-04:00] Checking for orphaned in-progress beads (status=in_progress without assignee)...
[2026-09-15T06:14:32-04:00] Checking for stale dependency blocks...
[2026-09-15T06:14:32-04:00] === Bead state consistency check completed ===
[2026-09-15T06:29:32-04:00] === Bead state consistency check started ===
[2026-09-15T06:29:32-04:00] Checking for assigned-but-open beads (status=open with assignee)...
[2026-09-15T06:29:32-04:00] Checking for orphaned in-progress beads (status=in_progress without assignee)...
[2026-09-15T06:29:32-04:00] Checking for stale dependency blocks...
[2026-09-15T06:29:32-04:00] === Bead state consistency check completed ===
[2026-09-15T06:44:33-04:00] === Bead state consistency check started ===
[2026-09-15T06:44:33-04:00] Checking for assigned-but-open beads (status=open with assignee)...
[2026-09-15T06:44:33-04:00] Checking for orphaned in-progress beads (status=in_progress without assignee)...
[2026-09-15T06:44:33-04:00] Checking for stale dependency blocks...
[2026-09-15T06:44:33-04:00] === Bead state consistency check completed ===
[2026-09-15T06:59:34-04:00] === Bead state consistency check started ===
[2026-09-15T06:59:34-04:00] Checking for assigned-but-open beads (status=open with assignee)...
[2026-09-15T06:59:34-04:00] Checking for orphaned in-progress beads (status=in_progress without assignee)...
[2026-09-15T06:59:34-04:00] Checking for stale dependency blocks...
[2026-09-15T06:59:34-04:00] === Bead state consistency check completed ===
[2026-09-15T07:14:34-04:00] === Bead state consistency check started ===
[2026-09-15T07:14:34-04:00] Checking for assigned-but-open beads (status=open with assignee)...
[2026-09-15T07:14:34-04:00] Checking for orphaned in-progress beads (status=in_progress without assignee)...
[2026-09-15T07:14:34-04:00] Checking for stale dependency blocks...
[2026-09-15T07:14:34-04:00] === Bead state consistency check completed ===
[2026-09-15T07:29:35-04:00] === Bead state consistency check started ===
[2026-09-15T07:29:35-04:00] Checking for assigned-but-open beads (status=open with assignee)...
[2026-09-15T07:29:35-04:00] Checking for orphaned in-progress beads (status=in_progress without assignee)...
[2026-09-15T07:29:35-04:00] Checking for stale dependency blocks...
[2026-09-15T07:29:35-04:00] === Bead state consistency check completed ===
[2026-09-15T07:44:35-04:00] === Bead state consistency check started ===
[2026-09-15T07:44:35-04:00] Checking for assigned-but-open beads (status=open with assignee)...
[2026-09-15T07:44:35-04:00] Checking for orphaned in-progress beads (status=in_progress without assignee)...
[2026-09-15T07:44:35-04:00] Checking for stale dependency blocks...
[2026-09-15T07:44:35-04:00] === Bead state consistency check completed ===
[2026-09-15T07:59:36-04:00] === Bead state consistency check started ===
[2026-09-15T07:59:36-04:00] Checking for assigned-but-open beads (status=open with assignee)...
[2026-09-15T07:59:36-04:00] Checking for orphaned in-progress beads (status=in_progress without assignee)...
[2026-09-15T07:59:36-04:00] Checking for stale dependency blocks...
[2026-09-15T07:59:36-04:00] === Bead state consistency check completed ===
[2026-09-15T08:14:36-04:00] === Bead state consistency check started ===
[2026-09-15T08:14:36-04:00] Checking for assigned-but-open beads (status=open with assignee)...
[2026-09-15T08:14:36-04:00] Checking for orphaned in-progress beads (status=in_progress without assignee)...
[2026-09-15T08:14:36-04:00] Checking for stale dependency blocks...
[2026-09-15T08:14:36-04:00] === Bead state consistency check completed ===
[2026-09-15T08:29:36-04:00] === Bead state consistency check started ===
[2026-09-15T08:29:36-04:00] Checking for assigned-but-open beads (status=open with assignee)...
[2026-09-15T08:29:36-04:00] Checking for orphaned in-progress beads (status=in_progress without assignee)...
[2026-09-15T08:29:36-04:00] Checking for stale dependency blocks...
[2026-09-15T08:29:36-04:00] === Bead state consistency check completed ===
[2026-09-15T08:44:37-04:00] === Bead state consistency check started ===
[2026-09-15T08:44:37-04:00] Checking for assigned-but-open beads (status=open with assignee)...
[2026-09-15T08:44:37-04:00] Checking for orphaned in-progress beads (status=in_progress without assignee)...
[2026-09-15T08:44:37-04:00] Checking for stale dependency blocks...
[2026-09-15T08:44:37-04:00] === Bead state consistency check completed ===
[2026-09-15T08:59:37-04:00] === Bead state consistency check started ===
[2026-09-15T08:59:37-04:00] Checking for assigned-but-open beads (status=open with assignee)...
[2026-09-15T08:59:37-04:00] Checking for orphaned in-progress beads (status=in_progress without assignee)...
[2026-09-15T08:59:37-04:00] Checking for stale dependency blocks...
[2026-09-15T08:59:37-04:00] === Bead state consistency check completed ===
[2026-09-15T09:14:37-04:00] === Bead state consistency check started ===
[2026-09-15T09:14:37-04:00] Checking for assigned-but-open beads (status=open with assignee)...
[2026-09-15T09:14:37-04:00] Checking for orphaned in-progress beads (status=in_progress without assignee)...
[2026-09-15T09:14:37-04:00] Checking for stale dependency blocks...
[2026-09-15T09:14:37-04:00] === Bead state consistency check completed ===
[2026-09-15T09:29:38-04:00] === Bead state consistency check started ===
[2026-09-15T09:29:38-04:00] Checking for assigned-but-open beads (status=open with assignee)...
[2026-09-15T09:29:38-04:00] Checking for orphaned in-progress beads (status=in_progress without assignee)...
[2026-09-15T09:29:38-04:00] Checking for stale dependency blocks...
[2026-09-15T09:29:38-04:00] === Bead state consistency check completed ===
[2026-09-15T09:44:38-04:00] === Bead state consistency check started ===
[2026-09-15T09:44:38-04:00] Checking for assigned-but-open beads (status=open with assignee)...
[2026-09-15T09:44:38-04:00] Checking for orphaned in-progress beads (status=in_progress without assignee)...
[2026-09-15T09:44:38-04:00] Checking for stale dependency blocks...
[2026-09-15T09:44:38-04:00] === Bead state consistency check completed ===
[2026-09-15T09:59:38-04:00] === Bead state consistency check started ===
[2026-09-15T09:59:38-04:00] Checking for assigned-but-open beads (status=open with assignee)...
[2026-09-15T09:59:38-04:00] Checking for orphaned in-progress beads (status=in_progress without assignee)...
[2026-09-15T09:59:38-04:00] Checking for stale dependency blocks...
[2026-09-15T09:59:38-04:00] === Bead state consistency check completed ===
[2026-09-15T10:14:39-04:00] === Bead state consistency check started ===
[2026-09-15T10:14:39-04:00] Checking for assigned-but-open beads (status=open with assignee)...
[2026-09-15T10:14:39-04:00] Checking for orphaned in-progress beads (status=in_progress without assignee)...
[2026-09-15T10:14:39-04:00] Checking for stale dependency blocks...
[2026-09-15T10:14:39-04:00] === Bead state consistency check completed ===
[2026-09-15T10:29:39-04:00] === Bead state consistency check started ===
[2026-09-15T10:29:39-04:00] Checking for assigned-but-open beads (status=open with assignee)...
[2026-09-15T10:29:39-04:00] Checking for orphaned in-progress beads (status=in_progress without assignee)...
[2026-09-15T10:29:39-04:00] Checking for stale dependency blocks...
[2026-09-15T10:29:39-04:00] === Bead state consistency check completed ===
[2026-09-15T10:44:39-04:00] === Bead state consistency check started ===
[2026-09-15T10:44:39-04:00] Checking for assigned-but-open beads (status=open with assignee)...
[2026-09-15T10:44:39-04:00] Checking for orphaned in-progress beads (status=in_progress without assignee)...
[2026-09-15T10:44:39-04:00] Checking for stale dependency blocks...
[2026-09-15T10:44:39-04:00] === Bead state consistency check completed ===
[2026-09-15T10:59:40-04:00] === Bead state consistency check started ===
[2026-09-15T10:59:40-04:00] Checking for assigned-but-open beads (status=open with assignee)...
[2026-09-15T10:59:40-04:00] Checking for orphaned in-progress beads (status=in_progress without assignee)...
[2026-09-15T10:59:40-04:00] Checking for stale dependency blocks...
[2026-09-15T10:59:40-04:00] === Bead state consistency check completed ===
[2026-09-15T11:14:41-04:00] === Bead state consistency check started ===
[2026-09-15T11:14:41-04:00] Checking for assigned-but-open beads (status=open with assignee)...
[2026-09-15T11:14:41-04:00] Checking for orphaned in-progress beads (status=in_progress without assignee)...
[2026-09-15T11:14:41-04:00] Checking for stale dependency blocks...
[2026-09-15T11:14:41-04:00] === Bead state consistency check completed ===
[2026-09-15T11:29:42-04:00] === Bead state consistency check started ===
[2026-09-15T11:29:42-04:00] Checking for assigned-but-open beads (status=open with assignee)...
[2026-09-15T11:29:42-04:00] Checking for orphaned in-progress beads (status=in_progress without assignee)...
[2026-09-15T11:29:42-04:00] Checking for stale dependency blocks...
[2026-09-15T11:29:42-04:00] === Bead state consistency check completed ===
[2026-09-15T11:44:42-04:00] === Bead state consistency check started ===
[2026-09-15T11:44:42-04:00] Checking for assigned-but-open beads (status=open with assignee)...
[2026-09-15T11:44:42-04:00] Checking for orphaned in-progress beads (status=in_progress without assignee)...
[2026-09-15T11:44:42-04:00] Checking for stale dependency blocks...
[2026-09-15T11:44:42-04:00] === Bead state consistency check completed ===
[2026-09-15T11:59:42-04:00] === Bead state consistency check started ===
[2026-09-15T11:59:42-04:00] Checking for assigned-but-open beads (status=open with assignee)...
[2026-09-15T11:59:42-04:00] Checking for orphaned in-progress beads (status=in_progress without assignee)...
[2026-09-15T11:59:42-04:00] Checking for stale dependency blocks...
[2026-09-15T11:59:42-04:00] === Bead state consistency check completed ===
[2026-09-15T12:14:42-04:00] === Bead state consistency check started ===
[2026-09-15T12:14:42-04:00] Checking for assigned-but-open beads (status=open with assignee)...
[2026-09-15T12:14:42-04:00] Checking for orphaned in-progress beads (status=in_progress without assignee)...
[2026-09-15T12:14:42-04:00] Checking for stale dependency blocks...
[2026-09-15T12:14:42-04:00] === Bead state consistency check completed ===
[2026-09-15T12:29:43-04:00] === Bead state consistency check started ===
[2026-09-15T12:29:43-04:00] Checking for assigned-but-open beads (status=open with assignee)...
[2026-09-15T12:29:43-04:00] Checking for orphaned in-progress beads (status=in_progress without assignee)...
[2026-09-15T12:29:43-04:00] Checking for stale dependency blocks...
[2026-09-15T12:29:43-04:00] === Bead state consistency check completed ===
[2026-09-15T12:44:43-04:00] === Bead state consistency check started ===
[2026-09-15T12:44:43-04:00] Checking for assigned-but-open beads (status=open with assignee)...
[2026-09-15T12:44:43-04:00] Checking for orphaned in-progress beads (status=in_progress without assignee)...
[2026-09-15T12:44:43-04:00] Checking for stale dependency blocks...
[2026-09-15T12:44:43-04:00] === Bead state consistency check completed ===
[2026-09-15T12:59:44-04:00] === Bead state consistency check started ===
[2026-09-15T12:59:44-04:00] Checking for assigned-but-open beads (status=open with assignee)...
[2026-09-15T12:59:44-04:00] Checking for orphaned in-progress beads (status=in_progress without assignee)...
[2026-09-15T12:59:44-04:00] Checking for stale dependency blocks...
[2026-09-15T12:59:44-04:00] === Bead state consistency check completed ===
[2026-09-15T13:14:44-04:00] === Bead state consistency check started ===
[2026-09-15T13:14:44-04:00] Checking for assigned-but-open beads (status=open with assignee)...
[2026-09-15T13:14:44-04:00] Checking for orphaned in-progress beads (status=in_progress without assignee)...
[2026-09-15T13:14:44-04:00] Checking for stale dependency blocks...
[2026-09-15T13:14:44-04:00] === Bead state consistency check completed ===
[2026-09-15T13:29:44-04:00] === Bead state consistency check started ===
[2026-09-15T13:29:44-04:00] Checking for assigned-but-open beads (status=open with assignee)...
[2026-09-15T13:29:44-04:00] Checking for orphaned in-progress beads (status=in_progress without assignee)...
[2026-09-15T13:29:44-04:00] Checking for stale dependency blocks...
[2026-09-15T13:29:44-04:00] === Bead state consistency check completed ===
[2026-09-15T13:44:45-04:00] === Bead state consistency check started ===
[2026-09-15T13:44:45-04:00] Checking for assigned-but-open beads (status=open with assignee)...
[2026-09-15T13:44:45-04:00] Checking for orphaned in-progress beads (status=in_progress without assignee)...
[2026-09-15T13:44:45-04:00] Checking for stale dependency blocks...
[2026-09-15T13:44:45-04:00] === Bead state consistency check completed ===
[2026-09-15T13:59:45-04:00] === Bead state consistency check started ===
[2026-09-15T13:59:45-04:00] Checking for assigned-but-open beads (status=open with assignee)...
[2026-09-15T13:59:45-04:00] Checking for orphaned in-progress beads (status=in_progress without assignee)...
[2026-09-15T13:59:45-04:00] Checking for stale dependency blocks...
[2026-09-15T13:59:45-04:00] === Bead state consistency check completed ===
[2026-09-15T14:14:46-04:00] === Bead state consistency check started ===
[2026-09-15T14:14:46-04:00] Checking for assigned-but-open beads (status=open with assignee)...
[2026-09-15T14:14:46-04:00] Checking for orphaned in-progress beads (status=in_progress without assignee)...
[2026-09-15T14:14:46-04:00] Checking for stale dependency blocks...
[2026-09-15T14:14:46-04:00] === Bead state consistency check completed ===
[2026-09-15T14:29:46-04:00] === Bead state consistency check started ===
[2026-09-15T14:29:46-04:00] Checking for assigned-but-open beads (status=open with assignee)...
[2026-09-15T14:29:46-04:00] Checking for orphaned in-progress beads (status=in_progress without assignee)...
[2026-09-15T14:29:46-04:00] Checking for stale dependency blocks...
[2026-09-15T14:29:46-04:00] === Bead state consistency check completed ===
[2026-09-15T14:44:46-04:00] === Bead state consistency check started ===
[2026-09-15T14:44:46-04:00] Checking for assigned-but-open beads (status=open with assignee)...
[2026-09-15T14:44:46-04:00] Checking for orphaned in-progress beads (status=in_progress without assignee)...
[2026-09-15T14:44:46-04:00] Checking for stale dependency blocks...
[2026-09-15T14:44:46-04:00] === Bead state consistency check completed ===
[2026-09-15T14:59:46-04:00] === Bead state consistency check started ===
[2026-09-15T14:59:46-04:00] Checking for assigned-but-open beads (status=open with assignee)...
[2026-09-15T14:59:46-04:00] Checking for orphaned in-progress beads (status=in_progress without assignee)...
[2026-09-15T14:59:46-04:00] Checking for stale dependency blocks...
[2026-09-15T14:59:46-04:00] === Bead state consistency check completed ===
[2026-09-15T15:14:46-04:00] === Bead state consistency check started ===
[2026-09-15T15:14:46-04:00] Checking for assigned-but-open beads (status=open with assignee)...
[2026-09-15T15:14:46-04:00] Checking for orphaned in-progress beads (status=in_progress without assignee)...
[2026-09-15T15:14:46-04:00] Checking for stale dependency blocks...
[2026-09-15T15:14:46-04:00] === Bead state consistency check completed ===
[2026-09-15T15:29:47-04:00] === Bead state consistency check started ===
[2026-09-15T15:29:47-04:00] Checking for assigned-but-open beads (status=open with assignee)...
[2026-09-15T15:29:47-04:00] Checking for orphaned in-progress beads (status=in_progress without assignee)...
[2026-09-15T15:29:47-04:00] Checking for stale dependency blocks...
[2026-09-15T15:29:47-04:00] === Bead state consistency check completed ===
[2026-09-15T15:44:47-04:00] === Bead state consistency check started ===
[2026-09-15T15:44:47-04:00] Checking for assigned-but-open beads (status=open with assignee)...
[2026-09-15T15:44:47-04:00] Checking for orphaned in-progress beads (status=in_progress without assignee)...
[2026-09-15T15:44:47-04:00] Checking for stale dependency blocks...
[2026-09-15T15:44:47-04:00] === Bead state consistency check completed ===
[2026-09-15T15:59:48-04:00] === Bead state consistency check started ===
[2026-09-15T15:59:48-04:00] Checking for assigned-but-open beads (status=open with assignee)...
[2026-09-15T15:59:48-04:00] Checking for orphaned in-progress beads (status=in_progress without assignee)...
[2026-09-15T15:59:48-04:00] Checking for stale dependency blocks...
[2026-09-15T15:59:48-04:00] === Bead state consistency check completed ===
[2026-09-15T16:14:48-04:00] === Bead state consistency check started ===
[2026-09-15T16:14:48-04:00] Checking for assigned-but-open beads (status=open with assignee)...
[2026-09-15T16:14:48-04:00] Checking for orphaned in-progress beads (status=in_progress without assignee)...
[2026-09-15T16:14:48-04:00] Checking for stale dependency blocks...
[2026-09-15T16:14:48-04:00] === Bead state consistency check completed ===
[2026-09-15T16:29:48-04:00] === Bead state consistency check started ===
[2026-09-15T16:29:48-04:00] Checking for assigned-but-open beads (status=open with assignee)...
[2026-09-15T16:29:48-04:00] Checking for orphaned in-progress beads (status=in_progress without assignee)...
[2026-09-15T16:29:48-04:00] Checking for stale dependency blocks...
[2026-09-15T16:29:48-04:00] === Bead state consistency check completed ===
[2026-09-15T16:44:49-04:00] === Bead state consistency check started ===
[2026-09-15T16:44:49-04:00] Checking for assigned-but-open beads (status=open with assignee)...
[2026-09-15T16:44:49-04:00] Checking for orphaned in-progress beads (status=in_progress without assignee)...
[2026-09-15T16:44:49-04:00] Checking for stale dependency blocks...
[2026-09-15T16:44:49-04:00] === Bead state consistency check completed ===
[2026-09-15T16:59:49-04:00] === Bead state consistency check started ===
[2026-09-15T16:59:49-04:00] Checking for assigned-but-open beads (status=open with assignee)...
[2026-09-15T16:59:49-04:00] Checking for orphaned in-progress beads (status=in_progress without assignee)...
[2026-09-15T16:59:49-04:00] Checking for stale dependency blocks...
[2026-09-15T16:59:49-04:00] === Bead state consistency check completed ===
[2026-09-15T17:14:50-04:00] === Bead state consistency check started ===
[2026-09-15T17:14:50-04:00] Checking for assigned-but-open beads (status=open with assignee)...
[2026-09-15T17:14:50-04:00] Checking for orphaned in-progress beads (status=in_progress without assignee)...
[2026-09-15T17:14:50-04:00] Checking for stale dependency blocks...
[2026-09-15T17:14:50-04:00] === Bead state consistency check completed ===
[2026-09-15T17:29:50-04:00] === Bead state consistency check started ===
[2026-09-15T17:29:50-04:00] Checking for assigned-but-open beads (status=open with assignee)...
[2026-09-15T17:29:50-04:00] Checking for orphaned in-progress beads (status=in_progress without assignee)...
[2026-09-15T17:29:50-04:00] Checking for stale dependency blocks...
[2026-09-15T17:29:50-04:00] === Bead state consistency check completed ===
[2026-09-15T17:44:51-04:00] === Bead state consistency check started ===
[2026-09-15T17:44:51-04:00] Checking for assigned-but-open beads (status=open with assignee)...
[2026-09-15T17:44:51-04:00] Checking for orphaned in-progress beads (status=in_progress without assignee)...
[2026-09-15T17:44:51-04:00] Checking for stale dependency blocks...
[2026-09-15T17:44:51-04:00] === Bead state consistency check completed ===
[2026-09-15T17:59:51-04:00] === Bead state consistency check started ===
[2026-09-15T17:59:51-04:00] Checking for assigned-but-open beads (status=open with assignee)...
[2026-09-15T17:59:51-04:00] Checking for orphaned in-progress beads (status=in_progress without assignee)...
[2026-09-15T17:59:51-04:00] Checking for stale dependency blocks...
[2026-09-15T17:59:51-04:00] === Bead state consistency check completed ===
[2026-09-15T18:14:51-04:00] === Bead state consistency check started ===
[2026-09-15T18:14:51-04:00] Checking for assigned-but-open beads (status=open with assignee)...
[2026-09-15T18:14:51-04:00] Checking for orphaned in-progress beads (status=in_progress without assignee)...
[2026-09-15T18:14:51-04:00] Checking for stale dependency blocks...
[2026-09-15T18:14:51-04:00] === Bead state consistency check completed ===
[2026-09-15T18:29:52-04:00] === Bead state consistency check started ===
[2026-09-15T18:29:52-04:00] Checking for assigned-but-open beads (status=open with assignee)...
[2026-09-15T18:29:52-04:00] Checking for orphaned in-progress beads (status=in_progress without assignee)...
[2026-09-15T18:29:52-04:00] Checking for stale dependency blocks...
[2026-09-15T18:29:52-04:00] === Bead state consistency check completed ===
[2026-09-15T18:44:52-04:00] === Bead state consistency check started ===
[2026-09-15T18:44:52-04:00] Checking for assigned-but-open beads (status=open with assignee)...
[2026-09-15T18:44:52-04:00] Checking for orphaned in-progress beads (status=in_progress without assignee)...
[2026-09-15T18:44:52-04:00] Checking for stale dependency blocks...
[2026-09-15T18:44:52-04:00] === Bead state consistency check completed ===
[2026-09-15T18:59:52-04:00] === Bead state consistency check started ===
[2026-09-15T18:59:52-04:00] Checking for assigned-but-open beads (status=open with assignee)...
[2026-09-15T18:59:52-04:00] Checking for orphaned in-progress beads (status=in_progress without assignee)...
[2026-09-15T18:59:52-04:00] Checking for stale dependency blocks...
[2026-09-15T18:59:52-04:00] === Bead state consistency check completed ===
[2026-09-15T19:14:52-04:00] === Bead state consistency check started ===
[2026-09-15T19:14:52-04:00] Checking for assigned-but-open beads (status=open with assignee)...
[2026-09-15T19:14:52-04:00] Checking for orphaned in-progress beads (status=in_progress without assignee)...
[2026-09-15T19:14:52-04:00] Checking for stale dependency blocks...
[2026-09-15T19:14:52-04:00] === Bead state consistency check completed ===
[2026-09-15T19:29:53-04:00] === Bead state consistency check started ===
[2026-09-15T19:29:53-04:00] Checking for assigned-but-open beads (status=open with assignee)...
[2026-09-15T19:29:53-04:00] Checking for orphaned in-progress beads (status=in_progress without assignee)...
[2026-09-15T19:29:53-04:00] Checking for stale dependency blocks...
[2026-09-15T19:29:53-04:00] === Bead state consistency check completed ===
